{"name": "List_of_NBA_players_with_most_championships", "identifier": "9UA9ALDXAJ", "description": null, "parentIntentSignature": null, "sampleUtterances": [{"utterance": "Bill Russell won 11 championships with the Boston Celtics ."}, {"utterance": "This is a list of NBA players with most championships won as a player."}, {"utterance": "The National Basketball Association (NBA) is a major professional basketball league in North America."}, {"utterance": "It was founded in 1946 as the Basketball Association of America (BAA)."}, {"utterance": "The league adopted its current name at the start of the when it merged with the National Basketball League (NBL)."}, {"utterance": "The NBA Finals is the championship series for the NBA and the conclusion of the sport's postseason ."}, {"utterance": "The winning team of the series receives the Larry O'Brien Championship Trophy ."}, {"utterance": "Players from the winning team usually receive championship rings from the team honoring their contribution."}, {"utterance": "However, in some rare occasion, the teams opted to gave other commemorative items, such as wrist watches, instead of rings."}, {"utterance": "The number of championships won by NBA superstars is often used as a measurement of their greatness."}, {"utterance": "Boston Celtics center Bill Russell holds the record for the most NBA championships won with 11 titles during his 13-year playing career."}, {"utterance": "He won his first championship with the Boston Celtics in his rookie year ."}, {"utterance": "Afterwards, he went on to win 10 championships in the next 12 years, including eight consecutive championships from 1959 to 1966 ."}, {"utterance": "He won the last two championships in 1968 and 1969 as player-coach ."}, {"utterance": "Russell's teammate, Sam Jones , won 10 championships from 1959 to 1969, the second most in NBA history."}, {"utterance": "Four Celtics players, Tom Heinsohn , K. C. Jones , Satch Sanders and John Havlicek , won eight championships each."}, {"utterance": "Two other Celtics, Jim Loscutoff and Frank Ramsey , won seven championships each."}, {"utterance": "Four players, Bob Cousy , Kareem Abdul-Jabbar , Michael Jordan and Scottie Pippen , won six championships each."}], "intentConfirmationSetting": null, "intentClosingSetting": {"isActive": true, "closingResponse": {"allowInterrupt": true, "messageGroupsList": [{"message": {"imageResponseCard": null, "ssmlMessage": null, "customPayload": null, "plainTextMessage": {"value": "Intent Received: List_of_NBA_players_with_most_championships"}}, "variations": null}]}, "nextStep": {"intent": {"name": null, "slots": null}, "dialogAction": {"type": "EndConversation", "suppressNextMessage": null, "slotToElicit": null}, "sessionAttributes": null}}, "initialResponseSetting": {"initialResponse": null, "codeHook": null, "conditional": null, "nextStep": {"intent": {"name": null, "slots": null}, "dialogAction": {"type": "CloseIntent", "suppressNextMessage": null, "slotToElicit": null}, "sessionAttributes": null}}, "inputContexts": null, "outputContexts": null, "kendraConfiguration": null, "dialogCodeHook": null, "fulfillmentCodeHook": null, "slotPriorities": []}