{"name": "World_War_I", "identifier": "9UA9ALDXAJ", "description": null, "parentIntentSignature": null, "sampleUtterances": [{"utterance": "World War I (WWI) was a global war centred in Europe that began on 28 July 1914 and lasted until 11 November 1918."}, {"utterance": "It was predominantly called the World War or the Great War from its occurrence until the start of World War II in 1939, and the First World War or World War I thereafter."}, {"utterance": "It involved all the world's great powers , which were assembled in two opposing alliances: the Allies (based on the Triple Entente of the United Kingdom , France and Russia ) and the Central Powers (originally the Triple Alliance of Germany, Austria-Hungary and Italy ; but, as Austria\u2013Hungary had taken the offensive against the agreement, Italy did not enter into the war)."}, {"utterance": "These alliances were both reorganised and expanded as more nations entered the war: Italy, Japan and the United States joined the Allies, and the Ottoman Empire and Bulgaria the Central Powers."}, {"utterance": "Ultimately, more than 70 million military personnel, including 60 million Europeans, were mobilised in one of the largest wars in history."}, {"utterance": "More than 9 million combatants were killed , largely because of technological advancements that led to enormous increases in the lethality of weapons without corresponding improvements in protection or mobility."}, {"utterance": "It was the fifth- deadliest conflict in world history, subsequently paving the way for various political changes, such as revolutions in many of the nations involved."}, {"utterance": "One of the long-term causes of the war was the resurgence of imperialism in the foreign policies of the great powers of Europe."}, {"utterance": "More immediately, the assassination of Archduke Franz Ferdinand of Austria , the heir to the throne of Austria-Hungary, on 28 June 1914 by Yugoslav nationalist Gavrilo Princip in Sarajevo triggered a diplomatic crisis when Austria-Hungary subsequently delivered an ultimatum to the Kingdom of Serbia ."}, {"utterance": "Several alliances formed over the previous decades were invoked."}, {"utterance": "Within weeks, the major powers were at war and, via their colonies, the conflict soon spread around the world."}, {"utterance": "On 28 July, the Austro-Hungarians fired the first shots of the war as preparation for the invasion of Serbia ."}, {"utterance": "While the Russians mobilised, the Germans invaded neutral Belgium and Luxembourg on the way to France, providing a casus belli for Britain's declaration of war against Germany."}, {"utterance": "After the German march on Paris was brought to a halt\u2014the so-called Miracle of the Marne \u2014the Western Front settled into a static battle of attrition with a trench line that changed little until 1917."}, {"utterance": "On the Eastern Front , the Russian army was successful against the Austro-Hungarians, but was stopped in its invasion of East Prussia by the Germans."}, {"utterance": "In November the Ottoman Empire joined the war, opening up fronts in the Caucasus, Mesopotamia and the Sinai."}, {"utterance": "Italy and Bulgaria went to war in 1915 and Romania in 1916."}, {"utterance": "In Russia, the tsar's government collapsed in March 1917 and a subsequent revolution in November brought the Russians to terms with the Central Powers."}, {"utterance": "After a 1918 German offensive along the western front, the Allies drove back the Germans in a series of successful offensives and American forces began entering the trenches."}, {"utterance": "Germany, which had its own trouble with revolutionaries , agreed to an armistice on 11 November 1918."}, {"utterance": "The war ended in victory for the Allies."}, {"utterance": "Events on the home fronts were as tumultuous as on the battle fronts, as the participants tried to mobilize their manpower and economic resources to fight a total war ."}], "intentConfirmationSetting": null, "intentClosingSetting": {"isActive": true, "closingResponse": {"allowInterrupt": true, "messageGroupsList": [{"message": {"imageResponseCard": null, "ssmlMessage": null, "customPayload": null, "plainTextMessage": {"value": "Intent Received: World_War_I"}}, "variations": null}]}, "nextStep": {"intent": {"name": null, "slots": null}, "dialogAction": {"type": "EndConversation", "suppressNextMessage": null, "slotToElicit": null}, "sessionAttributes": null}}, "initialResponseSetting": {"initialResponse": null, "codeHook": null, "conditional": null, "nextStep": {"intent": {"name": null, "slots": null}, "dialogAction": {"type": "CloseIntent", "suppressNextMessage": null, "slotToElicit": null}, "sessionAttributes": null}}, "inputContexts": null, "outputContexts": null, "kendraConfiguration": null, "dialogCodeHook": null, "fulfillmentCodeHook": null, "slotPriorities": []}