{"name": "KFC", "identifier": "9UA9ALDXAJ", "description": null, "parentIntentSignature": null, "sampleUtterances": [{"utterance": "KFC (Kentucky Fried Chicken) is a fast food restaurant chain headquartered in Louisville, Kentucky , United States, which specializes in fried chicken ."}, {"utterance": "An \"American icon\", it is the world's second largest restaurant chain overall (as measured by sales) after McDonald's , with over 18,000 outlets in 120 countries and territories ."}, {"utterance": "The company is a subsidiary of Yum!"}, {"utterance": "Brands , a restaurant company which also owns Pizza Hut and Taco Bell ."}, {"utterance": "KFC was founded by Harland Sanders , who began selling fried chicken from his roadside restaurant in Corbin, Kentucky during the Great Depression ."}, {"utterance": "Sanders was one of the first people to see the potential of the restaurant franchising concept, with the first \"Kentucky Fried Chicken\" franchise opening in Utah in 1952."}, {"utterance": "The franchise popularized chicken in the fast food industry, thereby diversifying the market and challenging the dominance of the hamburger ."}, {"utterance": "Marketing himself as \"Colonel Sanders\", he became a legendary figure of American cultural history, and his image is still prominently used in KFC branding."}, {"utterance": "The company's rapid expansion saw it grow too large for Sanders to manage, and in 1964 he sold the company to a group of investors led by John Y. Brown, Jr. and Jack Massey ."}, {"utterance": "KFC was one of the first fast food chains to expand internationally, opening outlets in England, Mexico and Puerto Rico by the mid-1960s."}, {"utterance": "Throughout the 1970s and 1980s, KFC experienced mixed fortunes domestically, as it went through a series of corporate owners who had little or no experience in the restaurant business."}, {"utterance": "In the early 1970s, KFC was sold to the spirits firm Heublein , who were taken over by the R.J. Reynolds food and tobacco conglomerate, who sold the chain to PepsiCo ."}, {"utterance": "The chain continued to expand overseas however, and in 1987 KFC became the first Western restaurant chain to open in China."}, {"utterance": "The chain has since expanded rapidly in China, and the country is now the company's most profitable market."}, {"utterance": "PepsiCo spun off its restaurants division as Tricon Global Restaurants , which later changed its name to Yum!"}, {"utterance": "Brands."}, {"utterance": "KFC primarily sells fried chicken pieces and variations such as chicken sandwiches and wraps , salads and side dishes such as French fries and coleslaw , desserts and soft drinks , often supplied by PepsiCo ."}], "intentConfirmationSetting": null, "intentClosingSetting": {"isActive": true, "closingResponse": {"allowInterrupt": true, "messageGroupsList": [{"message": {"imageResponseCard": null, "ssmlMessage": null, "customPayload": null, "plainTextMessage": {"value": "Intent Received: KFC"}}, "variations": null}]}, "nextStep": {"intent": {"name": null, "slots": null}, "dialogAction": {"type": "EndConversation", "suppressNextMessage": null, "slotToElicit": null}, "sessionAttributes": null}}, "initialResponseSetting": {"initialResponse": null, "codeHook": null, "conditional": null, "nextStep": {"intent": {"name": null, "slots": null}, "dialogAction": {"type": "CloseIntent", "suppressNextMessage": null, "slotToElicit": null}, "sessionAttributes": null}}, "inputContexts": null, "outputContexts": null, "kendraConfiguration": null, "dialogCodeHook": null, "fulfillmentCodeHook": null, "slotPriorities": []}