{"name": "Buddhism_by_country", "identifier": "9UA9ALDXAJ", "description": null, "parentIntentSignature": null, "sampleUtterances": [{"utterance": "Confucianism , Taoism , and Buddhism are one, a painting in the litang style portraying three men laughing by a river stream, 12th century, Song Dynasty ."}, {"utterance": "Estimating the number of Buddhists in the world, or in many countries, is difficult due to definitional issues as well as practical problems of enumeration."}, {"utterance": "To begin with, the religious beliefs, practices, and identities of East Asians (who comprise the majority of the world's Buddhists by any measure) often blend Buddhism with other traditions including Confucianism , the Chinese folk religion , Daoism , Shinto , and Korean shamanism ."}, {"utterance": "Most followers of Buddhism do not belong to structured congregations, or observe a definite ritual of adherence such as taking Refuge , making it difficult to accurately estimate the number of practitioners."}, {"utterance": "An additional challenge is the hostility of several national governments (often Communist ones such as China or North Korea) to religion generally or to Buddhism specifically."}, {"utterance": "Government policies in these countries may encourage the under-reporting or non-reporting of religious adherence, resulting in official totals that may drastically underestimate the number of religious practitioners in these countries."}, {"utterance": "Estimate of the worldwide Buddhist population range from 350 million to over one billion, but cluster nearer to the first figure."}, {"utterance": "Adherents.com (as of 2012) suggests a figure of 397 million."}, {"utterance": "By major branches, the numbers are as follows:"}, {"utterance": "(1) Mahayana Buddhism, including East Asian Buddhism , with no fewer than 185 million adherents, and possibly several times that many (again, depending on definitional issues)."}, {"utterance": "This is the predominant form of Buddhism practiced in China, South Korea, Japan, Taiwan, Singapore, and Vietnam."}, {"utterance": "(2) Theravada Buddhism, with no fewer than 125 million adherents."}, {"utterance": "This is the predominant form of Buddhism practiced in Cambodia, Thailand, Laos, Sri Lanka, and Burma."}, {"utterance": "(3) Vajrayana Buddhism, with approximately 20 million adherents."}, {"utterance": "This form predominates in the greater Tibetan and Mongolian regions, as well as in the Himalayas ."}, {"utterance": "Besides the independent countries of Mongolia and Bhutan, and various territories within what is now western China, Vajrayana is traditional to certain regions of Russia (e.g. Kalmykia , Buryatia ), India (e.g. Ladakh , Sikkim ), and Nepal (e.g. Khumbu )."}, {"utterance": "Vajrayana , also known as Tibetan Buddhism , is often conflated with Tantric Buddhism , but this is imprecise, as Shingon and other forms of East Asian Buddhism also practice tantra."}, {"utterance": "At least 7 countries (Sri Lanka, Thailand, Cambodia, Laos, Burma, Bhutan, and Mongolia) have unambiguous Buddhist majorities."}], "intentConfirmationSetting": null, "intentClosingSetting": {"isActive": true, "closingResponse": {"allowInterrupt": true, "messageGroupsList": [{"message": {"imageResponseCard": null, "ssmlMessage": null, "customPayload": null, "plainTextMessage": {"value": "Intent Received: Buddhism_by_country"}}, "variations": null}]}, "nextStep": {"intent": {"name": null, "slots": null}, "dialogAction": {"type": "EndConversation", "suppressNextMessage": null, "slotToElicit": null}, "sessionAttributes": null}}, "initialResponseSetting": {"initialResponse": null, "codeHook": null, "conditional": null, "nextStep": {"intent": {"name": null, "slots": null}, "dialogAction": {"type": "CloseIntent", "suppressNextMessage": null, "slotToElicit": null}, "sessionAttributes": null}}, "inputContexts": null, "outputContexts": null, "kendraConfiguration": null, "dialogCodeHook": null, "fulfillmentCodeHook": null, "slotPriorities": []}