{"name": "Geography", "identifier": "9UA9ALDXAJ", "description": null, "parentIntentSignature": null, "sampleUtterances": [{"utterance": "['This is the central of the \"Three Parallel Rivers\" that name a UNESCO World Heritage Site. The Pak Mun dam is located at the confluence of this river and its tributary, the Mun River. A \"Friendship Bridge\" spanning this river forces users to change over driving side when going from Savannakhet Province to Mukdahan Province. Pyotr Kozlov discovered that this river\\'s source is the Lasagongma Spring on Mount Guozongmucha. Runoff from the Tonle Sap reservoir enters this river when the T"}, {"utterance": "['The only man-made island in this chain is Longue Vue Island, while the lands of Zavikon Island are connected by a famously small bridge. Other islands in this group include Dark Island, which is home to the Singer Towers, and one once known as Hemlock Island and now called Heart Island, which is home to Boldt Castle. One can reach this chain by its namesake bridge, which runs from Collins Landing near Alexandria Bay and connects Wellesley Island and Hill Island to Interstate-84; that"}], "intentConfirmationSetting": null, "intentClosingSetting": {"isActive": true, "closingResponse": {"allowInterrupt": true, "messageGroupsList": [{"message": {"imageResponseCard": null, "ssmlMessage": null, "customPayload": null, "plainTextMessage": {"value": "Intent Received: Geography"}}, "variations": null}]}, "nextStep": {"intent": {"name": null, "slots": null}, "dialogAction": {"type": "EndConversation", "suppressNextMessage": null, "slotToElicit": null}, "sessionAttributes": null}}, "initialResponseSetting": {"initialResponse": null, "codeHook": null, "conditional": null, "nextStep": {"intent": {"name": null, "slots": null}, "dialogAction": {"type": "CloseIntent", "suppressNextMessage": null, "slotToElicit": null}, "sessionAttributes": null}}, "inputContexts": null, "outputContexts": null, "kendraConfiguration": null, "dialogCodeHook": null, "fulfillmentCodeHook": null, "slotPriorities": []}