{"name": "United_States", "identifier": "9UA9ALDXAJ", "description": null, "parentIntentSignature": null, "sampleUtterances": [{"utterance": "The United States of America (USA or U.S.A.), commonly called the United States (US or U.S.) or America, is a federal republic consisting of fifty states and a federal district ."}, {"utterance": "The lower forty-eight contiguous states and the federal district of Washington, D.C. are in central North America between Canada and Mexico."}, {"utterance": "The state of Alaska is west of Canada and east of Russia across the Bering Strait, and the state of Hawaii is in the mid-North Pacific."}, {"utterance": "The country also has five populated and nine unpopulated territories in the Pacific and the Caribbean."}, {"utterance": "At 3.79 million square miles (9.83 million km2) and with around 315 million people, the United States is the third- or fourth-largest country by total area and the third-largest by both land area and population ."}, {"utterance": "It is one of the world's most ethnically diverse and multicultural nations, the product of large-scale immigration from many countries ."}, {"utterance": "The geography and climate of the U.S. is also extremely diverse, with deserts, plains, forests, and mountains that are home to a wide variety of species."}, {"utterance": "Paleoindians migrated from Asia to what is now the United States mainland around 15,000 years ago."}, {"utterance": "After 1500, Old World diseases introduced by Europeans greatly reduced their populations."}, {"utterance": "European colonization began around 1600 and came mostly from England."}, {"utterance": "The United States emerged from thirteen British colonies located along the Atlantic seaboard."}, {"utterance": "Disputes between Great Britain and the American colonies led to the American Revolution ."}, {"utterance": "On July 4, 1776, delegates from the 13 colonies unanimously issued the Declaration of Independence , which established the United States of America."}, {"utterance": "The American Revolutionary War , which ended with the recognition of independence of the United States from the Kingdom of Great Britain , was the first successful war of independence against a European colonial empire ."}, {"utterance": "The current Constitution was adopted on September 17, 1787; twenty-seven Amendments have since been added to the Constitution."}, {"utterance": "The first ten amendments, collectively named the Bill of Rights , were ratified in 1791 and guarantee many fundamental civil rights and freedoms ."}, {"utterance": "Driven by the doctrine of manifest destiny , the United States embarked on a vigorous expansion across North America throughout the 19th century."}, {"utterance": "This involved displacing native tribes , acquiring new territories , and gradually admitting new states."}, {"utterance": "The American Civil War ended legalized slavery in the United States."}, {"utterance": "By the end of the nineteenth century, the United States extended into the Pacific Ocean, and its economy was the world's largest."}, {"utterance": "The Spanish\u2013American War and confirmed the country's status as a global military power."}, {"utterance": "The United States emerged from as a global superpower , the first country with nuclear weapons , and a permanent member of the United Nations Security Council ."}], "intentConfirmationSetting": null, "intentClosingSetting": {"isActive": true, "closingResponse": {"allowInterrupt": true, "messageGroupsList": [{"message": {"imageResponseCard": null, "ssmlMessage": null, "customPayload": null, "plainTextMessage": {"value": "Intent Received: United_States"}}, "variations": null}]}, "nextStep": {"intent": {"name": null, "slots": null}, "dialogAction": {"type": "EndConversation", "suppressNextMessage": null, "slotToElicit": null}, "sessionAttributes": null}}, "initialResponseSetting": {"initialResponse": null, "codeHook": null, "conditional": null, "nextStep": {"intent": {"name": null, "slots": null}, "dialogAction": {"type": "CloseIntent", "suppressNextMessage": null, "slotToElicit": null}, "sessionAttributes": null}}, "inputContexts": null, "outputContexts": null, "kendraConfiguration": null, "dialogCodeHook": null, "fulfillmentCodeHook": null, "slotPriorities": []}