{"name": "Steam_engine", "identifier": "9UA9ALDXAJ", "description": null, "parentIntentSignature": null, "sampleUtterances": [{"utterance": "An 1817 Boulton & Watt beam blowing engine , used in Netherton at the ironworks of M W Grazebrook."}, {"utterance": "Re-erected on the A38(M) in Birmingham, UK"}, {"utterance": "A steam engine is a heat engine that performs mechanical work using steam as its working fluid ."}, {"utterance": "Using boiling water to produce mechanical motion goes back about 2,000 years, but early devices were not practical."}, {"utterance": "Since the late 1700s steam engines have become a major source of mechanical power."}, {"utterance": "The first applications were removing water from mines."}, {"utterance": "In 1781 James Watt patented a steam engine that produced continuous rotative motion."}, {"utterance": "These 10 hp engines enabled a wide range of manufacturing machinery to be powered."}, {"utterance": "The engines could be sited anywhere that water and coal or wood fuel could be obtained."}, {"utterance": "By 1883, engines that could provide 10,000 hp had become feasible."}, {"utterance": "Steam engines could also be applied to vehicles such as traction engines and the railway locomotives which are commonly just called steam engines outside America."}, {"utterance": "The stationary steam engine was a key component of the Industrial Revolution , allowing factories to locate where water power was unavailable."}, {"utterance": "Today steam turbines generate about 90% of the electric power in the United States using a variety of heat sources."}, {"utterance": "Steam engines are external combustion engines , where the working fluid is separate from the combustion products."}, {"utterance": "Non-combustion heat sources such as solar power , nuclear power or geothermal energy may be used."}, {"utterance": "The ideal thermodynamic cycle used to analyze this process is called the Rankine cycle ."}, {"utterance": "In the cycle, water is heated into steam in a boiler until it reaches a high pressure."}, {"utterance": "When expanded through pistons or turbines, mechanical work is done."}], "intentConfirmationSetting": null, "intentClosingSetting": {"isActive": true, "closingResponse": {"allowInterrupt": true, "messageGroupsList": [{"message": {"imageResponseCard": null, "ssmlMessage": null, "customPayload": null, "plainTextMessage": {"value": "Intent Received: Steam_engine"}}, "variations": null}]}, "nextStep": {"intent": {"name": null, "slots": null}, "dialogAction": {"type": "EndConversation", "suppressNextMessage": null, "slotToElicit": null}, "sessionAttributes": null}}, "initialResponseSetting": {"initialResponse": null, "codeHook": null, "conditional": null, "nextStep": {"intent": {"name": null, "slots": null}, "dialogAction": {"type": "CloseIntent", "suppressNextMessage": null, "slotToElicit": null}, "sessionAttributes": null}}, "inputContexts": null, "outputContexts": null, "kendraConfiguration": null, "dialogCodeHook": null, "fulfillmentCodeHook": null, "slotPriorities": []}