[{"id": "322113a4-30c7-4c99-8461-fbe07009bd3a", "data": [{"text": "['After this character relates a story about how he didn\\'t know the proper way to use a wheelbarrow, he tells of how a captain dining with his father mistakenly rubbed his hands in a punch bowl.\\xa0This \"sea Prince of Wales\" leaves his home by hiding out in a canoe near a coral reef, and he is mistakenly called \"Hedgehog\" by a character who offers him a ninetieth lay, a partner of Bildad named Peleg. A door is broken down in Mrs. Hussey\\'s establishment after he locks himself in his r", "userDefined": false}], "isTemplate": false, "count": 0, "lang": "en", "updated": 0}, {"id": "d8be245b-1da0-48cb-a8c7-610fc0038dd4", "data": [{"text": "['This man compared the actions of Joe McCarthy to \"burning down the house to kill the rats.\" In response, Richard Nixon called him \"a\\xa0PhD from Dean Acheson\\'s cowardly college of Communist containment\" and attacked him for testifying as a character witness for Alger Hiss. This politician vetoed a bill requiring loyalty oaths for teachers and state employees while serving as governor. This man confronted Valerian Zorin, calling for him to \"answer yes or no\" during the Cuban Missile ", "userDefined": false}], "isTemplate": false, "count": 0, "lang": "en", "updated": 0}]