[{"id": "fc9a11ac-807e-4b04-8f64-4d5b7f903999", "data": [{"text": "For an ideal gas, this quantity is equal to the number of moles times Boltzmann's constant, times the sum of five halves and the natural log of the quantity one over moles times volume divided by the cube of the thermal wavelength. For molecules in a solid, this quantity can be expressed as one over temperature times the difference between internal energy and zero point energy, plus the natural log of the rotational partition function times the product of moles and Boltzmann's constant", "userDefined": false}], "isTemplate": false, "count": 0, "lang": "en", "updated": 0}, {"id": "4218fdc2-9cb0-4a33-af14-d90a9c62912b", "data": [{"text": "CAAX is a recognition motif for an enzyme that adds this type of molecule to Ras and other proteins.  The cyclization of these compounds involves enzymes with an \"aspartate-rich\" DXXDD motif that produce intermediates like bornyl diphosphate.  Biosynthesis of some of these compounds, such as artemesinin, takes place in specialized secretory structures like glandular trichomes, where a plastidial type of synthesis is employed.  Enzymes important in their production include DXR and HMGR,", "userDefined": false}], "isTemplate": false, "count": 0, "lang": "en", "updated": 0}, {"id": "2908afd2-72e3-4898-a317-da3f429c0b9b", "data": [{"text": "In zeolite pores, a confinement effect that acts primarily upon this entity reduces the gap between it and its counterpart.  The ionization potential of a closed-shell system may be determined by ascertaining the negative of its energy, a relationship described by Koopman's theorem. Walsh's rule predicts that molecular structures are predicated on the stability of these, while in ring-opening electrocyclic reactions, their symmetry directs the symmetry of the newly formed p-orbitals.  ", "userDefined": false}], "isTemplate": false, "count": 0, "lang": "en", "updated": 0}, {"id": "3fe9fc2d-f84c-4415-98d7-1460c832be19", "data": [{"text": "If one parameter from this theory is considered to be temperature dependent, then the miscibility gaps in the G-phi diagrams are easily characterized. In this theory, molecules are said to become unperturbed at the theta temperature as they cannot feel the presence of other segments. Staverman's name is sometimes appended to this theory, and central to this theory is a quantity that approaches 1/2 for large molecules. That quantity is a function of the coordination number times lattice", "userDefined": false}], "isTemplate": false, "count": 0, "lang": "en", "updated": 0}, {"id": "ebdcf2f6-3c76-4f76-aff4-a25c3a8565e6", "data": [{"text": "One superacid shaped like an icosahedron features a skeleton almost entirely composed of this element. The selectrides are a group of reducing agents featuring this element bonded to three sec-butyl groups, and Tthe nitrogen atom in proline binds to this element in the Corey-Bakshi-Shibata catalyst. Aryl- and vinyl- acids containing this element react with aryl- and vinyl-halides on catalytic palladium in the Suzuki reaction. Anti-Markovnikov addition is a feature of the best-known rea", "userDefined": false}], "isTemplate": false, "count": 0, "lang": "en", "updated": 0}, {"id": "c49aa75f-dae6-4731-8845-119e6269e1e8", "data": [{"text": "Whereas the Meerwein-Ponndorf-Verley reduction produces an alcohol, Oppenauer oxidation results in a compound with this functional group. Dithianes and dithiolanes can be used to protect this functional group, which can be then be restored with the Corey-Seebach reaction, although a more common approach to protection uses alcohols and an acid catalyst to create hemiacetals and acetals. An oxygen atom can be added adjacent to this functional group via Baeyer-Villiger oxidation, resultin", "userDefined": false}], "isTemplate": false, "count": 0, "lang": "en", "updated": 0}, {"id": "2e5b85ae-d6e6-491d-9c10-c6a2abac5c99", "data": [{"text": "A complementary reaction to this one is often used to prepare alpha, beta-unsaturated esters and is known as the Wadsworth-Emmons reaction. Along with an alcohol, a product of this reaction can be used with diethyl azodicarboxylate in the Mitsnobu reaction, and that product is also a side product in synthesizing amines in the Staudinger reaction. A modification of this reaction uses phenyllithium and hydrochloric acid at low temperatures, to get the reaction mechanism, converting the e", "userDefined": false}], "isTemplate": false, "count": 0, "lang": "en", "updated": 0}, {"id": "9e9499bf-26d8-48b1-89f5-8cce78934a4e", "data": [{"text": "A compound of this element is found is Cornforth's reagent, and the first carbene characterized by Fischer contained this metal, as did the first carbyne. The Takai olefination uses a compound with this metal bound to two halogen groups. This metal is found in the active compounds of the Corey-Suggs Reagent and the Collins reagent, where it is mixed with pyridine. This metal is able to create a quintuple bond with itself, and another reagent that contains two atoms of it and seven oxyg", "userDefined": false}], "isTemplate": false, "count": 0, "lang": "en", "updated": 0}, {"id": "fa4ee815-c433-452f-b1b8-29d77589f16c", "data": [{"text": "One type of this technique is beneficial because of the higher signals produced, the so-called Jacquinot Advantage. Another form of this technique, developed from techniques used in NMR, uses picosecond-long exposures to track dynamics, the so-called two dimensional or color-correlated form of it. Samples can either be ground into a nonvolatile mull of nujol or spread across a pair of salt plates. In this technique, higher stretching frequencies tend to correspond to bonds to lighter e", "userDefined": false}], "isTemplate": false, "count": 0, "lang": "en", "updated": 0}, {"id": "83d65df6-8bd2-412d-952e-a16cc050e834", "data": [{"text": "The cooperative pseudo- form of this phenomenon has been linked to the vibronic theory of ferroelectricity. A version of this phenomenon arising from mixing of two or more interacting states was studied by Opik and Pryce. The Ham factor is used to simplify calculations of electronic and vibronic properties affected by this phenomenon. It is frequently observed in complexes where the e-sub-g orbitals contain an odd number of electrons, as in compounds of copper(II). For 10 points, name ", "userDefined": false}], "isTemplate": false, "count": 0, "lang": "en", "updated": 0}, {"id": "f0570562-cf4a-4048-8f9b-ffad9afb025d", "data": [{"text": "One useful approximation in this theory uses variationally minimized matrix elements that act as coefficients in a linear combination of orthonormal basis functions due to single atoms. Its namesake constructs are the eigenfunctions of the Fock operator, and the square moduli of the entities it concerns give the distribution of electrons due to more than one nucleus. Its namesake entities can be determined by the aforementioned LCAO approximation, can be visualized by hybridizations su", "userDefined": false}], "isTemplate": false, "count": 0, "lang": "en", "updated": 0}, {"id": "d5cee4ba-0e3d-4647-850c-1495117aca47", "data": [{"text": "The Williams-Landel-Ferry model provides more accurate predictions for viscosity at higher temperatures than this related equation. This equation is similar in form to an equation based on transition state theory named after Polanyi and Eyring. Derived largely from collision theory, it includes one term based partially on the number of collisions in the system, as well as a term equal to e to the negative capital E-sub-a over RT. Preceded by a pre-exponential or steric factor typically", "userDefined": false}], "isTemplate": false, "count": 0, "lang": "en", "updated": 0}, {"id": "7b7e3499-679b-4aa9-b925-e12a4bd3f226", "data": [{"text": "The phenyl type of these compounds can be reacted with a Lewis acid to form a hydroxy aryl ketone via the Fries rearrangement.  They can be made from Pinner salts and water, or in the Favorskii rearrangement by reacting an alpha-halo ketone with an alkoxide. Cyclic beta-keto ones are formed from a molecule with two of its defining functional groups in the Dieckmann cyclization, and the base-catalyzed hydrolysis of their namesake linkages, especially in fat, is known as saponification. ", "userDefined": false}], "isTemplate": false, "count": 0, "lang": "en", "updated": 0}, {"id": "bb365956-6e3d-40ba-887c-f90a03fdf4b6", "data": [{"text": "The Schlenk equilibrium, which can be affected by the presence of dioxane, describes the stability of these compounds, whose synthesis can be improved by the addition of mercuric chloride amalgamates. They react with nitriles to form intermediate imine anions, and dry carbon dioxide can be bubbled through them to create carboxylic acids, which themselves do not form an addition product with these. In what is sometimes called their namesake's reaction, they act as strong nucleophiles to", "userDefined": false}], "isTemplate": false, "count": 0, "lang": "en", "updated": 0}, {"id": "553dde8a-f06c-421c-bd4d-a0fc2f291ea3", "data": [{"text": "This man's work inspired Albert Eschenmoser to use an allylic alcohol to make a gamma-delta unsaturated amide. He described namesake syntheses of isatins and cinnamates, and the Chen-Mapp reaction is sometimes named after him and Stuadinger. LDA can be reacted with allylic acetate in a rearrangement named for this man and Ireland. Also known for his rearrangement of allyl phenyl ether, the reaction named for himself and Schmidt will react aryl ketones with benzaldehyde derivatives. He'", "userDefined": false}], "isTemplate": false, "count": 0, "lang": "en", "updated": 0}, {"id": "d27a9e95-7e54-448a-8798-276669082e0d", "data": [{"text": "One man with this last name gives his name to some organic reactions including a dithiane addition named for him and Seebach, an oxidation of alcohols with dimethyl sulfide named for him and Kim, and an olefin synthesis named for him and Winter. Another scientist with this last name, along with Pauling and Koltun, gives his name to a color scheme used to model and visualize molecules. In addition to naming a reduction with Bakshi and Shibata, that first man coined the term \"retrosynthe", "userDefined": false}], "isTemplate": false, "count": 0, "lang": "en", "updated": 0}, {"id": "485d2ea8-67b0-4456-b862-fdd56cd4ce29", "data": [{"text": "Judd-Ofelt theory is used to predict the luminescent properties in these and characterize their electric-dipole transitions. McCoy's method can be used to separate them, and Axel Cr?nstedt is believed to have discovered the first of them. All of them, except for two, contain trivalent cations, some of which can interfere with calcium channels in the human body. Most are derived from a tetragonal xenotime or monoclinic monazite. The Sparkle model is a computational chemistry technique t", "userDefined": false}], "isTemplate": false, "count": 0, "lang": "en", "updated": 0}, {"id": "478199d2-2cb1-41ca-8a46-804d1ac65cfb", "data": [{"text": "This method's breakdown is the subject of the DeRosier problem. The zone of equilibrium in this technique is known as a \"theoretical plate,\" and one type of this process uses a spinning band of Teflon. One setup for using this technique is called the Perkin triangle, which can be used when air-sensitive compounds are subjected to the \"vacuum\" type of this. One technique for performing this can use a Vigreaux column, or the cheaper Liebeg condenser. Many types of this process do not wor", "userDefined": false}], "isTemplate": false, "count": 0, "lang": "en", "updated": 0}, {"id": "62e969da-a36b-4fd1-9584-cc802ff0fe32", "data": [{"text": "A quantitative test for them involves the addition of alcoholic silver nitrate solution, which follows the Zeisel test where they are cleaved using strong acids. Anisole and THF are compounds with this functional group, and a special type of these can be produced by reacting alkenes with peroxy acids. They can be produced by reacting an alkyl halide with an alcoxide produced from an alcohol in the Williamson synthesis, and the Crown varieties are used as solvents for Grignard reagents.", "userDefined": false}], "isTemplate": false, "count": 0, "lang": "en", "updated": 0}, {"id": "8f80c919-9651-485e-b29b-eaf28717e377", "data": [{"text": "This functional group is the product of the Petasis reaction, which combines a carbonyl compound with one of these to create a more complicated one. The Kabachnik-Fields reaction combines one of these with a carbonyl and a hydro-phosphoryl in a reaction that is often the first step in creating peptidomimetic compounds. The Mannich reaction creates a secondary or tertiary one, while the product of the Strecker synthesis includes one of these and a carboxylic acid.  Often created by the ", "userDefined": false}], "isTemplate": false, "count": 0, "lang": "en", "updated": 0}]