[{"id": "866073c5-98db-49d7-bdda-d7589052f4f4", "data": [{"text": "In one work written in this language, the protagonist turns into a donkey and is cured when he eats a wreath after joining the cult of Isis. The narrator and his sixteen-year-old male lover Giton journey to Trimalchio's feast in another novel written in this language. It was used to pen Apuleius's The Golden Ass and to write a series of poems in which the people demand \"bread and circuses\" and the speaker wonders \"who will watch the watchmen?\" For 10 points, name this language used by ", "userDefined": false}], "isTemplate": false, "count": 0, "lang": "en", "updated": 0}, {"id": "e9b4d867-a64f-441d-b218-01ee5fa9e900", "data": [{"text": "The speaker of this work claims he forgives his friend Atratinus, since he has \"filial duty\" as an excuse, and claims that some borrowed gold was not used to hire slaves to kill Dion the Alexandrian. An extended passage of this speech is a noted use of prosopopeia, as the speaker takes on the voice of the long-dead Appius Claudius Caecus if he \"were to rise up right now.\" Its speaker makes an accusation of incest by noting he has no ill-feeling toward the addressee's \"lover--I'm sorry,", "userDefined": false}], "isTemplate": false, "count": 0, "lang": "en", "updated": 0}, {"id": "8f98df9b-ba18-4647-ba08-2e016ac5323e", "data": [{"text": "In one poem by this man, a shepherd escapes being bitten by a snake when he suddenly wakes from a nap near a fountain and kills the title creature. This author of \"The Gnat\" wrote a work which opens with a lament over one character's loss of a farm and later features a duel in song between Damon and Alphesiboeus, as well as a prediction of the birth of a child heralded as a \"great increase of Jove\" who Eusebius of Caesarea linked to (*) Jesus Christ. That work, like a four-book didacti", "userDefined": false}], "isTemplate": false, "count": 0, "lang": "en", "updated": 0}, {"id": "c36afab6-0114-40b0-9a9f-c77a23a354e2", "data": [{"text": "John Barclay wrote most of his works in this language. In one novel originally written in this language, the title character visits the planet Nazar, which is populated by intelligent trees. It's not Norwegian, but this language was used by Ludvig Holberg to write Niels Klim's Underground Travels. In Tristram Shandy, Hafen Slawkenbergius writes treatises in this language. An essay written in this language is about a goddess who was nursed by the nymphs Inebriation and Ignorance. A nove", "userDefined": false}], "isTemplate": false, "count": 0, "lang": "en", "updated": 0}]