[{"id": "9e2efb21-0dba-4eab-a65f-d578c17c68b4", "data": [{"text": "['Paul Benacerraf used a story about Ernie and Johnny to argue that not all identities are meaningful in a paper that aims to show \"what,\" these objects \"could not be.\" The Heyting theory of these objects is central to the intuitionism advocated by L.E.J. Brouwer. Edmund Husserl\\'s Habilitationschrift was a lecture delivered \"on the concept of,\" these objects. John Stuart Mill argued that each of these objects \"denotes physical phenomena.\" Aristotle\\'s Metaphysics claims that Plato tho", "userDefined": false}], "isTemplate": false, "count": 0, "lang": "en", "updated": 0}]