{"name": "Philosophy", "identifier": "9UA9ALDXAJ", "description": null, "parentIntentSignature": null, "sampleUtterances": [{"utterance": "['Paul Benacerraf used a story about Ernie and Johnny to argue that not all identities are meaningful in a paper that aims to show \"what,\" these objects \"could not be.\" The Heyting theory of these objects is central to the intuitionism advocated by L.E.J. Brouwer. Edmund Husserl\\'s Habilitationschrift was a lecture delivered \"on the concept of,\" these objects. John Stuart Mill argued that each of these objects \"denotes physical phenomena.\" Aristotle\\'s Metaphysics claims that Plato tho"}], "intentConfirmationSetting": null, "intentClosingSetting": {"isActive": true, "closingResponse": {"allowInterrupt": true, "messageGroupsList": [{"message": {"imageResponseCard": null, "ssmlMessage": null, "customPayload": null, "plainTextMessage": {"value": "Intent Received: Philosophy"}}, "variations": null}]}, "nextStep": {"intent": {"name": null, "slots": null}, "dialogAction": {"type": "EndConversation", "suppressNextMessage": null, "slotToElicit": null}, "sessionAttributes": null}}, "initialResponseSetting": {"initialResponse": null, "codeHook": null, "conditional": null, "nextStep": {"intent": {"name": null, "slots": null}, "dialogAction": {"type": "CloseIntent", "suppressNextMessage": null, "slotToElicit": null}, "sessionAttributes": null}}, "inputContexts": null, "outputContexts": null, "kendraConfiguration": null, "dialogCodeHook": null, "fulfillmentCodeHook": null, "slotPriorities": []}