{"name": "Benedict_arnold", "identifier": "9UA9ALDXAJ", "description": null, "parentIntentSignature": null, "sampleUtterances": [{"utterance": "Benedict Arnold (June 14, 1801) was a general during the American Revolutionary War who originally fought for the American Continental Army but defected to the British Army ."}, {"utterance": "While a general on the American side, he obtained command of the fort at West Point, New York , and planned to surrender it to the British forces."}, {"utterance": "After the plan was exposed in September 1780, he was commissioned into the British Army as a brigadier general."}, {"utterance": "Born in Connecticut , Arnold was a merchant operating ships on the Atlantic Ocean when the war broke out in 1775."}, {"utterance": "After joining the growing army outside Boston , he distinguished himself through acts of intelligence and bravery."}, {"utterance": "His actions included the Capture of Fort Ticonderoga in 1775, defensive and delaying tactics despite losing the Battle of Valcour Island on Lake Champlain in 1776, the Battle of Ridgefield , Connecticut (after which he was promoted to major general), operations in relief of the Siege of Fort Stanwix , and key actions during the pivotal Battles of Saratoga in 1777, in which he suffered leg injuries that ended his combat career for several years."}, {"utterance": "Despite Arnold's successes, he was passed over for promotion by the Continental Congress while other officers claimed credit for some of his accomplishments."}, {"utterance": "Adversaries in military and political circles brought charges of corruption or other malfeasance, but most often he was acquitted in formal inquiries."}, {"utterance": "Congress investigated his accounts and found he was indebted to Congress after spending much of his own money on the war effort."}, {"utterance": "Frustrated and bitter, Arnold decided to change sides in 1779, and opened secret negotiations with the British."}, {"utterance": "In July 1780, he was offered, continued to pursue and was awarded command of West Point ."}, {"utterance": "Arnold's scheme to surrender the fort to the British was exposed when American forces captured British Major John Andr\u00e9 carrying papers that revealed the plot."}, {"utterance": "Upon learning of Andr\u00e9's capture, Arnold fled down the Hudson River to the British sloop-of-war Vulture , narrowly avoiding capture by the forces of George Washington , who had been alerted to the plot."}, {"utterance": "Arnold received a commission as a brigadier general in the British Army , an annual pension of \u00a3360 , and a lump sum of over \u00a36,000."}, {"utterance": "He led British forces on raids in Virginia , and against New London and Groton, Connecticut , before the war effectively ended with the American victory at Yorktown ."}, {"utterance": "In the winter of 1782, Arnold moved to London with his second wife, Margaret \"Peggy\" Shippen Arnold ."}, {"utterance": "He was well received by King George III and the Tories but frowned upon by the Whigs ."}], "intentConfirmationSetting": null, "intentClosingSetting": {"isActive": true, "closingResponse": {"allowInterrupt": true, "messageGroupsList": [{"message": {"imageResponseCard": null, "ssmlMessage": null, "customPayload": null, "plainTextMessage": {"value": "Intent Received: Benedict_arnold"}}, "variations": null}]}, "nextStep": {"intent": {"name": null, "slots": null}, "dialogAction": {"type": "EndConversation", "suppressNextMessage": null, "slotToElicit": null}, "sessionAttributes": null}}, "initialResponseSetting": {"initialResponse": null, "codeHook": null, "conditional": null, "nextStep": {"intent": {"name": null, "slots": null}, "dialogAction": {"type": "CloseIntent", "suppressNextMessage": null, "slotToElicit": null}, "sessionAttributes": null}}, "inputContexts": null, "outputContexts": null, "kendraConfiguration": null, "dialogCodeHook": null, "fulfillmentCodeHook": null, "slotPriorities": []}