{"name": "Energy_transformation", "identifier": "9UA9ALDXAJ", "description": null, "parentIntentSignature": null, "sampleUtterances": [{"utterance": "Energy Transformation in Energy Systems Language"}, {"utterance": "Energy transformation or energy conversion is the process of changing one form of energy to another."}, {"utterance": "In physics, the term energy describes the capacity to produce certain changes within a system, without regard to limitations in transformation imposed by Entropy ."}, {"utterance": "Changes in total energy of systems can only be accomplished by adding or subtracting energy from them, as energy is a quantity which is conserved, according to the first law of thermodynamics ."}, {"utterance": "According to special relativity , changes in the energy of systems will also coincide with changes in the system's mass , and the total amount of mass of a system is a measure of its energy."}, {"utterance": "Energy in a system may be transformed so that it resides in a different state, or a different type of energy."}, {"utterance": "Energy in many states may be used to do many varieties of physical work."}, {"utterance": "Energy may be used in natural processes or machines, or else to provide some service to society (such as heat, light , or motion )."}, {"utterance": "For example, an internal combustion engine converts the potential chemical energy in gasoline and oxygen into heat , which is then transformed into the propulsive energy ( kinetic energy that moves a vehicle)."}, {"utterance": "A solar cell converts solar radiation into electrical energy that can then be used to light a bulb or power a computer."}, {"utterance": "The generic name for a device which converts energy from one form to another, is a transducer ."}, {"utterance": "In general, most types of energy, save for thermal energy, may be converted efficiently to any other kind of energy."}, {"utterance": "Sometimes this occurs with an efficiency of essentially 100%, such as when potential energy is converted to kinetic energy as an object falls in vacuum, or when it orbits nearer or farther from another object, in space."}, {"utterance": "Conversion of other types of energies to heat may also occurs with nearly perfect efficiency (many types of friction do this)."}, {"utterance": "Exceptions for perfect conversion efficiency (even for isolated systems) occur when energy has already been partly distributed among many available quantum states for a collection of particles, which are freely allowed to explore any state of momentum and position ( phase space )."}, {"utterance": "In such circumstances, a measure called Entropy , or evening-out of energy distribution in such states, dictates that future states of the system must be of at least equal evenness in energy distribution."}, {"utterance": "(There is no way, taking the universe as a whole, to collect energy into fewer states, once it has spread to them)."}], "intentConfirmationSetting": null, "intentClosingSetting": {"isActive": true, "closingResponse": {"allowInterrupt": true, "messageGroupsList": [{"message": {"imageResponseCard": null, "ssmlMessage": null, "customPayload": null, "plainTextMessage": {"value": "Intent Received: Energy_transformation"}}, "variations": null}]}, "nextStep": {"intent": {"name": null, "slots": null}, "dialogAction": {"type": "EndConversation", "suppressNextMessage": null, "slotToElicit": null}, "sessionAttributes": null}}, "initialResponseSetting": {"initialResponse": null, "codeHook": null, "conditional": null, "nextStep": {"intent": {"name": null, "slots": null}, "dialogAction": {"type": "CloseIntent", "suppressNextMessage": null, "slotToElicit": null}, "sessionAttributes": null}}, "inputContexts": null, "outputContexts": null, "kendraConfiguration": null, "dialogCodeHook": null, "fulfillmentCodeHook": null, "slotPriorities": []}