{"name": "Turkey", "identifier": "9UA9ALDXAJ", "description": null, "parentIntentSignature": null, "sampleUtterances": [{"utterance": "Turkey (), officially the Republic of Turkey , is a transcontinental country , located mostly on Anatolia in Western Asia and on East Thrace in Southeastern Europe ."}, {"utterance": "Turkey is bordered by eight countries: Bulgaria to the northwest; Greece to the west; Georgia to the northeast; Armenia , Iran and the Azerbaijani exclave of Nakhchivan to the east; and Iraq and Syria to the southeast."}, {"utterance": "The Mediterranean Sea is to the south; the Aegean Sea is to the west; and the Black Sea is to the north."}, {"utterance": "The Sea of Marmara , the Bosphorus and the Dardanelles (which together form the Turkish Straits ) demarcate the boundary between Thrace and Anatolia; they also separate Europe and Asia."}, {"utterance": "Turkey's location at the crossroads of Europe and Asia makes it a country of significant geostrategic importance."}, {"utterance": "The country's official language is Turkish , a Turkic language , which is spoken by approximately 85% of the population as mother tongue."}, {"utterance": "The most numerous ethnic group is the Turks , who constitute between 70% and 75% of the population according to The World Factbook ."}, {"utterance": "Kurds are the largest ethnic minority and, according to the same source, number around 18% of the population while other ethnic minorities are estimated to be at 7\u201312%."}, {"utterance": "The vast majority of the population is Muslim ."}, {"utterance": "The area now called Turkey has been inhabited since the Paleolithic , including various Ancient Anatolian civilizations and Thracian peoples."}, {"utterance": "After Alexander the Great 's conquest, the area was Hellenized, which continued with the Roman rule and the transition into the Byzantine Empire ."}, {"utterance": "The Seljuk Turks began migrating into the area in the 11th century, starting the process of Turkification , which was greatly accelerated by the Seljuk victory over the Byzantines at the Battle of Manzikert in 1071."}, {"utterance": "The Seljuk Sultanate of R\u00fbm ruled Anatolia until the Mongol invasion in 1243, upon which it disintegrated into several small Turkish beyliks ."}, {"utterance": "Starting from the late 13th century, the Ottoman beylik united Anatolia and created an empire encompassing much of Southeastern Europe , Western Asia and North Africa ."}, {"utterance": "After the Ottoman Empire collapsed following its defeat in World War I , parts of it were occupied by the victorious Allies ."}, {"utterance": "A cadre of young military officers, led by Mustafa Kemal Atat\u00fcrk and his colleagues, organized a successful resistance to the Allies; in 1923 they established the modern Republic of Turkey, with Atat\u00fcrk as its first president."}, {"utterance": "Turkey is a democratic , secular , unitary , constitutional republic with a diverse cultural heritage."}, {"utterance": "Turkey has become increasingly integrated with the West through membership in organisations such as the Council of Europe , NATO , OECD , OSCE and the G-20 major economies ."}], "intentConfirmationSetting": null, "intentClosingSetting": {"isActive": true, "closingResponse": {"allowInterrupt": true, "messageGroupsList": [{"message": {"imageResponseCard": null, "ssmlMessage": null, "customPayload": null, "plainTextMessage": {"value": "Intent Received: Turkey"}}, "variations": null}]}, "nextStep": {"intent": {"name": null, "slots": null}, "dialogAction": {"type": "EndConversation", "suppressNextMessage": null, "slotToElicit": null}, "sessionAttributes": null}}, "initialResponseSetting": {"initialResponse": null, "codeHook": null, "conditional": null, "nextStep": {"intent": {"name": null, "slots": null}, "dialogAction": {"type": "CloseIntent", "suppressNextMessage": null, "slotToElicit": null}, "sessionAttributes": null}}, "inputContexts": null, "outputContexts": null, "kendraConfiguration": null, "dialogCodeHook": null, "fulfillmentCodeHook": null, "slotPriorities": []}