{"name": "Suppressor", "identifier": "9UA9ALDXAJ", "description": null, "parentIntentSignature": null, "sampleUtterances": [{"utterance": "Several firearms with detachable suppressors, from top to bottom: An Uzi , An AR-15 , A Heckler & Koch USP Tactical, A Beretta 92FS , and a SIG Mosquito ."}, {"utterance": "Bolt action rimfire rifle with suppressor"}, {"utterance": "AWM-F sniper rifle with attached suppressor."}, {"utterance": "A suppressor, sound suppressor, or sound moderator, is a device attached to or part of the barrel of a firearm which reduces the amount of noise , and usually the amount of muzzle flash , generated by firing the weapon."}, {"utterance": "A suppressor can be used both with a firearm and with compressed air gun."}, {"utterance": "Though it is sometimes referred to as a silencer, this term is a misnomer popularized by cinematic fiction: the sound of a projectile, especially one moving faster than the speed of sound, through the air cannot be eliminated."}, {"utterance": "Using a suppressor in long distance shooting (i.e. greater than 300 meters) can lessen, or retard, the report at the moment of impact, and create the impression of silence near the target."}, {"utterance": "The noise heard near the muzzle as a projectile leaves the barrel, though subdued, is not silent at all."}, {"utterance": "A suppressor is usually a metal cylinder with internal mechanisms to reduce the sound of firing by slowing the escaping propellant gas and sometimes by reducing the velocity of the bullet ."}, {"utterance": "Early suppressors were created around the beginning of the 20th century by several inventors."}, {"utterance": "American inventor Hiram Percy Maxim (not to be confused with Hiram Stevens Maxim, Hiram Percy's father, and the inventor of the Maxim Machine Gun), is credited with inventing and selling the first commercially successful models circa 1902 (patented 30 March 1909)."}, {"utterance": "Maxim gave his device the trademarked name Maxim Silencer."}, {"utterance": "The muffler for internal combustion engines was developed in parallel with the firearm suppressor by Maxim in the early 20th century, using many of the same techniques to provide quieter-running engines (in many European countries automobile mufflers are still called silencers)."}, {"utterance": "The word silencer in reference to gun suppressor remains in widespread use, although it has since fallen out of favor with some, especially among the firearms industry, being replaced with the more literally accurate term sound suppressor or just suppressor, because a \"sound suppressor\" does not \"silence\" any weapon, rather it eliminates muzzle flash and reduces the sonic pressure of a firearm discharging."}, {"utterance": "Common usage and U.S. legislative language favor the historically earlier term, silencer."}, {"utterance": "In U.S. law, the terms \"firearm muffler\" and \"firearm silencer\" are synonymous."}, {"utterance": "Suppressors were regularly used by agents of the United States Office of Strategic Services , who favored the newly designed High Standard HDM .22 Long Rifle pistol during World War II ."}], "intentConfirmationSetting": null, "intentClosingSetting": {"isActive": true, "closingResponse": {"allowInterrupt": true, "messageGroupsList": [{"message": {"imageResponseCard": null, "ssmlMessage": null, "customPayload": null, "plainTextMessage": {"value": "Intent Received: Suppressor"}}, "variations": null}]}, "nextStep": {"intent": {"name": null, "slots": null}, "dialogAction": {"type": "EndConversation", "suppressNextMessage": null, "slotToElicit": null}, "sessionAttributes": null}}, "initialResponseSetting": {"initialResponse": null, "codeHook": null, "conditional": null, "nextStep": {"intent": {"name": null, "slots": null}, "dialogAction": {"type": "CloseIntent", "suppressNextMessage": null, "slotToElicit": null}, "sessionAttributes": null}}, "inputContexts": null, "outputContexts": null, "kendraConfiguration": null, "dialogCodeHook": null, "fulfillmentCodeHook": null, "slotPriorities": []}