{"name": "Language_Arts", "identifier": "9UA9ALDXAJ", "description": null, "parentIntentSignature": null, "sampleUtterances": [{"utterance": "Works published in this discipline include 1968's La struttera assente and The Limits of Interpretation.  The main elements of study of this field are lawful, proper, or symbolic depending on the presence or absence of motivation, or the presence of a degree of necessity.  Charles Morris laid many of its foundations in his 1938 masterpiece Foundations of the Theory of Signs.  Consisting of the branches syntactics, semantics, and pragmatics, FTP, identify this field of linguistics defin"}, {"utterance": "An example of this technique is: \"I caught this morning morning's minion, kingdom of daylight's dauphin, dapple-dawn-drawn Falcon, in his riding.\" Characterized by alliteration and the use of archaic and heavily Anglo-Saxon vocabulary, it replaces metrical smoothness with heavy accents and abrupt halts, as in such works as \"God's Grandeur\" and \"Pied Beauty.\" FTP, name this metric device most famously employed by Gerard Manley Hopkins."}], "intentConfirmationSetting": null, "intentClosingSetting": {"isActive": true, "closingResponse": {"allowInterrupt": true, "messageGroupsList": [{"message": {"imageResponseCard": null, "ssmlMessage": null, "customPayload": null, "plainTextMessage": {"value": "Intent Received: Language_Arts"}}, "variations": null}]}, "nextStep": {"intent": {"name": null, "slots": null}, "dialogAction": {"type": "EndConversation", "suppressNextMessage": null, "slotToElicit": null}, "sessionAttributes": null}}, "initialResponseSetting": {"initialResponse": null, "codeHook": null, "conditional": null, "nextStep": {"intent": {"name": null, "slots": null}, "dialogAction": {"type": "CloseIntent", "suppressNextMessage": null, "slotToElicit": null}, "sessionAttributes": null}}, "inputContexts": null, "outputContexts": null, "kendraConfiguration": null, "dialogCodeHook": null, "fulfillmentCodeHook": null, "slotPriorities": []}