{"name": "Whole_grain", "identifier": "9UA9ALDXAJ", "description": null, "parentIntentSignature": null, "sampleUtterances": [{"utterance": "right"}, {"utterance": "Whole grains are cereal grains that contain cereal germ , endosperm , and bran , in contrast to refined grains , which retain only the endosperm."}, {"utterance": "Common whole grains include:"}, {"utterance": "Wheat"}, {"utterance": "Oat"}, {"utterance": "Barley - Hulled and Dehulled (not Pearl)"}, {"utterance": "Maize"}, {"utterance": "Brown rice"}, {"utterance": "Farro"}, {"utterance": "Spelt"}, {"utterance": "Emmer"}, {"utterance": "Einkorn"}, {"utterance": "Kamut"}, {"utterance": "Rye"}, {"utterance": "Millet"}, {"utterance": "Quinoa"}, {"utterance": "Amaranth"}, {"utterance": "Triticale"}, {"utterance": "Teff"}, {"utterance": "Sprouted Grains"}, {"utterance": "Buckwheat"}, {"utterance": "Common whole grain products include:"}, {"utterance": "Whole wheat flour"}, {"utterance": "Whole wheat Bread"}], "intentConfirmationSetting": null, "intentClosingSetting": {"isActive": true, "closingResponse": {"allowInterrupt": true, "messageGroupsList": [{"message": {"imageResponseCard": null, "ssmlMessage": null, "customPayload": null, "plainTextMessage": {"value": "Intent Received: Whole_grain"}}, "variations": null}]}, "nextStep": {"intent": {"name": null, "slots": null}, "dialogAction": {"type": "EndConversation", "suppressNextMessage": null, "slotToElicit": null}, "sessionAttributes": null}}, "initialResponseSetting": {"initialResponse": null, "codeHook": null, "conditional": null, "nextStep": {"intent": {"name": null, "slots": null}, "dialogAction": {"type": "CloseIntent", "suppressNextMessage": null, "slotToElicit": null}, "sessionAttributes": null}}, "inputContexts": null, "outputContexts": null, "kendraConfiguration": null, "dialogCodeHook": null, "fulfillmentCodeHook": null, "slotPriorities": []}