{"name": "LR44_battery", "identifier": "9UA9ALDXAJ", "description": null, "parentIntentSignature": null, "sampleUtterances": [{"utterance": "LR44 is the IEC designation for an alkaline 1.5 volt button cell , commonly used in small LED flashlights , digital thermometers , calculators , calipers , watches , clocks , toys and laser pointers ."}, {"utterance": "LR44 alkaline cell"}, {"utterance": "The battery nomenclature is defined by the International Electrotechnical Commission (IEC) in its 60086-3 standard (Primary batteries, part 3 Watch batteries)."}, {"utterance": "The letter L indicates the electrochemical system used; a zinc negative electrode, manganese dioxide depolarizer and positive electrode, and an alkaline electrolyte."}, {"utterance": "R44 indicates a round cell 11.4\u00b10.2 mm diameter and 5.2\u00b10.2 mm height as defined by the IEC standard 60086."}, {"utterance": "Manufacturers have their own part numbers for IEC type LR44 batteries including:"}, {"utterance": "LR44, LR44G, LR44GD, LR44H"}, {"utterance": "LR1154, L1154, L1154C, L1154F, L1154G, L1154H"}, {"utterance": "6135-99-792-8475 (NSN)"}, {"utterance": "1166A"}, {"utterance": "AG13, A613, AG14, AG-14, G13A, G13-A"}, {"utterance": "157, 303, 357"}, {"utterance": "A76, GDA76, GP76A, GPA7, GPA75, GPA76, GPS76A,"}, {"utterance": "1128MP, 208-904, A-76, CA18, CA19, CR44, D76A, KA, KA76, MS76H, PX76A, PX675A, RPX675, RW82, SB-F9, V13GA"}, {"utterance": "4.5-volt, D, C, AA, AAA, AAAA, A23, 9-volt, CR2032 and LR44 batteries"}, {"utterance": "Other types of batteries are or were made in the R44 size."}, {"utterance": "Formerly, mercury batteries were made as button cells (types MR44 and NR44)."}, {"utterance": "Zinc-air batteries type PR44 require air to work."}, {"utterance": "Silver-oxide batteries type SR44 may provide extra capacity compared to LR44 types but have slightly different voltage characteristics."}, {"utterance": "Performance of a device meant to use a silver-oxide battery may be degraded with substitution of LR44 types."}, {"utterance": "Manufacturer's numbers for silver oxide R44 size cells include:"}, {"utterance": "SR44/SR44W/SR44SW"}, {"utterance": "6135-99-651-3240 (NSN)"}, {"utterance": "SR1154"}], "intentConfirmationSetting": null, "intentClosingSetting": {"isActive": true, "closingResponse": {"allowInterrupt": true, "messageGroupsList": [{"message": {"imageResponseCard": null, "ssmlMessage": null, "customPayload": null, "plainTextMessage": {"value": "Intent Received: LR44_battery"}}, "variations": null}]}, "nextStep": {"intent": {"name": null, "slots": null}, "dialogAction": {"type": "EndConversation", "suppressNextMessage": null, "slotToElicit": null}, "sessionAttributes": null}}, "initialResponseSetting": {"initialResponse": null, "codeHook": null, "conditional": null, "nextStep": {"intent": {"name": null, "slots": null}, "dialogAction": {"type": "CloseIntent", "suppressNextMessage": null, "slotToElicit": null}, "sessionAttributes": null}}, "inputContexts": null, "outputContexts": null, "kendraConfiguration": null, "dialogCodeHook": null, "fulfillmentCodeHook": null, "slotPriorities": []}