{"name": "FallbackIntent", "identifier": "FALLBCKINT", "description": "Default intent when no other intent matches", "parentIntentSignature": "AMAZON.FallbackIntent", "sampleUtterances": null, "intentConfirmationSetting": null, "intentClosingSetting": null, "initialResponseSetting": {"initialResponse": null, "codeHook": {"isActive": true, "enableCodeHookInvocation": true, "invocationLabel": null, "postCodeHookSpecification": {"failureResponse": null, "failureNextStep": {"intent": null, "dialogAction": {"type": "EndConversation", "suppressNextMessage": null, "slotToElicit": null}, "sessionAttributes": null}, "failureConditional": null, "successConditional": null, "timeoutResponse": null, "timeoutNextStep": {"intent": null, "dialogAction": {"type": "EndConversation", "suppressNextMessage": null, "slotToElicit": null}, "sessionAttributes": null}, "timeoutConditional": null, "successNextStep": {"intent": null, "dialogAction": {"type": "EndConversation", "suppressNextMessage": null, "slotToElicit": null}, "sessionAttributes": null}, "successResponse": null}}, "conditional": null, "nextStep": {"intent": null, "dialogAction": {"type": "InvokeDialogCodeHook", "suppressNextMessage": null, "slotToElicit": null}, "sessionAttributes": null}}, "inputContexts": null, "outputContexts": null, "kendraConfiguration": null, "dialogCodeHook": null, "fulfillmentCodeHook": null, "slotPriorities": []}