{"name": "John_Quincy_Adams", "identifier": "9UA9ALDXAJ", "description": null, "parentIntentSignature": null, "sampleUtterances": [{"utterance": "John Quincy Adams (July 11, 1767February 23, 1848) was the sixth President of the United States (1825\u20131829)."}, {"utterance": "He served as American diplomat , Senator , and Congressional representative ."}, {"utterance": "He was a member of the Federalist , Democratic-Republican , National Republican , and later Anti-Masonic and Whig parties ."}, {"utterance": "Adams was the son of former President John Adams and Abigail Adams ."}, {"utterance": "As a diplomat, Adams played an important role in negotiating many international treaties, most notably the Treaty of Ghent , which ended the War of 1812 ."}, {"utterance": "As Secretary of State , he negotiated with the United Kingdom over America's northern border with Canada, negotiated with Spain the annexation of Florida , and authored the Monroe Doctrine ."}, {"utterance": "Historians agree he was one of the greatest diplomats and secretaries of state in American history."}, {"utterance": "As president, he sought to modernize the American economy and promoted education."}, {"utterance": "Adams enacted a part of his agenda and paid off much of the national debt ."}, {"utterance": "He was stymied by a Congress controlled by his enemies, and his lack of patronage networks helped politicians eager to undercut him."}, {"utterance": "He lost his 1828 bid for re-election to Andrew Jackson ."}, {"utterance": "In doing so, he became the first president since his father to serve a single term."}, {"utterance": "Adams is best known as a diplomat who shaped America's foreign policy in line with his ardently nationalist commitment to America's republican values ."}, {"utterance": "More recently Howe (2007) portrayed Adams as the exemplar and moral leader in an era of modernization."}, {"utterance": "During Adams' lifetime, technological innovations and new means of communication spread messages of religious revival, social reform, and party politics."}, {"utterance": "Goods, money, and people traveled more rapidly and efficiently than ever before."}, {"utterance": "Adams was elected a U.S. Representative from Massachusetts after leaving office, serving for the last 17 years of his life with far greater acclamation than he had achieved as president."}], "intentConfirmationSetting": null, "intentClosingSetting": {"isActive": true, "closingResponse": {"allowInterrupt": true, "messageGroupsList": [{"message": {"imageResponseCard": null, "ssmlMessage": null, "customPayload": null, "plainTextMessage": {"value": "Intent Received: John_Quincy_Adams"}}, "variations": null}]}, "nextStep": {"intent": {"name": null, "slots": null}, "dialogAction": {"type": "EndConversation", "suppressNextMessage": null, "slotToElicit": null}, "sessionAttributes": null}}, "initialResponseSetting": {"initialResponse": null, "codeHook": null, "conditional": null, "nextStep": {"intent": {"name": null, "slots": null}, "dialogAction": {"type": "CloseIntent", "suppressNextMessage": null, "slotToElicit": null}, "sessionAttributes": null}}, "inputContexts": null, "outputContexts": null, "kendraConfiguration": null, "dialogCodeHook": null, "fulfillmentCodeHook": null, "slotPriorities": []}