{"name": "Richard_Nixon", "identifier": "9UA9ALDXAJ", "description": null, "parentIntentSignature": null, "sampleUtterances": [{"utterance": "Richard Milhous Nixon (January 9, 1913 \u2013 April 22, 1994) was the 37th President of the United States , serving from 1969 to 1974, when he became the only president to resign the office."}, {"utterance": "Nixon had previously served as a Republican U.S. representative and senator from California and as the 36th Vice President of the United States from 1953 to 1961."}, {"utterance": "Nixon was born in Yorba Linda , California."}, {"utterance": "He graduated from Whittier College in 1934 and Duke University School of Law in 1937, returning to California to practice law."}, {"utterance": "He and his wife, Pat Nixon , moved to Washington to work for the federal government in 1942."}, {"utterance": "He subsequently served in the United States Navy during World War II ."}, {"utterance": "Nixon was elected in California to the House of Representatives in 1946 and to the Senate in 1950 ."}, {"utterance": "His pursuit of the Alger Hiss case established his reputation as a leading anti-communist , and elevated him to national prominence."}, {"utterance": "He was the running mate of Dwight D. Eisenhower , the Republican Party presidential nominee in the 1952 election ."}, {"utterance": "Nixon served for eight years as vice president."}, {"utterance": "He waged an unsuccessful presidential campaign in 1960 , narrowly losing to John F. Kennedy , and lost a race for Governor of California in 1962 ."}, {"utterance": "In 1968, he ran again for the presidency and was elected ."}, {"utterance": "Although Nixon initially escalated America's involvement in the Vietnam War , he subsequently ended U.S. involvement in 1973."}, {"utterance": "Nixon's visit to the People's Republic of China in 1972 opened diplomatic relations between the two nations, and he initiated d\u00e9tente and the Anti-Ballistic Missile Treaty with the Soviet Union the same year."}, {"utterance": "Domestically, his administration generally embraced policies that transferred power from Washington to the states."}, {"utterance": "Among other things, he launched initiatives to fight cancer and illegal drugs , imposed wage and price controls, enforced desegregation of some Southern schools, and established the Environmental Protection Agency ."}, {"utterance": "Though he presided over the lunar landings beginning with Apollo 11 , he scaled back manned space exploration."}, {"utterance": "He was re-elected by a landslide in 1972."}], "intentConfirmationSetting": null, "intentClosingSetting": {"isActive": true, "closingResponse": {"allowInterrupt": true, "messageGroupsList": [{"message": {"imageResponseCard": null, "ssmlMessage": null, "customPayload": null, "plainTextMessage": {"value": "Intent Received: Richard_Nixon"}}, "variations": null}]}, "nextStep": {"intent": {"name": null, "slots": null}, "dialogAction": {"type": "EndConversation", "suppressNextMessage": null, "slotToElicit": null}, "sessionAttributes": null}}, "initialResponseSetting": {"initialResponse": null, "codeHook": null, "conditional": null, "nextStep": {"intent": {"name": null, "slots": null}, "dialogAction": {"type": "CloseIntent", "suppressNextMessage": null, "slotToElicit": null}, "sessionAttributes": null}}, "inputContexts": null, "outputContexts": null, "kendraConfiguration": null, "dialogCodeHook": null, "fulfillmentCodeHook": null, "slotPriorities": []}