{"name": "Human_genetic_variation", "identifier": "9UA9ALDXAJ", "description": null, "parentIntentSignature": null, "sampleUtterances": [{"utterance": "A graphical representation of the ideal human karyotype"}, {"utterance": "Mitochondrial DNA."}, {"utterance": "Human genetic variation is the genetic differences both within and among populations ."}, {"utterance": "There may be multiple variants of any given gene in the human population (genes), leading to polymorphism ."}, {"utterance": "Many genes are not polymorphic, meaning that only a single allele is present in the population: the gene is then said to be fixed ."}, {"utterance": "No two humans are genetically identical."}, {"utterance": "Even monozygotic twins , who develop from one zygote, have infrequent genetic differences due to mutations occurring during development and gene copy number variation ."}, {"utterance": "Differences between individuals, even closely related individuals, are the key to techniques such as genetic fingerprinting ."}, {"utterance": "Alleles occur at different frequencies in different human populations, with populations that are more geographically and ancestrally remote tending to differ more ."}, {"utterance": "Causes of differences between individuals include the exchange of genes during meiosis and various mutational events."}, {"utterance": "There are at least two reasons why genetic variation exists between populations."}, {"utterance": "Natural selection may confer an adaptive advantage to individuals in a specific environment if an allele provides a competitive advantage."}, {"utterance": "Alleles under selection are likely to occur only in those geographic regions where they confer an advantage."}, {"utterance": "The second main cause of genetic variation is due to the high degree of neutrality of most mutations ."}, {"utterance": "Most mutations do not appear to have any selective effect one way or the other on the organism."}, {"utterance": "The main cause is genetic drift , this is the effect of random changes in the gene pool."}, {"utterance": "In humans, founder effect and past small population size (increasing the likelihood of genetic drift) may have had an important influence in neutral differences between populations."}, {"utterance": "The theory that humans recently migrated out of Africa supports this."}, {"utterance": "The study of human genetic variation has both evolutionary significance and medical applications."}], "intentConfirmationSetting": null, "intentClosingSetting": {"isActive": true, "closingResponse": {"allowInterrupt": true, "messageGroupsList": [{"message": {"imageResponseCard": null, "ssmlMessage": null, "customPayload": null, "plainTextMessage": {"value": "Intent Received: Human_genetic_variation"}}, "variations": null}]}, "nextStep": {"intent": {"name": null, "slots": null}, "dialogAction": {"type": "EndConversation", "suppressNextMessage": null, "slotToElicit": null}, "sessionAttributes": null}}, "initialResponseSetting": {"initialResponse": null, "codeHook": null, "conditional": null, "nextStep": {"intent": {"name": null, "slots": null}, "dialogAction": {"type": "CloseIntent", "suppressNextMessage": null, "slotToElicit": null}, "sessionAttributes": null}}, "inputContexts": null, "outputContexts": null, "kendraConfiguration": null, "dialogCodeHook": null, "fulfillmentCodeHook": null, "slotPriorities": []}