{"name": "Benjamin_Franklin", "identifier": "9UA9ALDXAJ", "description": null, "parentIntentSignature": null, "sampleUtterances": [{"utterance": "Benjamin Franklin ( April 17, 1790) was one of the Founding Fathers of the United States ."}, {"utterance": "A noted polymath , Franklin was a leading author, printer, political theorist , politician , postmaster , scientist, musician, inventor, satirist , civic activist, statesman, and diplomat ."}, {"utterance": "As a scientist, he was a major figure in the American Enlightenment and the history of physics for his discoveries and theories regarding electricity ."}, {"utterance": "He invented the lightning rod , bifocals , the Franklin stove , a carriage odometer , and the glass 'armonica' ."}, {"utterance": "He facilitated many civic organizations, including a fire department and a university."}, {"utterance": "Franklin earned the title of \"The First American\" for his early and indefatigable campaigning for colonial unity ; as an author and spokesman in London for several colonies, then as the first United States Ambassador to France , he exemplified the emerging American nation."}, {"utterance": "Franklin was foundational in defining the American ethos as a marriage of the practical values of thrift, hard work, education, community spirit , self-governing institutions, and opposition to authoritarianism both political and religious, with the scientific and tolerant values of the Enlightenment ."}, {"utterance": "In the words of historian Henry Steele Commager , \"In a Franklin could be merged the virtues of Puritanism without its defects, the illumination of the Enlightenment without its heat.\""}, {"utterance": "To Walter Isaacson , this makes Franklin \"the most accomplished American of his age and the most influential in inventing the type of society America would become.\""}, {"utterance": "Franklin, always proud of his working class roots, became a successful newspaper editor and printer in Philadelphia , the leading city in the colonies."}, {"utterance": "He was also partners with William Goddard and Joseph Galloway the three of whom published the Pennsylvania Chronicle , a newspaper that was known for its revolutionary sentiments and criticisms of the British monarchy in the American colonies."}, {"utterance": "He became wealthy publishing Poor Richard's Almanack and The Pennsylvania Gazette ."}, {"utterance": "Franklin gained international renown as a scientist for his famous experiments in electricity and for his many inventions, especially the lightning rod."}, {"utterance": "He played a major role in establishing the University of Pennsylvania and was elected the first president of the American Philosophical Society ."}, {"utterance": "Franklin became a national hero in America when he spearheaded the effort to have Parliament repeal the unpopular Stamp Act ."}, {"utterance": "An accomplished diplomat, he was widely admired among the French as American minister to Paris and was a major figure in the development of positive Franco-American relations ."}, {"utterance": "For many years he was the British postmaster for the colonies, which enabled him to set up the first national communications network."}], "intentConfirmationSetting": null, "intentClosingSetting": {"isActive": true, "closingResponse": {"allowInterrupt": true, "messageGroupsList": [{"message": {"imageResponseCard": null, "ssmlMessage": null, "customPayload": null, "plainTextMessage": {"value": "Intent Received: Benjamin_Franklin"}}, "variations": null}]}, "nextStep": {"intent": {"name": null, "slots": null}, "dialogAction": {"type": "EndConversation", "suppressNextMessage": null, "slotToElicit": null}, "sessionAttributes": null}}, "initialResponseSetting": {"initialResponse": null, "codeHook": null, "conditional": null, "nextStep": {"intent": {"name": null, "slots": null}, "dialogAction": {"type": "CloseIntent", "suppressNextMessage": null, "slotToElicit": null}, "sessionAttributes": null}}, "inputContexts": null, "outputContexts": null, "kendraConfiguration": null, "dialogCodeHook": null, "fulfillmentCodeHook": null, "slotPriorities": []}