{"name": "New_Deal", "identifier": "9UA9ALDXAJ", "description": null, "parentIntentSignature": null, "sampleUtterances": [{"utterance": "Top left: The Tennessee Valley Authority , part of the New Deal, being signed into law in 1933."}, {"utterance": "Top right: Franklin Delano Roosevelt , who was responsible for initiatives and programs collectively known as the New Deal."}, {"utterance": "Bottom: A public mural from one of the artists employed by the New Deal."}, {"utterance": "The New Deal was a series of economic programs enacted in the United States between 1933 and 1936."}, {"utterance": "They involved presidential executive orders or laws passed by Congress during the first term of President Franklin D. Roosevelt ."}, {"utterance": "The programs were in response to the Great Depression , and focused on what historians call the \"3 Rs\": Relief, Recovery, and Reform."}, {"utterance": "That is Relief for the unemployed and poor; Recovery of the economy to normal levels; and Reform of the financial system to prevent a repeat depression."}, {"utterance": "The New Deal produced a political realignment, making the Democratic Party the majority (as well as the party that held the White House for seven out of nine Presidential terms from 1933 to 1969), with its base in liberal ideas, the white South, traditional Democrats, big city machines, and the newly empowered labor unions and ethnic minorities."}, {"utterance": "The Republicans were split, with conservatives opposing the entire New Deal as an enemy of business and growth, and liberals accepting some of it and promising to make it more efficient."}, {"utterance": "The realignment crystallized into the New Deal Coalition that dominated most presidential elections into the 1960s, while the opposition Conservative Coalition largely controlled Congress from 1937 to 1963."}, {"utterance": "By 1936 the term \"liberal\" typically was used for supporters of the New Deal, and \" conservative \" for its opponents."}, {"utterance": "From 1934 to 1938, Roosevelt was assisted in his endeavours by a \u201cpro-spender\u201d majority in Congress (drawn from two-party, competitive, non-machine, Progressive, and Left party districts)."}, {"utterance": "As noted by Alexander Hicks, \u201cRoosevelt, backed by rare, non-Southern Democrat majorities \u2014 270 non-Southern Democrat representatives and 71 non-Southern Democrat senators \u2014 spelled Second New Deal reform.\u201d"}, {"utterance": "Many historians distinguish between a \"First New Deal\" (1933\u201334) and a \"Second New Deal\" (1935\u201338), with the second one more liberal and more controversial."}, {"utterance": "The \"First New Deal\" (1933\u201334) dealt with diverse groups, from banking and railroads to industry and farming, all of which demanded help for economic survival."}, {"utterance": "The Federal Emergency Relief Administration , for instance, provided $500 million for relief operations by states and cities, while the short-lived CWA ( Civil Works Administration ) gave localities money to operate make-work projects in 1933-34."}, {"utterance": "The \" Second New Deal \" in 1935\u201338 included the Wagner Act to promote labor unions, the Works Progress Administration (WPA) relief program (which made the federal government by far the largest single employer in the nation), the Social Security Act , and new programs to aid tenant farmers and migrant workers."}, {"utterance": "The final major items of New Deal legislation were the creation of the United States Housing Authority and Farm Security Administration , both in 1937, and the Fair Labor Standards Act of 1938 , which set maximum hours and minimum wages for most categories of workers."}, {"utterance": "The economic downturn of 1937\u201338, and the bitter split between the AFL and CIO labor unions led to major Republican gains in Congress in 1938."}, {"utterance": "Conservative Republicans and Democrats in Congress joined in the informal Conservative Coalition."}, {"utterance": "By 1942\u201343 they shut down relief programs such as the WPA and CCC and blocked major liberal proposals."}, {"utterance": "Roosevelt himself turned his attention to the war effort, and won reelection in 1940 and 1944."}, {"utterance": "The Supreme Court declared the National Recovery Administration (NRA) and the first version of the Agricultural Adjustment Act (AAA) unconstitutional, however the AAA was rewritten and then upheld."}], "intentConfirmationSetting": null, "intentClosingSetting": {"isActive": true, "closingResponse": {"allowInterrupt": true, "messageGroupsList": [{"message": {"imageResponseCard": null, "ssmlMessage": null, "customPayload": null, "plainTextMessage": {"value": "Intent Received: New_Deal"}}, "variations": null}]}, "nextStep": {"intent": {"name": null, "slots": null}, "dialogAction": {"type": "EndConversation", "suppressNextMessage": null, "slotToElicit": null}, "sessionAttributes": null}}, "initialResponseSetting": {"initialResponse": null, "codeHook": null, "conditional": null, "nextStep": {"intent": {"name": null, "slots": null}, "dialogAction": {"type": "CloseIntent", "suppressNextMessage": null, "slotToElicit": null}, "sessionAttributes": null}}, "inputContexts": null, "outputContexts": null, "kendraConfiguration": null, "dialogCodeHook": null, "fulfillmentCodeHook": null, "slotPriorities": []}