{"name": "Lion", "identifier": "9UA9ALDXAJ", "description": null, "parentIntentSignature": null, "sampleUtterances": [{"utterance": "The lion (Panthera leo) is one of the four big cats in the genus Panthera and a member of the family Felidae ."}, {"utterance": "With some males exceeding in weight, it is the second-largest living cat after the tiger ."}, {"utterance": "Wild lions currently exist in sub-Saharan Africa and in Asia (where an endangered remnant population resides in Gir Forest National Park in India ) while other types of lions have disappeared from North Africa and Southwest Asia in historic times."}, {"utterance": "Until the late Pleistocene , about 10,000 years ago, the lion was the most widespread large land mammal after humans."}, {"utterance": "They were found in most of Africa, across Eurasia from western Europe to India, and in the Americas from the Yukon to Peru ."}, {"utterance": "The lion is a vulnerable species , having seen a major population decline of 30\u201350% over the past two decades in its African range."}, {"utterance": "Lion populations are untenable outside designated reserves and national parks."}, {"utterance": "Although the cause of the decline is not fully understood, habitat loss and conflicts with humans are currently the greatest causes of concern."}, {"utterance": "Within Africa, the West African lion population is particularly endangered."}, {"utterance": "Lions live for 10\u201314 years in the wild, while in captivity they can live longer than 20 years."}, {"utterance": "In the wild, males seldom live longer than 10 years, as injuries sustained from continual fighting with rival males greatly reduce their longevity."}, {"utterance": "They typically inhabit savanna and grassland , although they may take to bush and forest ."}, {"utterance": "Lions are unusually social compared to other cats."}, {"utterance": "A pride of lions consists of related females and offspring and a small number of adult males."}, {"utterance": "Groups of female lions typically hunt together, preying mostly on large ungulates ."}, {"utterance": "Lions are apex and keystone predators , although they scavenge as opportunity allows."}, {"utterance": "While lions do not typically hunt humans, some have been known to do so."}, {"utterance": "Sleeping mainly during the day, lions are primarily nocturnal , although bordering on crepuscular in nature."}], "intentConfirmationSetting": null, "intentClosingSetting": {"isActive": true, "closingResponse": {"allowInterrupt": true, "messageGroupsList": [{"message": {"imageResponseCard": null, "ssmlMessage": null, "customPayload": null, "plainTextMessage": {"value": "Intent Received: Lion"}}, "variations": null}]}, "nextStep": {"intent": {"name": null, "slots": null}, "dialogAction": {"type": "EndConversation", "suppressNextMessage": null, "slotToElicit": null}, "sessionAttributes": null}}, "initialResponseSetting": {"initialResponse": null, "codeHook": null, "conditional": null, "nextStep": {"intent": {"name": null, "slots": null}, "dialogAction": {"type": "CloseIntent", "suppressNextMessage": null, "slotToElicit": null}, "sessionAttributes": null}}, "inputContexts": null, "outputContexts": null, "kendraConfiguration": null, "dialogCodeHook": null, "fulfillmentCodeHook": null, "slotPriorities": []}