{"name": "United_States_armed_forces", "identifier": "9UA9ALDXAJ", "description": null, "parentIntentSignature": null, "sampleUtterances": [{"utterance": "The United States Armed Forces are the military forces of the United States of America ."}, {"utterance": "They consist of the Army , Navy , Marine Corps , Air Force , and Coast Guard ."}, {"utterance": "The U.S. has a strong tradition of civilian control of the military ."}, {"utterance": "The President is the military's overall head, and helps form military policy with the U.S. Department of Defense (DoD), a federal executive department , acting as the principal organ by which military policy is carried out."}, {"utterance": "The DoD is headed by the Secretary of Defense , who is a civilian and Cabinet member."}, {"utterance": "The Defense Secretary is second in the military's chain of command , just below the President, and serves as the principal assistant to the President in all DoD-related matters."}, {"utterance": "To coordinate military action with diplomacy, the President has an advisory National Security Council headed by a National Security Advisor ."}, {"utterance": "Both the President and Secretary of Defense are advised by a seven-member Joint Chiefs of Staff , which includes the head of each of the Defense Department's service branches as well as the chief of the National Guard Bureau ."}, {"utterance": "Leadership is provided by the Chairman of the Joint Chiefs of Staff and the Vice Chairman of the Joint Chiefs of Staff ."}, {"utterance": "The Commandant of the Coast Guard is not a member of the Joint Chiefs of Staff."}, {"utterance": "All of the branches work together during operations and joint missions, under the Unified Combatant Commands , under the authority of the Secretary of Defense with the exception of the Coast Guard."}, {"utterance": "The Coast Guard falls under the administration of the Department of Homeland Security and receives its operational orders from the Secretary of Homeland Security ."}, {"utterance": "The Coast Guard may be transferred to the Department of the Navy by the President or Congress during a time of war."}, {"utterance": "All five armed services are among the seven uniformed services of the United States ; the others are the U.S. Public Health Service Commissioned Corps and the National Oceanic and Atmospheric Administration Commissioned Corps ."}, {"utterance": "From the time of its inception, the military played a decisive role in the history of the United States ."}, {"utterance": "A sense of national unity and identity was forged as a result of victory in the First Barbary War and the Second Barbary War ."}, {"utterance": "Even so, the Founders were suspicious of a permanent military force and not until the outbreak of World War II did a large standing army become officially established."}, {"utterance": "The National Security Act of 1947 , adopted following World War II and during the Cold War's onset, created the modern U.S. military framework; the Act merged previously Cabinet-level Department of War and the Department of the Navy into the National Military Establishment (renamed the Department of Defense in 1949), headed by the Secretary of Defense; and created the Department of the Air Force and National Security Council."}], "intentConfirmationSetting": null, "intentClosingSetting": {"isActive": true, "closingResponse": {"allowInterrupt": true, "messageGroupsList": [{"message": {"imageResponseCard": null, "ssmlMessage": null, "customPayload": null, "plainTextMessage": {"value": "Intent Received: United_States_armed_forces"}}, "variations": null}]}, "nextStep": {"intent": {"name": null, "slots": null}, "dialogAction": {"type": "EndConversation", "suppressNextMessage": null, "slotToElicit": null}, "sessionAttributes": null}}, "initialResponseSetting": {"initialResponse": null, "codeHook": null, "conditional": null, "nextStep": {"intent": {"name": null, "slots": null}, "dialogAction": {"type": "CloseIntent", "suppressNextMessage": null, "slotToElicit": null}, "sessionAttributes": null}}, "inputContexts": null, "outputContexts": null, "kendraConfiguration": null, "dialogCodeHook": null, "fulfillmentCodeHook": null, "slotPriorities": []}