{"name": "Radioactive_decay", "identifier": "9UA9ALDXAJ", "description": null, "parentIntentSignature": null, "sampleUtterances": [{"utterance": "Alpha decay is one example type of radioactive decay, in which an atomic nucleus emits an alpha particle , and thereby transforms (or 'decays') into an atom with a mass number 4 less and atomic number 2 less."}, {"utterance": "Many other types of decays are possible."}, {"utterance": "Radioactive decay, also known as nuclear decay or radioactivity, is the process by which a nucleus of an unstable atom loses energy by emitting particles of ionizing radiation ."}, {"utterance": "A material that spontaneously emits this kind of radiation \u2014 which includes the emission of energetic alpha particles , beta particles , and gamma rays \u2014 is considered radioactive."}, {"utterance": "There are many different types of radioactive decay (see table below)."}, {"utterance": "A decay, or loss of energy, results when an atom with one type of nucleus, called the parent radionuclide , transforms to an atom with a nucleus in a different state, or to a different nucleus containing different numbers of protons and neutrons ."}, {"utterance": "Either of these products is named the daughter nuclide."}, {"utterance": "In some decays the parent and daughter are different chemical elements , and thus the decay process results in nuclear transmutation (creation of an atom of a new element)."}, {"utterance": "The first decay processes to be discovered were alpha decay , beta decay , and gamma decay ."}, {"utterance": "Alpha decay occurs when the nucleus ejects an alpha particle (helium nucleus)."}, {"utterance": "This is the most common process of emitting nucleons , but in rarer types of decays, nuclei can eject protons , or specific nuclei of other elements (in the process called cluster decay )."}, {"utterance": "Beta decay occurs when the nucleus emits an electron or positron and a type of neutrino , in a process that changes a proton to a neutron or the other way around."}, {"utterance": "The nucleus may capture an orbiting electron, converting a proton into a neutron ( electron capture )."}, {"utterance": "All of these processes result in nuclear transmutation."}, {"utterance": "By contrast, there exist radioactive decay processes that do not result in transmutation."}, {"utterance": "The energy of an excited nucleus may be emitted as a gamma ray in gamma decay, or used to eject an orbital electron by interaction with the excited nucleus in a process called internal conversion ."}, {"utterance": "Radioisotopes occasionally emit neutrons, and this results in a change in an element from one isotope to another."}, {"utterance": "One type of radioactive decay results in products which are not defined, but appear in a range of \"pieces\" of the original nucleus."}], "intentConfirmationSetting": null, "intentClosingSetting": {"isActive": true, "closingResponse": {"allowInterrupt": true, "messageGroupsList": [{"message": {"imageResponseCard": null, "ssmlMessage": null, "customPayload": null, "plainTextMessage": {"value": "Intent Received: Radioactive_decay"}}, "variations": null}]}, "nextStep": {"intent": {"name": null, "slots": null}, "dialogAction": {"type": "EndConversation", "suppressNextMessage": null, "slotToElicit": null}, "sessionAttributes": null}}, "initialResponseSetting": {"initialResponse": null, "codeHook": null, "conditional": null, "nextStep": {"intent": {"name": null, "slots": null}, "dialogAction": {"type": "CloseIntent", "suppressNextMessage": null, "slotToElicit": null}, "sessionAttributes": null}}, "inputContexts": null, "outputContexts": null, "kendraConfiguration": null, "dialogCodeHook": null, "fulfillmentCodeHook": null, "slotPriorities": []}