{"name": "Europe", "identifier": "9UA9ALDXAJ", "description": null, "parentIntentSignature": null, "sampleUtterances": [{"utterance": "This story was read by Ashoke Ganguli shortly before the train he was riding derailed. In this story, a character saves money by not drinking tea at night and walking on his toes to keep his shoes from wearing out. That character in this story dies of a fever and cannot rest until his ghost takes an item from a prominent personage who had scolded him. This story's title object was made by the drunk Petrovitch for a man who eagerly copies documents, and it was stolen on the way back fro"}, {"utterance": "The protagonist of this novel is arrested when he protects an Armenian girl immediately after he saves a girl from a burning house. After the death of five soldiers in this novel, the protagonist is placated by the folk-wisdom of the peasant Platon Karataev. In this novel, Mary offers starving peasants stored grain but has to be saved from their suspicion by Nicholas Rostov. Helene dies while her husband is away at war in this novel. That husband falls in love with Natasha after Prince"}, {"utterance": "The protagonist of this work returns home from the University of Ingolstadt to find that Justine Moritz has been accused of his brother William's murder. The title character, whom Robert Walton discovers in the Arctic in a frame story, had earlier married Elizabeth Lavenza, who was killed on their wedding night. For 10 points, name this Mary Shelley work about a doctor and the monster he creates from dead body parts."}, {"utterance": "One author from this country first created a character that Pushkin called the \"stone guest.\" Another author from this country created a jester named Tristan who pretends to be a Greek merchant in a play that compares Diana of Belflor to the title animal. In another play from this country, Prince Sigismund is locked in a tower, where he imagines that his waking life is not real. For 10 points, name this country that produced the authors of The Dog in the Manger and Life is a Dream, Lop"}, {"utterance": "One character in this novel pretends to lend another a ten-ruble note while actually planting a hundred-ruble note on her. One character in this novel states that he is \"going to America\" before shooting himself on a bridge, while another character from this novel dreams of a pack of drunkards beating a horse to death. Characters in this novel include the alcoholic Marmeladov, his wife Katerina Ivanovna and their daughter Sonya, the prostitute to whom the protagonist confesses his murd"}, {"utterance": "This author wrote \"your black blood won't wash away/The poet's sacred blood!\" in an inflammatory elegy for a contemporary writer. Xzibit would love an essay about the \"mirage\" of this author, which uses A1 through A4 to track the dream within a dream within a dream within a dream of one of his poems. In that poem, this author described a man with a bullet wound slowly bleeding out in a \"dale of Dagestan.\" In this author's major poetic work, a mopey wanderer of the Earth finds himself \""}, {"utterance": "One work from this movement illustrates a point by referring to Saint-Pol-Roux's practice of placing a placard on his door reading \"The Poet Works.\" A poet from this movement wrote \"the curve of your eyes embraces my heart\" in his collection Capital and Pain. This group had fun composing collaborative works by playing exquisite corpse and was encouraged by its leader to engage in \"pure psychic automatism,\" or writing unconsciously. An early work from this movement is a play in which a "}, {"utterance": "A poem by an author from this country compares the poet whose \"giant wings prevent him from walking\" to a sea bird. The poet of \"The Albatross\" hailed from this country and penned a poetry collection that contains the section \"Spleen and Ideal.\" The Parnassian poetry movement began in this country, which is also home to two poets, formerly homosexual lovers, who penned the Saturnine Poems and A Season in Hell. For 10 points, name this home country of Paul Verlaine, Arthur Rimbaud, and "}, {"utterance": "This author wrote one short story in which a man who boasts about his virility successfully seduces Tanya, who used to visit the title characters of every morning for a kringle. This social realist author of \"Twenty Six Men and a Girl\" wrote about Pelageya Nelovna, who supports the acts of her revolutionary son Pavel Vlassov in his play Mother. In another play by this author of The Artamonov Business, Pepel Vaska kills Kostoloff, and the Actor hangs himself at the end of that play, in "}, {"utterance": "This author wrote a short novel whose title character kills Gamzat and joins his enemies, hoping to kill Shamil. The protagonist of another novel by this author unsuccessfully attempts to marry the prostitute Maslova to prevent her from spending time in prison. This author of Hadji Murat and Resurrection wrote about a judge who dies after falling while putting up curtains. A novel by this man opens with the title character's visit to Stepan Oblonsky's estate after his wife Dolly discov"}, {"utterance": "A poem by this author begins by asking \"What's that? An Egg?\" and is based on a biography of Rene Descartes. This author of \"Whoroscope\" wrote a play in which the title man remembers making love to a girl in a punt and laughs at the word \"spool.\" Another play by this author of Krapp's Last Tape begins and ends with Clov stating \"it's finished, it's nearly finished,\" and includes characters named Nagg and Nell who live in trash cans. In his most famous play, Lucky and Pozzo alternate be"}, {"utterance": "A poem by a writer from this country states that \"a boy brought the white sheet\" and \"a frail of lime [was] ready prepared\" at \"five in the afternoon,\" when the titular man was killed. The author of a memoir set in this nation fought for the POUM against fascism before getting shot in the throat. A play written by an author from this nation features a monologue delivered by the Moon, who witnesses a duel between a groom and Leonardo. That play forms a trilogy with Yerma and The House o"}, {"utterance": "In one play by this author, two suitors dress their footmen as nobles to seduce the girls that rejected their marriage proposals. In another play by this author of The Pretentious Young Ladies, a hypochondriac tries to arrange a marriage between Thomas Diaforious and Cl\u00e9ante in order to get free medical treatment. This author of The Imaginary Invalid wrote a play in which Harpagon agrees to let his son marry the girl he loves in exchange for his box of money, while another of his plays"}, {"utterance": "This author wrote a short story about a radio editor who splices together tape cuttings of breaths and pauses. In one novel by him, arms dealing is defended as an honorable profession in a trial in which Erhard Schweigert is sentenced to death. This author of \"Murke's Collected Silences\" wrote a work in which the young bellhop Hugo is adopted by the protagonist's family. Russian prisoner-of-war Boris Lvovich has an affair with Leni Pfeiffer in his Group Portrait with Lady. A failed ass"}, {"utterance": "In a short story by this author, an atheist teacher pretends to be a believer to win Alice, but gets in trouble with the school authorities for his religiosity. This author of \"Eduard and God\" created a character who stands naked in front of a mirror wearing only her father's bowler hat. In one novel by this author of Laughable Loves, Helena is seduced by a scientist seeking revenge on her husband. A postcard saying \"Optimism is the opium of the people!\" causes Ludvik Jahn to be expell"}, {"utterance": "One character in this novel refuses to use a watch, and instead tells time by moving peas from one pan to another at a constant rate. One character in this novel runs away from home after seeing his prosecutor father condemn a prisoner to death in court. An old man in this novel enjoys spitting off his balcony at cats. One character in this novel wants people to say \"Hats off!\" in response to this description of a woman riding a mare down the Bois de Boulogne, the opening line of a nov"}, {"utterance": "In a scene in this play, one character criticizes two clerks playing chess for not moving their pieces all around the board according to the new rules. In multiple scenes in this play, that character drops a stone and sarcastically claims that the stone flew upwards. A second \"American version\" of this play was created by its author in collaboration with actor Charles Laughton, who played the title role. In this play, Christopher Clavius declares that a character who rejects the existe"}, {"utterance": "After this man sees \"something white\" on the ground, which turns out to be five trunks of chopped-down lime trees stripped of bark, he takes Simon to court. This man overhears the proverb \"Loss and gain are brothers twain\" while listening to his wife argue with his sister-in-law about the comforts of town life. On one journey, this character brings along tea and wine, which he offers to a man in a (*) fox-fur cap. After leaving the second of two village communes, this man accepts a cha"}, {"utterance": "One work by this author, about a man who injures himself while hanging curtains, is The Death of Ivan Ilyich. One of his novels has a relationship between Levin and Kitty, while the title character has an affair with Count Vronsky and eventually commits suicide by jumping in front of a (*) train. For 10 points, name this author who wrote about the French invasion of Russia in War and Peace in addition to writing Anna Karenina."}, {"utterance": "The fourth chapter in this collection of adventures features a sensible Badger attempting to curb the reckless behavior of a fellow Wild Wood citizen. That effort fails, causing the Badger to put the citizen under house arrest. While the Water Rat stands guard, Mr. (*) Toad escapes his prison by feigning illness and stealing a car before setting off on a Wild Ride. For 10 points, name this book by Kenneth Grahame."}, {"utterance": "This author, who called Constantin Guys the \"painter of modern life,\" described his drug use in Artificial Paradises. In one of his collections, he compared a poet to a bird whose \"giant wings prevent him from walking\" and called the \"hypocrite reader\" \"my twin, my brother.\" This author wrote \"To the Reader\" and \"The Albatross,\" poems that appeared in his work whose sections include \"Parisian Scenes,\" \"Wine,\" \"Revolt,\" and \"Spleen and Ideal.\" For 10 points, name this French author of L"}, {"utterance": "One of this novelist's books opens by discussing the laws of the vegetable kingdom and describes a sexual encounter between the Baron de Charlus and Jupien. His characters include a composer that creates a violin and piano sonata whose theme incorporates his daughter's lesbian love. One of his novels begins with an \"overture\" in which the narrator is unable to go to sleep because he has not received a (*) kiss from his mother. This author wrote about a man who pursues Albertine and Gil"}], "intentConfirmationSetting": null, "intentClosingSetting": {"isActive": true, "closingResponse": {"allowInterrupt": true, "messageGroupsList": [{"message": {"imageResponseCard": null, "ssmlMessage": null, "customPayload": null, "plainTextMessage": {"value": "Intent Received: Europe"}}, "variations": null}]}, "nextStep": {"intent": {"name": null, "slots": null}, "dialogAction": {"type": "EndConversation", "suppressNextMessage": null, "slotToElicit": null}, "sessionAttributes": null}}, "initialResponseSetting": {"initialResponse": null, "codeHook": null, "conditional": null, "nextStep": {"intent": {"name": null, "slots": null}, "dialogAction": {"type": "CloseIntent", "suppressNextMessage": null, "slotToElicit": null}, "sessionAttributes": null}}, "inputContexts": null, "outputContexts": null, "kendraConfiguration": null, "dialogCodeHook": null, "fulfillmentCodeHook": null, "slotPriorities": []}