{"name": "Tropical_cyclone", "identifier": "9UA9ALDXAJ", "description": null, "parentIntentSignature": null, "sampleUtterances": [{"utterance": "Hurricane Isabel (2003) as seen from orbit during Expedition 7 of the International Space Station ."}, {"utterance": "The eye , eyewall, and surrounding rainbands , characteristics of tropical cyclones, are clearly visible in this view from space."}, {"utterance": "A tropical cyclone is a storm system characterized by a low-pressure center surrounded by a spiral arrangement of thunderstorms that produce strong winds and heavy rain."}, {"utterance": "Tropical cyclones strengthen when water evaporated from the ocean is released as the saturated air rises, resulting in condensation of water vapor contained in the moist air."}, {"utterance": "They are fueled by a different heat mechanism than other cyclonic windstorms such as nor'easters , European windstorms , and polar lows ."}, {"utterance": "The characteristic that separates tropical cyclones from other cyclonic systems is that at any height in the atmosphere, the center of a tropical cyclone will be warmer than its surroundings; a phenomenon called \" warm core \" storm systems."}, {"utterance": "The term \"tropical\" refers both to the geographical origin of these systems, which usually form in tropical regions of the globe, and to their formation in maritime tropical air masses ."}, {"utterance": "The term \"cyclone\" refers to such storms' cyclonic nature, with counterclockwise wind flow in the Northern Hemisphere and clockwise wind flow in the Southern Hemisphere ."}, {"utterance": "The opposite direction of the wind flow is a result of the Coriolis force ."}, {"utterance": "Depending on its location and strength, a tropical cyclone is referred to by names such as hurricane (, ), typhoon (), tropical storm , cyclonic storm, tropical depression , and simply cyclone."}, {"utterance": "While tropical cyclones can produce extremely powerful winds and torrential rain , they are also able to produce high waves, damaging storm surge , and tornadoes ."}, {"utterance": "They develop over large bodies of warm water, and lose their strength if they move over land due to increased surface friction and loss of the warm ocean as an energy source."}, {"utterance": "This is why coastal regions can receive significant damage from a tropical cyclone, while inland regions are relatively safe from receiving strong winds."}, {"utterance": "Heavy rains, however, can produce significant flooding inland, and storm surges can produce extensive coastal flooding up to from the coastline."}, {"utterance": "Although their effects on human populations can be devastating, tropical cyclones can relieve drought conditions."}, {"utterance": "They also carry heat energy away from the tropics and transport it toward temperate latitudes , which makes them an important part of the global atmospheric circulation mechanism."}, {"utterance": "As a result, tropical cyclones help to maintain equilibrium in the Earth's troposphere , and to maintain a relatively stable and warm temperature worldwide."}, {"utterance": "Many tropical cyclones develop when the atmospheric conditions around a weak disturbance in the atmosphere are favorable."}], "intentConfirmationSetting": null, "intentClosingSetting": {"isActive": true, "closingResponse": {"allowInterrupt": true, "messageGroupsList": [{"message": {"imageResponseCard": null, "ssmlMessage": null, "customPayload": null, "plainTextMessage": {"value": "Intent Received: Tropical_cyclone"}}, "variations": null}]}, "nextStep": {"intent": {"name": null, "slots": null}, "dialogAction": {"type": "EndConversation", "suppressNextMessage": null, "slotToElicit": null}, "sessionAttributes": null}}, "initialResponseSetting": {"initialResponse": null, "codeHook": null, "conditional": null, "nextStep": {"intent": {"name": null, "slots": null}, "dialogAction": {"type": "CloseIntent", "suppressNextMessage": null, "slotToElicit": null}, "sessionAttributes": null}}, "inputContexts": null, "outputContexts": null, "kendraConfiguration": null, "dialogCodeHook": null, "fulfillmentCodeHook": null, "slotPriorities": []}