{"name": "Triticale", "identifier": "9UA9ALDXAJ", "description": null, "parentIntentSignature": null, "sampleUtterances": [{"utterance": "Triticale (\u00d7 Triticosecale), () is a hybrid of wheat (Triticum) and rye (Secale) first bred in laboratories during the late 19th century."}, {"utterance": "The grain was originally bred in Scotland and Sweden ."}, {"utterance": "Commercially available triticale is almost always a second generation hybrid, i.e., a cross between two kinds of primary (first cross) triticales."}, {"utterance": "As a rule, triticale combines the yield potential and grain quality of wheat with the disease and environmental tolerance (including soil conditions) of rye ."}, {"utterance": "Only recently has it been developed into a commercially viable crop."}, {"utterance": "Depending on the cultivar , triticale can more or less resemble either of its parents."}, {"utterance": "It is grown mostly for forage or fodder , although some triticale-based foods can be purchased at health food stores or are to be found in some breakfast cereals ."}, {"utterance": "When crossing wheat and rye, wheat is used as the female parent and rye as the male parent (pollen donor)."}, {"utterance": "The resulting hybrid is sterile , and must be treated with colchicine to induce polyploidy and thus the ability to reproduce itself."}, {"utterance": "The primary producers of triticale are Poland , Germany , France , Belarus and Australia ."}, {"utterance": "In 2009, according to the Food and Agriculture Organization (FAO), 15.0 million tons were harvested in 29 countries across the world."}, {"utterance": "The triticale hybrids are all amphidiploid , which means the plant is diploid for two genomes derived from different species ."}, {"utterance": "In other words, triticale is an allotetraploid ."}, {"utterance": "In earlier years, most work was done on octoploid triticale."}, {"utterance": "Different ploidy levels have been created and evaluated over time."}, {"utterance": "The tetraploids showed little promise, but hexaploid triticale was successful enough to find commercial application."}, {"utterance": "The CIMMYT triticale improvement program wanted to improve food production and nutrition in developing countries ."}, {"utterance": "Triticale has potential in the production of bread and other food products, such as cookies , pasta , pizza dough and breakfast cereals ."}, {"utterance": "The protein content is higher than that of wheat , although the glutenin fraction is less."}], "intentConfirmationSetting": null, "intentClosingSetting": {"isActive": true, "closingResponse": {"allowInterrupt": true, "messageGroupsList": [{"message": {"imageResponseCard": null, "ssmlMessage": null, "customPayload": null, "plainTextMessage": {"value": "Intent Received: Triticale"}}, "variations": null}]}, "nextStep": {"intent": {"name": null, "slots": null}, "dialogAction": {"type": "EndConversation", "suppressNextMessage": null, "slotToElicit": null}, "sessionAttributes": null}}, "initialResponseSetting": {"initialResponse": null, "codeHook": null, "conditional": null, "nextStep": {"intent": {"name": null, "slots": null}, "dialogAction": {"type": "CloseIntent", "suppressNextMessage": null, "slotToElicit": null}, "sessionAttributes": null}}, "inputContexts": null, "outputContexts": null, "kendraConfiguration": null, "dialogCodeHook": null, "fulfillmentCodeHook": null, "slotPriorities": []}