{"name": "Human_lung", "identifier": "9UA9ALDXAJ", "description": null, "parentIntentSignature": null, "sampleUtterances": [{"utterance": "The human lungs are the organs of respiration in humans."}, {"utterance": "Humans have two lungs , a right lung and a left lung."}, {"utterance": "The right lung consists of three lobes while the left lung is slightly smaller consisting of only two lobes (the left lung has a \"cardiac notch\" allowing space for the heart within the chest)."}, {"utterance": "Together, the lungs contain approximately of airways and 300 to 500 million alveoli , having a total surface area of about () in adults \u2014 roughly the same area as one side of a tennis court."}, {"utterance": "Furthermore, if all of the capillaries that surround the alveoli were unwound and laid end to end, they would extend for about ."}, {"utterance": "Each lung weighs , therefore making the entire organ about ."}, {"utterance": "Human lungs"}, {"utterance": "The trachea divides into two bronchi (one for each side) at the level of T4."}, {"utterance": "This junction is also known as the carina ."}, {"utterance": "The conducting zone contains the trachea , the bronchi , the bronchioles , and the terminal bronchioles The respiratory zone contains the respiratory bronchioles , the alveolar ducts , and the alveoli ."}, {"utterance": "The conducting zone and the respiratory stuffers (but not the alveoli) are made up of airways ."}, {"utterance": "The conducting zone has no gas exchange with the blood, and is reinforced with cartilage in order to hold open the airways."}, {"utterance": "The conducting zone warms the air to and humidifies the air."}, {"utterance": "It also cleanses the air by removing particles via cilia located on the walls of all the passageways."}, {"utterance": "The lungs are surrounded by the rib cage ."}, {"utterance": "The respiratory zone is the site of gas exchange with blood."}, {"utterance": "The sympathetic nervous system via noradrenaline acting on the beta receptors causes bronchodilation ."}, {"utterance": "The parasympathetic nervous system via acetylcholine , which acts on the M-3 muscarinic receptors , maintains the resting tone of the bronchiolar smooth muscle."}], "intentConfirmationSetting": null, "intentClosingSetting": {"isActive": true, "closingResponse": {"allowInterrupt": true, "messageGroupsList": [{"message": {"imageResponseCard": null, "ssmlMessage": null, "customPayload": null, "plainTextMessage": {"value": "Intent Received: Human_lung"}}, "variations": null}]}, "nextStep": {"intent": {"name": null, "slots": null}, "dialogAction": {"type": "EndConversation", "suppressNextMessage": null, "slotToElicit": null}, "sessionAttributes": null}}, "initialResponseSetting": {"initialResponse": null, "codeHook": null, "conditional": null, "nextStep": {"intent": {"name": null, "slots": null}, "dialogAction": {"type": "CloseIntent", "suppressNextMessage": null, "slotToElicit": null}, "sessionAttributes": null}}, "inputContexts": null, "outputContexts": null, "kendraConfiguration": null, "dialogCodeHook": null, "fulfillmentCodeHook": null, "slotPriorities": []}