{"name": "World_Trade_Center", "identifier": "9UA9ALDXAJ", "description": null, "parentIntentSignature": null, "sampleUtterances": [{"utterance": "The World Trade Center is a complex of buildings under construction in Lower Manhattan , New York City , United States , replacing an earlier complex of seven buildings with the same name on the same site."}, {"utterance": "The original World Trade Center featured landmark twin towers, which opened on April 4, 1973 and were destroyed in the September 11 attacks of 2001, along with 7 World Trade Center."}, {"utterance": "The other buildings in the complex were damaged in the attacks, and their ruins were eventually demolished."}, {"utterance": "The site is being rebuilt with five new skyscrapers and a memorial to those killed in the attacks."}, {"utterance": ", only one skyscraper has been completed; the other four are expected to be completed before 2020."}, {"utterance": "One World Trade Center will be the lead building for the new complex, reaching more than 100 stories at its completion."}, {"utterance": "It became the tallest building in New York City on April 30, 2012, and is expected to be finished by 2013."}, {"utterance": "A sixth tower is awaiting confirmation."}, {"utterance": "At the time of their completion, the original 1 World Trade Center (the North Tower) and 2 World Trade Center (the South Tower), known collectively as the \"Twin Towers\", were the tallest buildings in the world."}, {"utterance": "The other buildings included 3 WTC (the Marriott World Trade Center ), 4 WTC , 5 WTC , 6 WTC , and 7 WTC ."}, {"utterance": "All of these buildings were built between 1975 and 1985."}, {"utterance": "The cost for the construction was $400 million ($ in dollars)."}, {"utterance": "The complex was located in the heart of New York City's downtown financial district and contained 13.4 million square feet (1.24 million m2) of office space."}, {"utterance": "The World Trade Center experienced a fire on , 1975, a bombing on , 1993 and a robbery on , 1998."}, {"utterance": "In 1998, the Port Authority decided to privatize the World Trade Center, leasing the buildings to a private company to manage, and awarded the lease to Silverstein Properties in ."}, {"utterance": "On the morning of September 11, 2001, Al-Qaeda -affiliated hijackers flew two Boeing 767 jets into the complex, one into each tower, in a coordinated terrorist attack ."}, {"utterance": "After burning for 56 minutes, the South Tower (2) collapsed, followed a half-hour later by the North Tower (1), with the attacks on the World Trade Center resulting in 2,753 deaths."}, {"utterance": "Falling debris from the towers, combined with fires that the debris initiated in several surrounding buildings, led to the partial or complete collapse of all the other buildings in the complex and caused catastrophic damage to ten other large structures in the surrounding area."}, {"utterance": "The process of cleanup and recovery at the World Trade Center site took eight months."}], "intentConfirmationSetting": null, "intentClosingSetting": {"isActive": true, "closingResponse": {"allowInterrupt": true, "messageGroupsList": [{"message": {"imageResponseCard": null, "ssmlMessage": null, "customPayload": null, "plainTextMessage": {"value": "Intent Received: World_Trade_Center"}}, "variations": null}]}, "nextStep": {"intent": {"name": null, "slots": null}, "dialogAction": {"type": "EndConversation", "suppressNextMessage": null, "slotToElicit": null}, "sessionAttributes": null}}, "initialResponseSetting": {"initialResponse": null, "codeHook": null, "conditional": null, "nextStep": {"intent": {"name": null, "slots": null}, "dialogAction": {"type": "CloseIntent", "suppressNextMessage": null, "slotToElicit": null}, "sessionAttributes": null}}, "inputContexts": null, "outputContexts": null, "kendraConfiguration": null, "dialogCodeHook": null, "fulfillmentCodeHook": null, "slotPriorities": []}