{"name": "Greco-Persian_Wars", "identifier": "9UA9ALDXAJ", "description": null, "parentIntentSignature": null, "sampleUtterances": [{"utterance": "The Greco-Persian Wars (also often called the Persian Wars) were a series of conflicts between the Achaemenid Empire of Persia and city-states of the Hellenic world that started in 499 BC and lasted until 449 BC."}, {"utterance": "The collision between the fractious political world of the Greeks and the enormous empire of the Persians began when Cyrus the Great conquered Ionia in 547 BC."}, {"utterance": "Struggling to rule the independent-minded cities of Ionia, the Persians appointed tyrants to rule each of them."}, {"utterance": "This would prove to be the source of much trouble for the Greeks and Persians alike."}, {"utterance": "In 499 BC, the then tyrant of Miletus , Aristagoras , embarked on an expedition to conquer the island of Naxos , with Persian support; however, the expedition was a debacle and, pre-empting his dismissal, Aristagoras incited all of Hellenic Asia Minor into rebellion against the Persians."}, {"utterance": "This was the beginning of the Ionian Revolt , which would last until 493 BC, progressively drawing more regions of Asia Minor into the conflict."}, {"utterance": "Aristagoras secured military support from Athens and Eretria , and in 498 BC these forces helped to capture and burn the Persian regional capital of Sardis ."}, {"utterance": "The Persian king Darius the Great vowed to have revenge on Athens and Eretria for this act."}, {"utterance": "The revolt continued, with the two sides effectively stalemated throughout 497\u2013495 BC."}, {"utterance": "In 494 BC, the Persians regrouped, and attacked the epicentre of the revolt in Miletus."}, {"utterance": "At the Battle of Lade , the Ionians suffered a decisive defeat, and the rebellion collapsed, with the final members being stamped out the following year."}, {"utterance": "Seeking to secure his empire from further revolts and from the interference of the mainland Greeks, Darius embarked on a scheme to conquer Greece and to punish Athens and Eretria for burning Sardis."}, {"utterance": "The first Persian invasion of Greece began in 492 BC, with the Persian general Mardonius conquering Thrace and Macedon before several mishaps forced an early end to the campaign."}, {"utterance": "In 490 BC a second force was sent to Greece, this time across the Aegean Sea , under the command of Datis and Artaphernes ."}, {"utterance": "This expedition subjugated the Cyclades , before besieging, capturing and razing Eretria."}, {"utterance": "However, while en route to attack Athens, the Persian force was decisively defeated by the Athenians at the Battle of Marathon , ending Persian efforts for the time being."}, {"utterance": "Darius then began to plan to complete the conquest of Greece, but died in 486 BC and responsibility for the conquest passed to his son Xerxes I ."}, {"utterance": "In 480 BC, Xerxes personally led the second Persian invasion of Greece with one of the largest ancient armies ever assembled."}, {"utterance": "Victory over the 'Allied' Greek states (led by Sparta and Athens) at the Battle of Thermopylae allowed the Persians to torch Athens and overrun most of Greece."}, {"utterance": "However, while seeking to destroy the combined Greek fleet, the Persians suffered a severe defeat at the Battle of Salamis ."}, {"utterance": "The following year, the confederated Greeks went on the offensive, defeating the Persian army at the Battle of Plataea , and ending the invasion of Greece."}, {"utterance": "The allied Greeks followed up their success by destroying the rest of the Persian fleet at the Battle of Mycale , before expelling Persian garrisons from Sestos (479 BC) and Byzantium (478 BC)."}], "intentConfirmationSetting": null, "intentClosingSetting": {"isActive": true, "closingResponse": {"allowInterrupt": true, "messageGroupsList": [{"message": {"imageResponseCard": null, "ssmlMessage": null, "customPayload": null, "plainTextMessage": {"value": "Intent Received: Greco-Persian_Wars"}}, "variations": null}]}, "nextStep": {"intent": {"name": null, "slots": null}, "dialogAction": {"type": "EndConversation", "suppressNextMessage": null, "slotToElicit": null}, "sessionAttributes": null}}, "initialResponseSetting": {"initialResponse": null, "codeHook": null, "conditional": null, "nextStep": {"intent": {"name": null, "slots": null}, "dialogAction": {"type": "CloseIntent", "suppressNextMessage": null, "slotToElicit": null}, "sessionAttributes": null}}, "inputContexts": null, "outputContexts": null, "kendraConfiguration": null, "dialogCodeHook": null, "fulfillmentCodeHook": null, "slotPriorities": []}