[{"id": "3a1e9419-84ba-44f6-bd2d-004b584c4b97", "data": [{"text": "The American Civil War (ACW), also known as the War between the States or simply the Civil War (see naming ), was a civil war fought from 1861 to 1865 between the United States (the \"Union\" or the \"North\") and several Southern slave states that declared their secession and formed the Confederate States of America (the \"Confederacy\" or the \"South\").", "userDefined": false}], "isTemplate": false, "count": 0, "lang": "en", "updated": 0}, {"id": "0f356f57-edb7-4568-afe1-5c5924c1536f", "data": [{"text": "The war had its origin in the issue of slavery , especially the extension of slavery into the western territories.", "userDefined": false}], "isTemplate": false, "count": 0, "lang": "en", "updated": 0}, {"id": "0c7595a2-f854-41f4-88f5-65ccbac5eedb", "data": [{"text": "Foreign powers did not intervene.", "userDefined": false}], "isTemplate": false, "count": 0, "lang": "en", "updated": 0}, {"id": "ac2e4699-3542-40c9-a34e-c636238b0487", "data": [{"text": "After four years of bloody combat that left over 600,000 soldiers dead and destroyed much of the South's infrastructure, the Confederacy collapsed, slavery was abolished, and the difficult Reconstruction process of restoring national unity and guaranteeing rights to the freed slaves began.", "userDefined": false}], "isTemplate": false, "count": 0, "lang": "en", "updated": 0}, {"id": "d5a45dc1-31c0-4024-b22b-0818b026a092", "data": [{"text": "In the 1860 presidential election , Republicans, led by Abraham Lincoln , opposed expanding slavery into United States' territories .", "userDefined": false}], "isTemplate": false, "count": 0, "lang": "en", "updated": 0}, {"id": "e9d932d5-87bb-40d2-9e99-62d7d149db2e", "data": [{"text": "Lincoln won, but before his inauguration on March 4, 1861, seven cotton-based slave states formed the Confederacy.", "userDefined": false}], "isTemplate": false, "count": 0, "lang": "en", "updated": 0}, {"id": "735a031e-09b1-46f6-a31f-6b82c53a30a1", "data": [{"text": "Outgoing Democratic President James Buchanan and the incoming Republicans rejected secession as illegal.", "userDefined": false}], "isTemplate": false, "count": 0, "lang": "en", "updated": 0}, {"id": "3aa7aa4b-7e97-498b-8c8e-fcd40cf2102f", "data": [{"text": "Lincoln's inaugural address declared his administration would not initiate civil war.", "userDefined": false}], "isTemplate": false, "count": 0, "lang": "en", "updated": 0}, {"id": "584f203c-497e-41b8-bffb-8e3c7682bc79", "data": [{"text": "Eight remaining slave states continued to reject calls for secession.", "userDefined": false}], "isTemplate": false, "count": 0, "lang": "en", "updated": 0}, {"id": "21eb1126-0962-42a6-a0d1-eeb61174b7a3", "data": [{"text": "Confederate forces seized numerous federal forts within territory claimed by the Confederacy.", "userDefined": false}], "isTemplate": false, "count": 0, "lang": "en", "updated": 0}, {"id": "6b6215a5-edb3-476e-966c-8ab106bb61a1", "data": [{"text": "A Peace Conference failed to find a compromise, and both sides prepared for war.", "userDefined": false}], "isTemplate": false, "count": 0, "lang": "en", "updated": 0}, {"id": "02fa96d6-7484-440b-837b-b6b8a255b7c6", "data": [{"text": "The Confederates assumed that European countries were so dependent on \" King Cotton \" that they would intervene; none did and none recognized the new Confederate States of America.", "userDefined": false}], "isTemplate": false, "count": 0, "lang": "en", "updated": 0}, {"id": "e53fc0e2-f066-4f34-ab30-3493e85a7bce", "data": [{"text": "Hostilities began on April 12, 1861, when Confederate forces fired upon Fort Sumter , a key fort held by Union troops in South Carolina.", "userDefined": false}], "isTemplate": false, "count": 0, "lang": "en", "updated": 0}, {"id": "5b678e37-0acb-42b9-9806-9b3f352da3d9", "data": [{"text": "Lincoln called for each state to provide troops to retake the fort; consequently, four more slave states joined the Confederacy, bringing their total to eleven.", "userDefined": false}], "isTemplate": false, "count": 0, "lang": "en", "updated": 0}, {"id": "62921f2c-6e3e-4064-a2e8-81785e9cce49", "data": [{"text": "The Union soon controlled the border states and established a naval blockade that crippled the southern economy.", "userDefined": false}], "isTemplate": false, "count": 0, "lang": "en", "updated": 0}, {"id": "5969ccab-f018-4094-8826-b6cf47ad2ca3", "data": [{"text": "The Eastern Theater was inconclusive in 1861\u201362.", "userDefined": false}], "isTemplate": false, "count": 0, "lang": "en", "updated": 0}, {"id": "205cb0ae-5b83-474f-8eff-f06db635e183", "data": [{"text": "The autumn 1862 Confederate campaign into Maryland (a Union state) ended with Confederate retreat at the Battle of Antietam , dissuading British intervention.", "userDefined": false}], "isTemplate": false, "count": 0, "lang": "en", "updated": 0}, {"id": "2de120e9-326b-478f-9b56-b16fa019865c", "data": [{"text": "Lincoln issued the Emancipation Proclamation , which made ending slavery a war goal.", "userDefined": false}], "isTemplate": false, "count": 0, "lang": "en", "updated": 0}, {"id": "34689672-bbcf-47b0-bf46-ccf02ea28ba1", "data": [{"text": "To the west, by summer 1862 the Union destroyed the Confederate river navy, then much of their western armies, and the Union at Vicksburg split the Confederacy in two at the Mississippi River.", "userDefined": false}], "isTemplate": false, "count": 0, "lang": "en", "updated": 0}, {"id": "d480cc2c-6b83-4e33-96f5-17e84236b567", "data": [{"text": "In 1863, Robert E. Lee's Confederate incursion north ended at the Battle of Gettysburg .", "userDefined": false}], "isTemplate": false, "count": 0, "lang": "en", "updated": 0}, {"id": "5e5a66ec-a3d4-4194-a48c-2ed7a7b12c03", "data": [{"text": "Western successes led to Ulysses S. Grant command of all Union armies in 1864.", "userDefined": false}], "isTemplate": false, "count": 0, "lang": "en", "updated": 0}, {"id": "de5256f4-4cd4-4be2-9ab1-e4c9eaa6582e", "data": [{"text": "In the Western Theater, William T. Sherman drove east to capture Atlanta and marched to the sea , destroying Confederate infrastructure along the way.", "userDefined": false}], "isTemplate": false, "count": 0, "lang": "en", "updated": 0}, {"id": "ec1fce41-c966-4a4d-a7cc-89166a53d757", "data": [{"text": "The Union marshaled the resources and manpower to attack the Confederacy from all directions, and could afford to fight battles of attrition through the Overland Campaign towards Richmond, the Confederate capital.", "userDefined": false}], "isTemplate": false, "count": 0, "lang": "en", "updated": 0}]