[{"id": "4365861d-2e61-4007-86f2-7decfe765a68", "data": [{"text": "Each antibody binds to a specific antigen ; an interaction similar to a lock and key.", "userDefined": false}], "isTemplate": false, "count": 0, "lang": "en", "updated": 0}, {"id": "3adf2f4a-4194-4155-8eb3-9ca84418126d", "data": [{"text": "An antibody (Ab), also known as an immunoglobulin (Ig), is a large Y-shaped protein produced by B-cells that is used by the immune system to identify and neutralize foreign objects such as bacteria and viruses .", "userDefined": false}], "isTemplate": false, "count": 0, "lang": "en", "updated": 0}, {"id": "c5d89cec-b8cc-4e10-a1c4-8653fa9b86e2", "data": [{"text": "The antibody recognizes a unique part of the foreign target, called an antigen .", "userDefined": false}], "isTemplate": false, "count": 0, "lang": "en", "updated": 0}, {"id": "fb6c27b0-ef08-4efb-b222-718e0c37e024", "data": [{"text": "Each tip of the \"Y\" of an antibody contains a paratope (a structure analogous to a lock) that is specific for one particular epitope (similarly analogous to a key) on an antigen, allowing these two structures to bind together with precision.", "userDefined": false}], "isTemplate": false, "count": 0, "lang": "en", "updated": 0}, {"id": "a1612ef0-4d84-4967-8f50-0a0709b82a7b", "data": [{"text": "Using this binding mechanism, an antibody can tag a microbe or an infected cell for attack by other parts of the immune system, or can neutralize its target directly (for example, by blocking a part of a microbe that is essential for its invasion and survival).", "userDefined": false}], "isTemplate": false, "count": 0, "lang": "en", "updated": 0}, {"id": "b66dd19a-f2d5-4739-b502-3a68f2c93b28", "data": [{"text": "The production of antibodies is the main function of the humoral immune system .", "userDefined": false}], "isTemplate": false, "count": 0, "lang": "en", "updated": 0}, {"id": "bcba5ba5-d0c3-4cf1-afee-688584639b1e", "data": [{"text": "Antibodies are secreted by a type of white blood cell called a plasma cell .", "userDefined": false}], "isTemplate": false, "count": 0, "lang": "en", "updated": 0}, {"id": "95c1476e-11a2-4583-be41-95197e8a33ae", "data": [{"text": "Antibodies can occur in two physical forms, a soluble form that is secreted from the cell, and a membrane -bound form that is attached to the surface of a B cell and is referred to as the B cell receptor (BCR).", "userDefined": false}], "isTemplate": false, "count": 0, "lang": "en", "updated": 0}, {"id": "fbbe8d4f-2292-4987-ad7c-421db595a30d", "data": [{"text": "The BCR is only found on the surface of B cells and facilitates the activation of these cells and their subsequent differentiation into either antibody factories called plasma cells , or memory B cells that will survive in the body and remember that same antigen so the B cells can respond faster upon future exposure.", "userDefined": false}], "isTemplate": false, "count": 0, "lang": "en", "updated": 0}, {"id": "55e8e93d-7488-4cd2-8b69-e401e69c8668", "data": [{"text": "In most cases, interaction of the B cell with a T helper cell is necessary to produce full activation of the B cell and, therefore, antibody generation following antigen binding.", "userDefined": false}], "isTemplate": false, "count": 0, "lang": "en", "updated": 0}, {"id": "216bca02-1945-49eb-a050-52a4fc93b272", "data": [{"text": "Soluble antibodies are released into the blood and tissue fluids, as well as many secretions to continue to survey for invading microorganisms.", "userDefined": false}], "isTemplate": false, "count": 0, "lang": "en", "updated": 0}, {"id": "6f80106d-31d6-4e79-a3b8-89f1c3e6039b", "data": [{"text": "Antibodies are glycoproteins belonging to the immunoglobulin superfamily ; the terms antibody and immunoglobulin are often used interchangeably.", "userDefined": false}], "isTemplate": false, "count": 0, "lang": "en", "updated": 0}, {"id": "e2886b42-5f5f-44f5-895d-0b2f1f2f7919", "data": [{"text": "Antibodies are typically made of basic structural units\u2014each with two large heavy chains and two small light chains .", "userDefined": false}], "isTemplate": false, "count": 0, "lang": "en", "updated": 0}, {"id": "b3aef730-f701-4b24-ab8e-89b127d944f4", "data": [{"text": "There are several different types of antibody heavy chains, and several different kinds of antibodies, which are grouped into different isotypes based on which heavy chain they possess.", "userDefined": false}], "isTemplate": false, "count": 0, "lang": "en", "updated": 0}, {"id": "11d5c309-3311-4887-9e2f-76ffb3a70256", "data": [{"text": "Five different antibody isotypes are known in mammals, which perform different roles, and help direct the appropriate immune response for each different type of foreign object they encounter.", "userDefined": false}], "isTemplate": false, "count": 0, "lang": "en", "updated": 0}, {"id": "49d8d968-d05a-48ac-b4c4-a76d98fbde88", "data": [{"text": "Though the general structure of all antibodies is very similar, a small region at the tip of the protein is extremely variable, allowing millions of antibodies with slightly different tip structures, or antigen binding sites, to exist.", "userDefined": false}], "isTemplate": false, "count": 0, "lang": "en", "updated": 0}, {"id": "81c77a71-f3a7-46d4-a883-d8b8559195dd", "data": [{"text": "This region is known as the hypervariable region.", "userDefined": false}], "isTemplate": false, "count": 0, "lang": "en", "updated": 0}, {"id": "aad2b411-c8b1-430a-a652-1981e8a760ef", "data": [{"text": "Each of these variants can bind to a different antigen.", "userDefined": false}], "isTemplate": false, "count": 0, "lang": "en", "updated": 0}]