[{"id": "aa4eb11b-7e1d-449f-8281-670cad254609", "data": [{"text": "Typical strip of bacon.", "userDefined": false}], "isTemplate": false, "count": 0, "lang": "en", "updated": 0}, {"id": "0bff6120-4f1f-495e-9b01-2f68225767d7", "data": [{"text": "Bacon is a cured meat prepared from a pig .", "userDefined": false}], "isTemplate": false, "count": 0, "lang": "en", "updated": 0}, {"id": "d6410660-fb14-4181-9330-d9353b2e661b", "data": [{"text": "It is first cured using large quantities of salt, either in a brine or in a dry packing; the result is fresh bacon (also known as green bacon).", "userDefined": false}], "isTemplate": false, "count": 0, "lang": "en", "updated": 0}, {"id": "89ec44a0-b6c6-4cb0-96ce-9c1ca2415890", "data": [{"text": "Fresh bacon may then be further dried for weeks or months in cold air, or it may be boiled or smoked .", "userDefined": false}], "isTemplate": false, "count": 0, "lang": "en", "updated": 0}, {"id": "3c9f53bd-4b23-4e75-95ec-f322ed42bf78", "data": [{"text": "Fresh and dried bacon is typically cooked before eating.", "userDefined": false}], "isTemplate": false, "count": 0, "lang": "en", "updated": 0}, {"id": "b5c81fe2-abe2-4075-bde3-6ce8b136053b", "data": [{"text": "Boiled bacon is ready to eat, as is some smoked bacon, but may be cooked further before eating.", "userDefined": false}], "isTemplate": false, "count": 0, "lang": "en", "updated": 0}, {"id": "3fd4ef4f-2a84-4967-b46d-5be393b8f5f0", "data": [{"text": "Bacon is prepared from several different cuts of meat .", "userDefined": false}], "isTemplate": false, "count": 0, "lang": "en", "updated": 0}, {"id": "4a38901b-ea1d-4f60-80af-932adf239021", "data": [{"text": "It is usually made from side and back cuts of pork, except in the United States, where it is almost always prepared from pork belly (typically referred to as \"streaky\", \"fatty\", or \"American style\" outside of the US and Canada).", "userDefined": false}], "isTemplate": false, "count": 0, "lang": "en", "updated": 0}, {"id": "547ff977-654b-4f8a-b071-65a541fce049", "data": [{"text": "The side cut has more meat and less fat than the belly.", "userDefined": false}], "isTemplate": false, "count": 0, "lang": "en", "updated": 0}, {"id": "16451103-cb42-41ed-bad1-0fed5fd0883c", "data": [{"text": "Bacon may be prepared from either of two distinct back cuts: fatback , which is almost pure fat, and pork loin , which is very lean.", "userDefined": false}], "isTemplate": false, "count": 0, "lang": "en", "updated": 0}, {"id": "cff8579b-830f-4200-9860-ccf55ef34d7f", "data": [{"text": "Bacon-cured pork loin is known as back bacon .", "userDefined": false}], "isTemplate": false, "count": 0, "lang": "en", "updated": 0}, {"id": "dc836d02-650c-484d-bba7-b2c9b4dc6ff6", "data": [{"text": "Uncooked pork belly bacon strips.", "userDefined": false}], "isTemplate": false, "count": 0, "lang": "en", "updated": 0}, {"id": "9888bcc6-1988-41b4-9b3b-a5631292d86d", "data": [{"text": "Bacon may be eaten smoked, boiled, fried, baked, or grilled, or used as a minor ingredient to flavor dishes.", "userDefined": false}], "isTemplate": false, "count": 0, "lang": "en", "updated": 0}, {"id": "8c1b6578-ac66-4f9d-b472-d37dfda0e063", "data": [{"text": "Bacon is also used for barding and larding roasts, especially game, e.g. venison, pheasant.", "userDefined": false}], "isTemplate": false, "count": 0, "lang": "en", "updated": 0}, {"id": "ff4a73c5-a78d-49c0-8cb3-543d861fa4ff", "data": [{"text": "The word is derived from the Old High German bacho, meaning \"buttock\", \"ham\" or \"side of bacon\", and cognate with the Old French bacon.", "userDefined": false}], "isTemplate": false, "count": 0, "lang": "en", "updated": 0}, {"id": "3c1ac76b-8b5a-4fec-beb3-be397e985319", "data": [{"text": "In continental Europe , this part of the pig is usually not smoked like bacon is in the United States; it is used primarily in cubes ( lardons ) as a cooking ingredient, valued both as a source of fat and for its flavor.", "userDefined": false}], "isTemplate": false, "count": 0, "lang": "en", "updated": 0}, {"id": "82e43b1c-3e9a-4e74-bbe6-3bb645c8f760", "data": [{"text": "In Italy , this is called pancetta and is usually cooked in small cubes or served uncooked and thinly sliced as part of an antipasto .", "userDefined": false}], "isTemplate": false, "count": 0, "lang": "en", "updated": 0}, {"id": "abe96dc4-9eaf-4e7c-8b29-b785b6a2fb08", "data": [{"text": "Meat from other animals, such as beef , lamb , chicken , goat , or turkey , may also be cut, cured, or otherwise prepared to resemble bacon, and may even be referred to as \"bacon\".", "userDefined": false}], "isTemplate": false, "count": 0, "lang": "en", "updated": 0}, {"id": "9d64c92b-3d8b-4772-9d99-475364c995d7", "data": [{"text": "Such use is common in areas with significant Jewish and Muslim populations.", "userDefined": false}], "isTemplate": false, "count": 0, "lang": "en", "updated": 0}, {"id": "27ffb81f-8252-4770-8127-d76e897db4f8", "data": [{"text": "The USDA defines bacon as \"the cured belly of a swine carcass\"; other cuts and characteristics must be separately qualified (e.g., \"smoked pork loin bacon\").", "userDefined": false}], "isTemplate": false, "count": 0, "lang": "en", "updated": 0}, {"id": "6c285b76-f7ee-44b4-b5bb-7a67eff302c3", "data": [{"text": "For safety, bacon must be treated to prevent trichinosis , caused by Trichinella , a parasitic roundworm which can be destroyed by heating, freezing, drying, or smoking.", "userDefined": false}], "isTemplate": false, "count": 0, "lang": "en", "updated": 0}, {"id": "63b74c9e-40d6-4521-b1da-fb640667d25c", "data": [{"text": "Bacon is distinguished from salt pork and ham by differences in the brine (or dry packing).", "userDefined": false}], "isTemplate": false, "count": 0, "lang": "en", "updated": 0}]