[{"id": "6f76fe7a-f531-475b-b55e-14d640418548", "data": [{"text": "Oscar Grant was fatally shot by BART police officer Johannes Mehserle in Oakland, California , United States, in the early morning hours of New Year's Day 2009.", "userDefined": false}], "isTemplate": false, "count": 0, "lang": "en", "updated": 0}, {"id": "1d1a61d9-e5be-4211-969a-37f366c5e924", "data": [{"text": "Responding to reports of a fight on a crowded Bay Area Rapid Transit train returning from San Francisco , BART Police officers detained Oscar Grant and several other passengers on the platform at the Fruitvale BART Station .", "userDefined": false}], "isTemplate": false, "count": 0, "lang": "en", "updated": 0}, {"id": "5ef7f644-946a-4542-ba5d-a8d5b1009c79", "data": [{"text": "Officer Johannes Mehserle and another officer were restraining Grant, who was prostrate and allegedly resisting arrest.", "userDefined": false}], "isTemplate": false, "count": 0, "lang": "en", "updated": 0}, {"id": "c66a4732-bf83-4ad2-b5ad-83ce819f99c7", "data": [{"text": "Officer Mehserle stood and, according to witnesses, said: \"Get back, I'm gonna tase him.\"", "userDefined": false}], "isTemplate": false, "count": 0, "lang": "en", "updated": 0}, {"id": "e4dd109e-7b76-4755-8c5c-1ef5b5bbd60d", "data": [{"text": "Then Mehserle drew his gun and shot Grant once in the back; Mehserle appeared stunned, put his hands to his head and exclaimed, \"Oh, my God!\"", "userDefined": false}], "isTemplate": false, "count": 0, "lang": "en", "updated": 0}, {"id": "cbdc6e52-3c7c-4d1e-a554-a4f2566bdbce", "data": [{"text": "During his court testimony, Mehserle said that Grant then exclaimed, \"You shot me!\"", "userDefined": false}], "isTemplate": false, "count": 0, "lang": "en", "updated": 0}, {"id": "22b81605-4127-40f4-bd14-e7e9961c871f", "data": [{"text": "Grant turned out to be unarmed; he was pronounced dead the next morning at Highland Hospital in Oakland.", "userDefined": false}], "isTemplate": false, "count": 0, "lang": "en", "updated": 0}, {"id": "9afaad8a-76ad-4363-ac71-022437ce26f9", "data": [{"text": "The events were captured on multiple digital video and cell phone cameras .", "userDefined": false}], "isTemplate": false, "count": 0, "lang": "en", "updated": 0}, {"id": "14c95f8f-3834-4400-ab89-8c4ba57ae8a9", "data": [{"text": "The footage was disseminated to media outlets and to various websites, where it was watched millions of times.", "userDefined": false}], "isTemplate": false, "count": 0, "lang": "en", "updated": 0}, {"id": "695cdb34-5dd2-4e83-bcab-914ac8152e8c", "data": [{"text": "The following days saw both peaceful and violent protests.", "userDefined": false}], "isTemplate": false, "count": 0, "lang": "en", "updated": 0}, {"id": "6d22fd26-fa57-4af5-b3c4-914f79ce26ad", "data": [{"text": "The shooting has been variously labeled an involuntary manslaughter and a summary execution .", "userDefined": false}], "isTemplate": false, "count": 0, "lang": "en", "updated": 0}, {"id": "47eeea5a-7fa2-41fe-b390-baa0cc2e2712", "data": [{"text": "On January 13, Alameda County prosecutors charged Mehserle with murder for the shooting.", "userDefined": false}], "isTemplate": false, "count": 0, "lang": "en", "updated": 0}, {"id": "0a7da117-a2ba-4718-ad80-5f158d7d285f", "data": [{"text": "He resigned his position and pleaded not guilty.", "userDefined": false}], "isTemplate": false, "count": 0, "lang": "en", "updated": 0}, {"id": "a4f42380-b44c-4664-9a85-73c62d7b9c23", "data": [{"text": "The trial began on June 10, 2010.", "userDefined": false}], "isTemplate": false, "count": 0, "lang": "en", "updated": 0}, {"id": "bec53dbc-8f4a-4f3f-b6a8-97d7859ddc9b", "data": [{"text": "Michael Rains , Mehserle's criminal defense attorney, argued that Mehserle mistakenly shot Grant with his pistol , intending to use his Taser when he saw Grant reaching for his waistband.", "userDefined": false}], "isTemplate": false, "count": 0, "lang": "en", "updated": 0}, {"id": "4e72642c-3257-4bc4-b0eb-7084035b312a", "data": [{"text": "Pretrial filings argue that his client did not commit first-degree murder and asked a Los Angeles judge to instruct the jury to limit its deliberations to either second-degree murder or acquittal.", "userDefined": false}], "isTemplate": false, "count": 0, "lang": "en", "updated": 0}, {"id": "1fc8861d-1f7c-407c-9f6f-9799bd3f5760", "data": [{"text": "Oakland civil rights attorney John Burris filed a $25 million wrongful death claim against BART on behalf of Grant's family.", "userDefined": false}], "isTemplate": false, "count": 0, "lang": "en", "updated": 0}, {"id": "f2e1ab44-e54c-497c-bb4c-e65d4a0b9715", "data": [{"text": "On July 8, 2010, the jury returned its verdict: Mehserle was found guilty of involuntary manslaughter and not guilty of second-degree murder and voluntary manslaughter.", "userDefined": false}], "isTemplate": false, "count": 0, "lang": "en", "updated": 0}, {"id": "01f272e0-6e04-49d0-83cb-2886c51d8fb5", "data": [{"text": "Initial protests against the ruling were peacefully organized; looting, arson, destruction of property, and small riots broke out after dark.", "userDefined": false}], "isTemplate": false, "count": 0, "lang": "en", "updated": 0}, {"id": "d9cdd7f3-6544-433f-b92c-0e5326616399", "data": [{"text": "Nearly 80 people were eventually arrested.", "userDefined": false}], "isTemplate": false, "count": 0, "lang": "en", "updated": 0}]