[{"id": "dbe35af5-4fc2-4486-89f2-37bfa2c51124", "data": [{"text": "Benedict Arnold (June 14, 1801) was a general during the American Revolutionary War who originally fought for the American Continental Army but defected to the British Army .", "userDefined": false}], "isTemplate": false, "count": 0, "lang": "en", "updated": 0}, {"id": "0b057526-f3b4-441d-90c2-72e9d2da0bd4", "data": [{"text": "While a general on the American side, he obtained command of the fort at West Point, New York , and planned to surrender it to the British forces.", "userDefined": false}], "isTemplate": false, "count": 0, "lang": "en", "updated": 0}, {"id": "d5c0f658-d52e-479d-8cfc-b28f88e55aa8", "data": [{"text": "After the plan was exposed in September 1780, he was commissioned into the British Army as a brigadier general.", "userDefined": false}], "isTemplate": false, "count": 0, "lang": "en", "updated": 0}, {"id": "e0941d75-5854-4001-bd64-f523b552cf64", "data": [{"text": "Born in Connecticut , Arnold was a merchant operating ships on the Atlantic Ocean when the war broke out in 1775.", "userDefined": false}], "isTemplate": false, "count": 0, "lang": "en", "updated": 0}, {"id": "6e9c23c4-afd9-4a37-83a3-c3fa299bed4d", "data": [{"text": "After joining the growing army outside Boston , he distinguished himself through acts of intelligence and bravery.", "userDefined": false}], "isTemplate": false, "count": 0, "lang": "en", "updated": 0}, {"id": "a03b9bc0-b50b-44fd-a9d2-57652f452dd5", "data": [{"text": "His actions included the Capture of Fort Ticonderoga in 1775, defensive and delaying tactics despite losing the Battle of Valcour Island on Lake Champlain in 1776, the Battle of Ridgefield , Connecticut (after which he was promoted to major general), operations in relief of the Siege of Fort Stanwix , and key actions during the pivotal Battles of Saratoga in 1777, in which he suffered leg injuries that ended his combat career for several years.", "userDefined": false}], "isTemplate": false, "count": 0, "lang": "en", "updated": 0}, {"id": "4b734691-0abe-447b-82f9-09b289daf8b8", "data": [{"text": "Despite Arnold's successes, he was passed over for promotion by the Continental Congress while other officers claimed credit for some of his accomplishments.", "userDefined": false}], "isTemplate": false, "count": 0, "lang": "en", "updated": 0}, {"id": "1f31c6a9-d138-4e91-8f82-49bf3d8b9d9c", "data": [{"text": "Adversaries in military and political circles brought charges of corruption or other malfeasance, but most often he was acquitted in formal inquiries.", "userDefined": false}], "isTemplate": false, "count": 0, "lang": "en", "updated": 0}, {"id": "1a66f1aa-e357-4ca1-85db-773478c8e457", "data": [{"text": "Congress investigated his accounts and found he was indebted to Congress after spending much of his own money on the war effort.", "userDefined": false}], "isTemplate": false, "count": 0, "lang": "en", "updated": 0}, {"id": "13de9f9a-114d-455d-9d1f-9baab94fa5a1", "data": [{"text": "Frustrated and bitter, Arnold decided to change sides in 1779, and opened secret negotiations with the British.", "userDefined": false}], "isTemplate": false, "count": 0, "lang": "en", "updated": 0}, {"id": "ddcd6fdf-49cd-4fe3-a36c-1e8c69686af1", "data": [{"text": "In July 1780, he was offered, continued to pursue and was awarded command of West Point .", "userDefined": false}], "isTemplate": false, "count": 0, "lang": "en", "updated": 0}, {"id": "56fb9663-d32c-4740-ad7d-11a0d67f91b1", "data": [{"text": "Arnold's scheme to surrender the fort to the British was exposed when American forces captured British Major John Andr\u00e9 carrying papers that revealed the plot.", "userDefined": false}], "isTemplate": false, "count": 0, "lang": "en", "updated": 0}, {"id": "5c611406-380b-49f9-a9b8-431e94785e7b", "data": [{"text": "Upon learning of Andr\u00e9's capture, Arnold fled down the Hudson River to the British sloop-of-war Vulture , narrowly avoiding capture by the forces of George Washington , who had been alerted to the plot.", "userDefined": false}], "isTemplate": false, "count": 0, "lang": "en", "updated": 0}, {"id": "7a4e758b-7c5f-4890-82c8-8d966226fbb2", "data": [{"text": "Arnold received a commission as a brigadier general in the British Army , an annual pension of \u00a3360 , and a lump sum of over \u00a36,000.", "userDefined": false}], "isTemplate": false, "count": 0, "lang": "en", "updated": 0}, {"id": "f126c59f-a0e0-4a56-a4e9-59baaba7fca1", "data": [{"text": "He led British forces on raids in Virginia , and against New London and Groton, Connecticut , before the war effectively ended with the American victory at Yorktown .", "userDefined": false}], "isTemplate": false, "count": 0, "lang": "en", "updated": 0}, {"id": "77a4d69f-e885-4d81-99ff-1d0cc3cca0a8", "data": [{"text": "In the winter of 1782, Arnold moved to London with his second wife, Margaret \"Peggy\" Shippen Arnold .", "userDefined": false}], "isTemplate": false, "count": 0, "lang": "en", "updated": 0}, {"id": "683123a9-52b2-4dd3-9c8d-eed404c1f14b", "data": [{"text": "He was well received by King George III and the Tories but frowned upon by the Whigs .", "userDefined": false}], "isTemplate": false, "count": 0, "lang": "en", "updated": 0}]