[{"id": "6ad8b35b-65cb-41d7-8354-8751479a3235", "data": [{"text": "Benjamin Franklin ( April 17, 1790) was one of the Founding Fathers of the United States .", "userDefined": false}], "isTemplate": false, "count": 0, "lang": "en", "updated": 0}, {"id": "a2f38611-1e5e-4eab-bed3-37a613b71371", "data": [{"text": "A noted polymath , Franklin was a leading author, printer, political theorist , politician , postmaster , scientist, musician, inventor, satirist , civic activist, statesman, and diplomat .", "userDefined": false}], "isTemplate": false, "count": 0, "lang": "en", "updated": 0}, {"id": "195a5f67-dff3-41ed-8606-aeb7151bc2be", "data": [{"text": "As a scientist, he was a major figure in the American Enlightenment and the history of physics for his discoveries and theories regarding electricity .", "userDefined": false}], "isTemplate": false, "count": 0, "lang": "en", "updated": 0}, {"id": "0da1a7e4-67b4-4031-8818-f964575a7359", "data": [{"text": "He invented the lightning rod , bifocals , the Franklin stove , a carriage odometer , and the glass 'armonica' .", "userDefined": false}], "isTemplate": false, "count": 0, "lang": "en", "updated": 0}, {"id": "8146b83b-a9ee-4989-a6a4-37d8fa6de5e0", "data": [{"text": "He facilitated many civic organizations, including a fire department and a university.", "userDefined": false}], "isTemplate": false, "count": 0, "lang": "en", "updated": 0}, {"id": "b4b8ff47-1dc2-46ab-baf4-c486ad12ec52", "data": [{"text": "Franklin earned the title of \"The First American\" for his early and indefatigable campaigning for colonial unity ; as an author and spokesman in London for several colonies, then as the first United States Ambassador to France , he exemplified the emerging American nation.", "userDefined": false}], "isTemplate": false, "count": 0, "lang": "en", "updated": 0}, {"id": "2d35ccd5-f1e9-4b38-9663-b9031b727536", "data": [{"text": "Franklin was foundational in defining the American ethos as a marriage of the practical values of thrift, hard work, education, community spirit , self-governing institutions, and opposition to authoritarianism both political and religious, with the scientific and tolerant values of the Enlightenment .", "userDefined": false}], "isTemplate": false, "count": 0, "lang": "en", "updated": 0}, {"id": "9bf483b6-0c8f-4029-a970-344766dee53a", "data": [{"text": "In the words of historian Henry Steele Commager , \"In a Franklin could be merged the virtues of Puritanism without its defects, the illumination of the Enlightenment without its heat.\"", "userDefined": false}], "isTemplate": false, "count": 0, "lang": "en", "updated": 0}, {"id": "23909403-faff-404a-82a7-a2330774b7b2", "data": [{"text": "To Walter Isaacson , this makes Franklin \"the most accomplished American of his age and the most influential in inventing the type of society America would become.\"", "userDefined": false}], "isTemplate": false, "count": 0, "lang": "en", "updated": 0}, {"id": "3ca9171a-badc-4587-b650-31b1546a5d6b", "data": [{"text": "Franklin, always proud of his working class roots, became a successful newspaper editor and printer in Philadelphia , the leading city in the colonies.", "userDefined": false}], "isTemplate": false, "count": 0, "lang": "en", "updated": 0}, {"id": "c484a542-b161-4c9b-bfe0-1f9dccabefdc", "data": [{"text": "He was also partners with William Goddard and Joseph Galloway the three of whom published the Pennsylvania Chronicle , a newspaper that was known for its revolutionary sentiments and criticisms of the British monarchy in the American colonies.", "userDefined": false}], "isTemplate": false, "count": 0, "lang": "en", "updated": 0}, {"id": "1c1bcc8d-eee8-4ea4-ab9a-97dfd330f81a", "data": [{"text": "He became wealthy publishing Poor Richard's Almanack and The Pennsylvania Gazette .", "userDefined": false}], "isTemplate": false, "count": 0, "lang": "en", "updated": 0}, {"id": "8c95c049-9e7c-40e7-89f9-a5988b45b511", "data": [{"text": "Franklin gained international renown as a scientist for his famous experiments in electricity and for his many inventions, especially the lightning rod.", "userDefined": false}], "isTemplate": false, "count": 0, "lang": "en", "updated": 0}, {"id": "58eaae92-9db1-4193-9046-89ec1b90a350", "data": [{"text": "He played a major role in establishing the University of Pennsylvania and was elected the first president of the American Philosophical Society .", "userDefined": false}], "isTemplate": false, "count": 0, "lang": "en", "updated": 0}, {"id": "8cf958f7-3854-413b-8dc5-93bb37acb380", "data": [{"text": "Franklin became a national hero in America when he spearheaded the effort to have Parliament repeal the unpopular Stamp Act .", "userDefined": false}], "isTemplate": false, "count": 0, "lang": "en", "updated": 0}, {"id": "f057fda3-5eca-493a-960f-92f45774626e", "data": [{"text": "An accomplished diplomat, he was widely admired among the French as American minister to Paris and was a major figure in the development of positive Franco-American relations .", "userDefined": false}], "isTemplate": false, "count": 0, "lang": "en", "updated": 0}, {"id": "713377eb-fe8f-4629-b78e-68617a62a36f", "data": [{"text": "For many years he was the British postmaster for the colonies, which enabled him to set up the first national communications network.", "userDefined": false}], "isTemplate": false, "count": 0, "lang": "en", "updated": 0}]