[{"id": "c24639ae-17f1-4a6a-b23f-9a05a2b25cd4", "data": [{"text": "Bevo sign", "userDefined": false}], "isTemplate": false, "count": 0, "lang": "en", "updated": 0}, {"id": "d1226661-2c94-47bf-9bf2-4819fa226230", "data": [{"text": "Bevo was a non-alcoholic malt beverage , or near beer , brewed in the United States by the Anheuser-Busch company beginning in the early 20th century.", "userDefined": false}], "isTemplate": false, "count": 0, "lang": "en", "updated": 0}, {"id": "33a616d6-56e4-49cc-af57-11fcb01c21f8", "data": [{"text": "Bevo enjoyed its greatest success during the time of prohibition , when beer , wine and distilled liquors , were made illegal for thirteen years.", "userDefined": false}], "isTemplate": false, "count": 0, "lang": "en", "updated": 0}, {"id": "9b0a0a8c-e31a-40f2-a03a-f43f1250d73f", "data": [{"text": "The Anheuser-Busch company started brewing Bevo when alcoholic beverages were prohibited in 1916 by the United States armed forces .", "userDefined": false}], "isTemplate": false, "count": 0, "lang": "en", "updated": 0}, {"id": "4f72cdd3-a84d-4f2c-9b46-710c57a08ebf", "data": [{"text": "Production rose greatly with national prohibition in 1919, and Bevo was by far the most popular of the many \"cereal beverages\" or \"near beers\" of the time.", "userDefined": false}], "isTemplate": false, "count": 0, "lang": "en", "updated": 0}, {"id": "d44e6e3f-6e85-473a-b577-569f71acb835", "data": [{"text": "At the peak of its popularity in the early 1920s, more than five million cases of Bevo were sold annually.", "userDefined": false}], "isTemplate": false, "count": 0, "lang": "en", "updated": 0}, {"id": "ba238ecc-eed0-4136-a6df-5b1bb065ff13", "data": [{"text": "Renard with a mug of Bevo, depicted in terra cotta on the interior walls of the Bevo building, St. Louis", "userDefined": false}], "isTemplate": false, "count": 0, "lang": "en", "updated": 0}, {"id": "61402017-be0a-4571-93c7-e340971c7aeb", "data": [{"text": "Labels on the bottles billed it as \"Bevo the Beverage\".", "userDefined": false}], "isTemplate": false, "count": 0, "lang": "en", "updated": 0}, {"id": "dc31ac84-2050-49a9-b723-4ffe4beffae3", "data": [{"text": "The name \"Bevo\" was coined from the word \"beverage\" and the Slavic language word for beer \"pivo\", and was pronounced \"Bee-vo\".", "userDefined": false}], "isTemplate": false, "count": 0, "lang": "en", "updated": 0}, {"id": "3868c9f0-aee8-4315-bce5-e62ee06c5f17", "data": [{"text": "Some Bevo advertising featured the character \" Renard the Fox \" (based on the protagonist of a medieval French folk-tale), and promotional mugs with this character were manufactured.", "userDefined": false}], "isTemplate": false, "count": 0, "lang": "en", "updated": 0}, {"id": "d709dc98-9376-427b-a2c7-0e9203229bc8", "data": [{"text": "In 1930 Anheuser-Busch built a series of boat-bodied cars in its St. Louis shops called the \"Bevo Boats\" which were used for promotion.", "userDefined": false}], "isTemplate": false, "count": 0, "lang": "en", "updated": 0}, {"id": "21718f39-9c4d-4db1-b8d7-79705b83a956", "data": [{"text": "Seven are believed to have been built on Pierce-Arrow 8-cylinder chassis while one surviving example was based upon 1930 Cadillac 353 V8.", "userDefined": false}], "isTemplate": false, "count": 0, "lang": "en", "updated": 0}, {"id": "943d1374-3244-4793-859b-86e7fe2717a3", "data": [{"text": "Billboard advertising Bevo in Trenton, New Jersey , 1917", "userDefined": false}], "isTemplate": false, "count": 0, "lang": "en", "updated": 0}, {"id": "c83f81db-775b-44d6-a768-059f7c22ac5e", "data": [{"text": "A contemporary advertisement read \"Cooling and invigorating, Bevo the Beverage.", "userDefined": false}], "isTemplate": false, "count": 0, "lang": "en", "updated": 0}, {"id": "101293ca-38fc-445b-b5b3-ddd1a48efc80", "data": [{"text": "Order by the case from your grocer, druggist, or dealer.\"", "userDefined": false}], "isTemplate": false, "count": 0, "lang": "en", "updated": 0}, {"id": "e25cd4df-aa41-445e-b256-96cf574494ae", "data": [{"text": "The paper label on the back of the bottle read \"The All-Year-Round Soft Drink.", "userDefined": false}], "isTemplate": false, "count": 0, "lang": "en", "updated": 0}, {"id": "b463245d-d2c5-4798-9aaa-352924909f86", "data": [{"text": "Appetizing - Healthful - Nutritious - Refreshing.", "userDefined": false}], "isTemplate": false, "count": 0, "lang": "en", "updated": 0}, {"id": "82861906-c2da-4522-b389-07c285de51e3", "data": [{"text": "Milk or water may contain bacteria.", "userDefined": false}], "isTemplate": false, "count": 0, "lang": "en", "updated": 0}, {"id": "2e4d04ec-be83-42b5-82bb-b783a5fea7e2", "data": [{"text": "BEVO never does.\"", "userDefined": false}], "isTemplate": false, "count": 0, "lang": "en", "updated": 0}, {"id": "eacbd12a-55e3-4240-b41a-c3b0a5c1d9ff", "data": [{"text": "Bevo became part of the popular culture of the time, and is mentioned in various popular songs and Vaudeville skits of the era.", "userDefined": false}], "isTemplate": false, "count": 0, "lang": "en", "updated": 0}, {"id": "52d19e82-540d-4bff-b007-a409440469b8", "data": [{"text": "This led to secondary slang uses of the word; for example, in American military slang a young and inexperienced officer was called a \"Bevo\".", "userDefined": false}], "isTemplate": false, "count": 0, "lang": "en", "updated": 0}, {"id": "93fd2720-14bd-43bb-96e5-5561de03bc8f", "data": [{"text": "The University of Texas named its mascot \"Bevo\" , a name which has stuck to this day.", "userDefined": false}], "isTemplate": false, "count": 0, "lang": "en", "updated": 0}, {"id": "c0a02ce3-026f-4095-a5a1-eabb0b57686d", "data": [{"text": "Irving Berlin included a paean to the drink, \"You Can't Stay Up on Bevo\", in his 1917 army revue, Yip Yip Yaphank .", "userDefined": false}], "isTemplate": false, "count": 0, "lang": "en", "updated": 0}, {"id": "69c599d4-8453-46a2-96a1-84a940716df4", "data": [{"text": "In the late 1920s smuggled bootleg beer and liquor as well as \" homebrew \", cut into Bevo's marketshare.", "userDefined": false}], "isTemplate": false, "count": 0, "lang": "en", "updated": 0}]