[{"id": "66e45fbe-7a32-4dcc-bba3-ba227a09a66c", "data": [{"text": "In physiology , body water is the water content of the human body .", "userDefined": false}], "isTemplate": false, "count": 0, "lang": "en", "updated": 0}, {"id": "8e441378-edf2-485a-9897-45624290a79e", "data": [{"text": "A significant fraction of the human body is water.", "userDefined": false}], "isTemplate": false, "count": 0, "lang": "en", "updated": 0}, {"id": "c967c23b-a118-404e-9789-0abde96b5b3f", "data": [{"text": "Arthur Guyton 's Textbook of Medical Physiology states that \"the total amount of water in a man of average weight (70 kilograms) is approximately 40 litres, averaging 57 percent of his total body weight.", "userDefined": false}], "isTemplate": false, "count": 0, "lang": "en", "updated": 0}, {"id": "40ad83ce-793e-486c-8090-64eeaffc9929", "data": [{"text": "In a newborn infant, this may be as high as 75 percent of the body weight, but it progressively decreases from birth to old age, most of the decrease occurring during the first 10 years of life.", "userDefined": false}], "isTemplate": false, "count": 0, "lang": "en", "updated": 0}, {"id": "af02829f-0703-4ef6-a84d-2f78a02cb686", "data": [{"text": "Also, obesity decreases the percentage of water in the body, sometimes to as low as 45 percent\".", "userDefined": false}], "isTemplate": false, "count": 0, "lang": "en", "updated": 0}, {"id": "350d6eb0-6077-4847-a66a-255742608557", "data": [{"text": "These figures are statistical averages, so are illustrative, and like all biostatistics, will vary with things like type of population, age and number of people sampled, and methodology.", "userDefined": false}], "isTemplate": false, "count": 0, "lang": "en", "updated": 0}, {"id": "5b46e0c8-3be1-4c2f-a1bf-97f273793ad9", "data": [{"text": "So there is not, and cannot be, a figure that is exactly the same for all people, for this or any other physiological measure.", "userDefined": false}], "isTemplate": false, "count": 0, "lang": "en", "updated": 0}, {"id": "0318d3fa-d24e-4c1c-8752-09c2ff3e1331", "data": [{"text": "For example, Jackson's (1985) Anatomy & Physiology for Nurses gives a figure of 60% for the proportion of body-weight attributable to water, which approximates Guyton's 57%.", "userDefined": false}], "isTemplate": false, "count": 0, "lang": "en", "updated": 0}, {"id": "01665318-6b89-4011-9f4e-f3c99aa85fe7", "data": [{"text": "In diseased states where body water is affected, the compartment or compartments that have changed can give clues to the nature of the problem.", "userDefined": false}], "isTemplate": false, "count": 0, "lang": "en", "updated": 0}, {"id": "adb49959-e4fd-4e29-85aa-b547a5bfc245", "data": [{"text": "Body water is regulated by hormones , including anti-diuretic hormone (ADH), aldosterone and atrial natriuretic peptide .", "userDefined": false}], "isTemplate": false, "count": 0, "lang": "en", "updated": 0}, {"id": "adeeadf7-d218-452e-9b23-2eedcc2a03a5", "data": [{"text": "Per Netter's Atlas of Human Physiology, body water is broken down into the following compartments:", "userDefined": false}], "isTemplate": false, "count": 0, "lang": "en", "updated": 0}, {"id": "66d616ec-550d-4cc0-bf20-65f89b8490c9", "data": [{"text": "Intracellular fluid (2/3 of body water).", "userDefined": false}], "isTemplate": false, "count": 0, "lang": "en", "updated": 0}, {"id": "031d638a-7455-4856-ab1f-5ac54cb10cd2", "data": [{"text": "Per Guyton, in a body containing 40 litres of fluid, about 25 litres is intracellular, which amounts to 62.5% (5/8), close enough to the 2/3 rule of thumb.", "userDefined": false}], "isTemplate": false, "count": 0, "lang": "en", "updated": 0}, {"id": "64294dd2-1fb1-424f-8fa0-c859086cf447", "data": [{"text": "Jackson's texts states 70% of body fluid is intracellular.", "userDefined": false}], "isTemplate": false, "count": 0, "lang": "en", "updated": 0}, {"id": "d0c30734-7416-4f66-9b43-8916a9bbc3a5", "data": [{"text": "Extracellular fluid (1/3 of body water).", "userDefined": false}], "isTemplate": false, "count": 0, "lang": "en", "updated": 0}, {"id": "21ed0045-a4b6-42df-8e2e-46205c437f12", "data": [{"text": "Per Guyton's illustration, for a 40 litre body, about 15 litres is extracellular, which amounts to 37.5% Again, this is close to the 1/3 rule of thumb cited here.", "userDefined": false}], "isTemplate": false, "count": 0, "lang": "en", "updated": 0}, {"id": "fa99f640-9f78-413f-a401-2a93ba0b11f9", "data": [{"text": "Plasma (1/5 of extracellular fluid).", "userDefined": false}], "isTemplate": false, "count": 0, "lang": "en", "updated": 0}, {"id": "9f8c40d8-8cc8-4a7f-ac9f-1b9e2e00f923", "data": [{"text": "Per Guyton's illustration, of the 15 litres of extracellular fluid, plasma volume averages 3 litres.", "userDefined": false}], "isTemplate": false, "count": 0, "lang": "en", "updated": 0}]