[{"id": "c7049da8-5b32-435d-a14c-ad847f095ced", "data": [{"text": "Bras\u00edlia () is the federal capital of Brazil and the seat of government of the Federal District .", "userDefined": false}], "isTemplate": false, "count": 0, "lang": "en", "updated": 0}, {"id": "869a7336-4ba8-47dc-97a5-284ed5462e5c", "data": [{"text": "Administratively, the city is located in the Federal District which is in the Central-West Region .", "userDefined": false}], "isTemplate": false, "count": 0, "lang": "en", "updated": 0}, {"id": "0e5f1570-13fe-407d-8ac3-e4ad0ac9736a", "data": [{"text": "Physically, it is located in the Brazilian Highlands .", "userDefined": false}], "isTemplate": false, "count": 0, "lang": "en", "updated": 0}, {"id": "f1e8aae7-6252-4c7f-952e-e6b53d6d0d81", "data": [{"text": "It has a population of about 2,562,963 (3,716,996 in the metropolitan area) as of the 2008 IBGE estimate, making it the fourth largest city in Brazil.", "userDefined": false}], "isTemplate": false, "count": 0, "lang": "en", "updated": 0}, {"id": "d314f0a2-8666-40e3-91e6-47d0a62aeaa1", "data": [{"text": "However, as a metropolitan area , it ranks lower at sixth in population.", "userDefined": false}], "isTemplate": false, "count": 0, "lang": "en", "updated": 0}, {"id": "46ed5d93-1a21-49b8-a4e9-4d4107f8ca73", "data": [{"text": "Bras\u00edlia is the largest city in the world that did not exist at the beginning of the 20th century.", "userDefined": false}], "isTemplate": false, "count": 0, "lang": "en", "updated": 0}, {"id": "e5240ac1-ef0f-4477-8157-7af4fef40f13", "data": [{"text": "Bras\u00edlia has the fifth largest GDP among Latin American cities and the third in Brazil.", "userDefined": false}], "isTemplate": false, "count": 0, "lang": "en", "updated": 0}, {"id": "bfac7835-397c-4863-a946-2b02ff54fdca", "data": [{"text": "At around R$62,000 Brazilian reais (equal to approximately $30,900 US dollars or \u20ac23,000 euros ), the city's per capita income is the highest among Brazil's largest cities.", "userDefined": false}], "isTemplate": false, "count": 0, "lang": "en", "updated": 0}, {"id": "7e1711d2-c79a-4341-9806-f8487ceabefd", "data": [{"text": "As the national capital, Bras\u00edlia is the seat of all three branches of the federal government of Brazil .", "userDefined": false}], "isTemplate": false, "count": 0, "lang": "en", "updated": 0}, {"id": "a02c1950-40e6-4f1a-bdf8-c4251b496e12", "data": [{"text": "The city also hosts the headquarters of many Brazilian companies.", "userDefined": false}], "isTemplate": false, "count": 0, "lang": "en", "updated": 0}, {"id": "b53066cc-76ca-4a74-aab9-c1a6507144ae", "data": [{"text": "Planning policies such as the location of residential buildings around expansive urban areas, as well as building the city around large avenues and dividing it into sectors, have sparked a debate and reflection on life in big cities in the 20th century.", "userDefined": false}], "isTemplate": false, "count": 0, "lang": "en", "updated": 0}, {"id": "a956c50d-f468-4575-821a-ad927cc33d50", "data": [{"text": "The city's design divides it into numbered blocks as well as sectors for specified activities, such as the Hotel Sector, the Banking Sector or the Embassy Sector.", "userDefined": false}], "isTemplate": false, "count": 0, "lang": "en", "updated": 0}, {"id": "3da1e7f8-f513-4d12-9c15-6abc8e976cba", "data": [{"text": "Bras\u00edlia hosts 124 foreign embassies .", "userDefined": false}], "isTemplate": false, "count": 0, "lang": "en", "updated": 0}, {"id": "8bad51d8-896d-43a5-8420-05c2eb101ebc", "data": [{"text": "The city was planned and developed in 1956 with L\u00facio Costa as the principal urban planner, Oscar Niemeyer as the principal architect and Roberto Burle Marx as the landscape designer.", "userDefined": false}], "isTemplate": false, "count": 0, "lang": "en", "updated": 0}, {"id": "04de51e5-b94a-4198-8997-c18a9b84f9ce", "data": [{"text": "Brasilia is in the Unesco's World Hertitage List due to its architecture.", "userDefined": false}], "isTemplate": false, "count": 0, "lang": "en", "updated": 0}, {"id": "bd24695c-be8c-4267-b2f7-922ce177ebef", "data": [{"text": "On April 22, 1960, it formally became Brazil's national capital.", "userDefined": false}], "isTemplate": false, "count": 0, "lang": "en", "updated": 0}, {"id": "ae9113ba-e0da-4db8-a9dc-8e1b7cd61edc", "data": [{"text": "Viewed from above, the main portion of the city resembles an airplane or a butterfly.", "userDefined": false}], "isTemplate": false, "count": 0, "lang": "en", "updated": 0}, {"id": "d873309d-6fa5-487c-887f-635db92e82db", "data": [{"text": "The city is commonly referred to as Capital Federal, or simply BSB.", "userDefined": false}], "isTemplate": false, "count": 0, "lang": "en", "updated": 0}, {"id": "149698b2-bf2a-4e01-8b9c-6a169fadaffc", "data": [{"text": "Residents of Bras\u00edlia are known as brasilienses or candangos (the latter referring to those not born in the city but who migrated there after it was established).", "userDefined": false}], "isTemplate": false, "count": 0, "lang": "en", "updated": 0}, {"id": "8c732f2a-bc2c-4238-92e6-9330aa3756ed", "data": [{"text": "In local usage, the word \"Bras\u00edlia\" usually refers only to the First Administrative Region (RA I) within the Federal District (Distrito Federal), where the most important government buildings are located.", "userDefined": false}], "isTemplate": false, "count": 0, "lang": "en", "updated": 0}]