[{"id": "aef7d71d-96a6-40a8-ad7d-cd0f736eb7e9", "data": [{"text": "Confucianism , Taoism , and Buddhism are one, a painting in the litang style portraying three men laughing by a river stream, 12th century, Song Dynasty .", "userDefined": false}], "isTemplate": false, "count": 0, "lang": "en", "updated": 0}, {"id": "051899a8-ef0e-4ee1-80b3-635c77d1eb1a", "data": [{"text": "Estimating the number of Buddhists in the world, or in many countries, is difficult due to definitional issues as well as practical problems of enumeration.", "userDefined": false}], "isTemplate": false, "count": 0, "lang": "en", "updated": 0}, {"id": "692ee729-7b0f-4997-9ba5-204ac725f844", "data": [{"text": "To begin with, the religious beliefs, practices, and identities of East Asians (who comprise the majority of the world's Buddhists by any measure) often blend Buddhism with other traditions including Confucianism , the Chinese folk religion , Daoism , Shinto , and Korean shamanism .", "userDefined": false}], "isTemplate": false, "count": 0, "lang": "en", "updated": 0}, {"id": "512db50b-9915-463d-a338-808b392821e7", "data": [{"text": "Most followers of Buddhism do not belong to structured congregations, or observe a definite ritual of adherence such as taking Refuge , making it difficult to accurately estimate the number of practitioners.", "userDefined": false}], "isTemplate": false, "count": 0, "lang": "en", "updated": 0}, {"id": "bda52aa3-ecd0-4ca7-be9a-0bf0b49fad9a", "data": [{"text": "An additional challenge is the hostility of several national governments (often Communist ones such as China or North Korea) to religion generally or to Buddhism specifically.", "userDefined": false}], "isTemplate": false, "count": 0, "lang": "en", "updated": 0}, {"id": "c475b93a-f8a7-4c0a-895f-435fc7515d48", "data": [{"text": "Government policies in these countries may encourage the under-reporting or non-reporting of religious adherence, resulting in official totals that may drastically underestimate the number of religious practitioners in these countries.", "userDefined": false}], "isTemplate": false, "count": 0, "lang": "en", "updated": 0}, {"id": "835479b4-482d-4692-8d07-a40d13e8d612", "data": [{"text": "Estimate of the worldwide Buddhist population range from 350 million to over one billion, but cluster nearer to the first figure.", "userDefined": false}], "isTemplate": false, "count": 0, "lang": "en", "updated": 0}, {"id": "ed581181-7010-49f6-bbcf-6783d312c683", "data": [{"text": "Adherents.com (as of 2012) suggests a figure of 397 million.", "userDefined": false}], "isTemplate": false, "count": 0, "lang": "en", "updated": 0}, {"id": "47bb1ae5-000c-42fe-b51a-f40cd9287f69", "data": [{"text": "By major branches, the numbers are as follows:", "userDefined": false}], "isTemplate": false, "count": 0, "lang": "en", "updated": 0}, {"id": "29260dec-ba81-451b-ad77-dc7a9440d8b1", "data": [{"text": "(1) Mahayana Buddhism, including East Asian Buddhism , with no fewer than 185 million adherents, and possibly several times that many (again, depending on definitional issues).", "userDefined": false}], "isTemplate": false, "count": 0, "lang": "en", "updated": 0}, {"id": "1224f4bc-dcd0-44b6-a767-f243c02dacbf", "data": [{"text": "This is the predominant form of Buddhism practiced in China, South Korea, Japan, Taiwan, Singapore, and Vietnam.", "userDefined": false}], "isTemplate": false, "count": 0, "lang": "en", "updated": 0}, {"id": "951b6ef4-6482-404d-a783-8bbab94d001f", "data": [{"text": "(2) Theravada Buddhism, with no fewer than 125 million adherents.", "userDefined": false}], "isTemplate": false, "count": 0, "lang": "en", "updated": 0}, {"id": "95b9d213-ad73-49ea-9488-8cffb99e0a39", "data": [{"text": "This is the predominant form of Buddhism practiced in Cambodia, Thailand, Laos, Sri Lanka, and Burma.", "userDefined": false}], "isTemplate": false, "count": 0, "lang": "en", "updated": 0}, {"id": "efd71268-031e-4e68-b96c-022599d4d1e4", "data": [{"text": "(3) Vajrayana Buddhism, with approximately 20 million adherents.", "userDefined": false}], "isTemplate": false, "count": 0, "lang": "en", "updated": 0}, {"id": "96c948b8-1103-4628-926c-5df297230092", "data": [{"text": "This form predominates in the greater Tibetan and Mongolian regions, as well as in the Himalayas .", "userDefined": false}], "isTemplate": false, "count": 0, "lang": "en", "updated": 0}, {"id": "23f0c120-54de-4bf0-a467-0d081d612c2b", "data": [{"text": "Besides the independent countries of Mongolia and Bhutan, and various territories within what is now western China, Vajrayana is traditional to certain regions of Russia (e.g. Kalmykia , Buryatia ), India (e.g. Ladakh , Sikkim ), and Nepal (e.g. Khumbu ).", "userDefined": false}], "isTemplate": false, "count": 0, "lang": "en", "updated": 0}, {"id": "4bc9fefe-b864-4407-acfe-ba30b3453857", "data": [{"text": "Vajrayana , also known as Tibetan Buddhism , is often conflated with Tantric Buddhism , but this is imprecise, as Shingon and other forms of East Asian Buddhism also practice tantra.", "userDefined": false}], "isTemplate": false, "count": 0, "lang": "en", "updated": 0}, {"id": "bde2841b-ba83-4309-b2c6-a8878f9bae18", "data": [{"text": "At least 7 countries (Sri Lanka, Thailand, Cambodia, Laos, Burma, Bhutan, and Mongolia) have unambiguous Buddhist majorities.", "userDefined": false}], "isTemplate": false, "count": 0, "lang": "en", "updated": 0}]