[{"id": "94c54f65-abe2-406e-9c78-9760fec33439", "data": [{"text": "Sir Charles Spencer \"Charlie\" Chaplin, (16 April 188925 December 1977) was a British comic actor and filmmaker who rose to fame in the silent era .", "userDefined": false}], "isTemplate": false, "count": 0, "lang": "en", "updated": 0}, {"id": "958d661e-674d-4dc8-aca5-351175334ad4", "data": [{"text": "Chaplin became a worldwide icon through his screen persona \" the Tramp \" and is considered one of the most important figures of the film industry.", "userDefined": false}], "isTemplate": false, "count": 0, "lang": "en", "updated": 0}, {"id": "27d3be8d-a4cf-4a22-9464-9783fc383277", "data": [{"text": "His career spanned more than 75 years, from a child in the Victorian era to close to his death at the age of 88, and encompassed both adulation and controversy.", "userDefined": false}], "isTemplate": false, "count": 0, "lang": "en", "updated": 0}, {"id": "c9a6b79e-d88a-496d-b288-591bd13bf07a", "data": [{"text": "Raised in London, Chaplin's childhood was defined by poverty and hardship.", "userDefined": false}], "isTemplate": false, "count": 0, "lang": "en", "updated": 0}, {"id": "7b495435-5671-4c62-ae49-c1f8624d227f", "data": [{"text": "He was sent to a workhouse twice before the age of nine; his father was absent, and his mother was committed to a mental asylum.", "userDefined": false}], "isTemplate": false, "count": 0, "lang": "en", "updated": 0}, {"id": "b4a688b8-2042-4738-b186-c6953bad2635", "data": [{"text": "Chaplin began performing from a young age, touring music halls and later working as a stage actor and comedian.", "userDefined": false}], "isTemplate": false, "count": 0, "lang": "en", "updated": 0}, {"id": "b86d1906-ff92-4d8d-9831-d3a9a6c626ec", "data": [{"text": "At 19 he was signed to the prestigious Fred Karno company, which took him to America.", "userDefined": false}], "isTemplate": false, "count": 0, "lang": "en", "updated": 0}, {"id": "808676f5-d360-49c4-a167-75f529823f99", "data": [{"text": "Chaplin was scouted by the film industry, and made his first appearances in 1914 with Keystone Studios .", "userDefined": false}], "isTemplate": false, "count": 0, "lang": "en", "updated": 0}, {"id": "eb715e76-c512-4524-9b74-c80333b7f7b9", "data": [{"text": "He soon developed the Tramp persona and formed a large fan base.", "userDefined": false}], "isTemplate": false, "count": 0, "lang": "en", "updated": 0}, {"id": "ed87382a-48a6-41d3-b34f-39ee4d399c90", "data": [{"text": "Chaplin directed his films from an early stage, and continued to hone his craft as he moved to the Essanay , Mutual , and First National corporations.", "userDefined": false}], "isTemplate": false, "count": 0, "lang": "en", "updated": 0}, {"id": "92c7e25a-89c0-47a8-baba-4f3e071464c2", "data": [{"text": "By 1918, he was one of the most famous men in the world.", "userDefined": false}], "isTemplate": false, "count": 0, "lang": "en", "updated": 0}, {"id": "76717473-a516-4adf-9b74-388ab4c2897a", "data": [{"text": "In 1919, Chaplin co-founded the distribution company United Artists , giving him complete control over his films.", "userDefined": false}], "isTemplate": false, "count": 0, "lang": "en", "updated": 0}, {"id": "5e7e1b48-8d13-4e2d-9d48-12ff681e3ba4", "data": [{"text": "His first feature-length picture was The Kid (1921), followed by A Woman of Paris (1923), The Gold Rush (1925), and The Circus (1928).", "userDefined": false}], "isTemplate": false, "count": 0, "lang": "en", "updated": 0}, {"id": "a97f4149-9f79-4f5c-9b7d-a70baa48e865", "data": [{"text": "He refused to move to sound films in the 1930s, instead producing City Lights (1931) and Modern Times (1936) without dialogue.", "userDefined": false}], "isTemplate": false, "count": 0, "lang": "en", "updated": 0}, {"id": "1d27ec14-82ab-44a0-8339-e08ea29797ec", "data": [{"text": "Chaplin became increasingly political and his next film, The Great Dictator (1940), satirised Adolf Hitler .", "userDefined": false}], "isTemplate": false, "count": 0, "lang": "en", "updated": 0}, {"id": "4942100a-81f2-48e2-beaa-604e6fdd613e", "data": [{"text": "The 1940s was a decade marked with controversy for Chaplin, and his popularity declined rapidly.", "userDefined": false}], "isTemplate": false, "count": 0, "lang": "en", "updated": 0}, {"id": "df9058d1-a082-4e56-ad78-6d88fbcfde10", "data": [{"text": "He was accused of communist sympathies, while his involvement in a paternity suit and marriages to much younger women were considered scandalous.", "userDefined": false}], "isTemplate": false, "count": 0, "lang": "en", "updated": 0}, {"id": "7a8614f9-9a6b-4f0d-87ad-c3919b775101", "data": [{"text": "An FBI investigation was opened on Chaplin, and he was eventually forced to leave the United States and settle in Switzerland.", "userDefined": false}], "isTemplate": false, "count": 0, "lang": "en", "updated": 0}, {"id": "3caabe7d-3cfc-43a2-8736-b76a5221f5ba", "data": [{"text": "He abandoned the Tramp for his later films, which include Monsieur Verdoux (1947), Limelight (1952), A King in New York (1957), and A Countess From Hong Kong (1967).", "userDefined": false}], "isTemplate": false, "count": 0, "lang": "en", "updated": 0}, {"id": "74fad355-6316-4ee1-b346-9677e9d3c6b2", "data": [{"text": "Chaplin wrote, directed, produced, edited, scored, and starred in most of his films.", "userDefined": false}], "isTemplate": false, "count": 0, "lang": "en", "updated": 0}]