[{"id": "b5bbd037-275d-4e1f-9bbe-0d5835993b63", "data": [{"text": "{{Infobox Senator", "userDefined": false}], "isTemplate": false, "count": 0, "lang": "en", "updated": 0}, {"id": "a736d595-6726-4069-80c0-0586f2a720f0", "data": [{"text": "The Dominican Republic annexation treaty caused bitter contention between President Grant and Sen. Sumner.", "userDefined": false}], "isTemplate": false, "count": 0, "lang": "en", "updated": 0}, {"id": "0a6360b9-e044-4fff-a2cf-cc366c5ac355", "data": [{"text": "Brady 1869]]", "userDefined": false}], "isTemplate": false, "count": 0, "lang": "en", "updated": 0}, {"id": "2af3a172-6af6-481b-a1b5-10095162d907", "data": [{"text": "Sen. Sumner, opposed to American imperialism in the Caribbean and fearful that annexation would lead to the conquest of the neighboring black republic of Haiti, became convinced that corruption lay behind the treaty, and that men close to the president shared in the corruption.", "userDefined": false}], "isTemplate": false, "count": 0, "lang": "en", "updated": 0}, {"id": "d9a1cd6c-5368-41dd-88ac-a49628865287", "data": [{"text": "As chairman of the Senate Foreign Relations Committee, Sen. Sumner initially withheld his opinion on the treaty on January 18, 1870.", "userDefined": false}], "isTemplate": false, "count": 0, "lang": "en", "updated": 0}, {"id": "bb485dae-af2c-48e1-9f83-e6b1a4acce2c", "data": [{"text": "Sen. Sumner had been leaked information from Assistant Secretary of State, Bancroft Davis , that U.S. Naval ships were being used to protect President B\u00e1ez.", "userDefined": false}], "isTemplate": false, "count": 0, "lang": "en", "updated": 0}, {"id": "8886a25a-3dd9-4457-89d3-f3acb095a517", "data": [{"text": "Sen. Sumner's committee voted against annexation and at Sen. Sumner\u2019s suggestion and quite possibly to save the party from an ugly fight or the president from embarrassment, the Senate held its debate of the treaty behind closed doors in executive session.", "userDefined": false}], "isTemplate": false, "count": 0, "lang": "en", "updated": 0}, {"id": "ac26f7e1-df73-4246-a489-c09051637f0c", "data": [{"text": "President Grant persisted and sent messages to Congress in favor of annexation on March 14, 1870, and May 31, 1870.", "userDefined": false}], "isTemplate": false, "count": 0, "lang": "en", "updated": 0}, {"id": "3ef46561-7921-4ef0-a912-38a31c3d95a7", "data": [{"text": "In closed session, Sen. Sumner spoke out against the treaty; warnng that there would be difficulty with the foreign nationals, noting the chronic rebellion that took place on the island, and the risk that the independence of Haiti, recognized by the United States in 1862, would be lost.", "userDefined": false}], "isTemplate": false, "count": 0, "lang": "en", "updated": 0}, {"id": "26187679-2c9e-42ce-ba61-182409c0c01d", "data": [{"text": "Sumner stated that Grant's use of the U.S. Navy as a protectorate was a violation of International law and unconstitutional.", "userDefined": false}], "isTemplate": false, "count": 0, "lang": "en", "updated": 0}, {"id": "5c8c1fd7-6f67-44ba-9a64-0f81737edb08", "data": [{"text": "Finally, on June 30, 1870 the treaty was voted on by the Senate and failed to gain the required 2/3 majority for treaty passage.", "userDefined": false}], "isTemplate": false, "count": 0, "lang": "en", "updated": 0}, {"id": "3450f46c-34d8-4f64-820d-d99d9a83078e", "data": [{"text": "The following day, President Grant, feeling betrayed by Sen. Sumner, retaliated by ordering the dismissal of Sumner\u2019s close friend J. Lothrop Motley , Ambassador to Britain.", "userDefined": false}], "isTemplate": false, "count": 0, "lang": "en", "updated": 0}, {"id": "c709fc1d-e498-4915-89a8-6b67c282d9b2", "data": [{"text": "By autumn, Sumner's personal hostility to the president was public knowledge, and he blamed the Secretary of State for failing to have resigned, rather than let Grant have his way.", "userDefined": false}], "isTemplate": false, "count": 0, "lang": "en", "updated": 0}, {"id": "ab1a0e8d-b536-489d-9e86-6c835a66df83", "data": [{"text": "The two men, friends until then, cooled into bitter enemies.", "userDefined": false}], "isTemplate": false, "count": 0, "lang": "en", "updated": 0}, {"id": "be03a415-3fe5-4a11-898c-1b927fc5f842", "data": [{"text": "In December, 1870, still fearful that Grant meant to acquire Santo Domingo somehow, Sumner gave a fiercely critical speech accusing the president of usurpation and Babcock of unethical conduct.", "userDefined": false}], "isTemplate": false, "count": 0, "lang": "en", "updated": 0}, {"id": "a79fd096-aa52-4a41-a103-51be2cced62c", "data": [{"text": "Already, President Grant, supported by his Secretary of State Hamilton Fish , had initiated a campaign to depose Sumner from the chairmanship of the Senate Foreign Relations Committee.", "userDefined": false}], "isTemplate": false, "count": 0, "lang": "en", "updated": 0}, {"id": "a847844b-f719-4437-bb1a-5fa39b7e7014", "data": [{"text": "Although Sumner stated he was an \"Administration man\", in addition to having stopped Grant's Dominican Republic treaty attempt, Sumner had defeated Grant's full repeal of the Tenure of Office Act , blocked Grant's nomination of Alexander Stewart to U.S. Secretary of Treasury, and been a constant harassing force pushing Reconstruction policies faster than Grant had been willing to go.", "userDefined": false}], "isTemplate": false, "count": 0, "lang": "en", "updated": 0}]