[{"id": "46d5736c-90fd-45b8-8d19-c827d08456b3", "data": [{"text": "A platter with cheese and garnishes", "userDefined": false}], "isTemplate": false, "count": 0, "lang": "en", "updated": 0}, {"id": "41ee97d4-4cb5-472f-b528-920351f4fb87", "data": [{"text": "Wheels of Gouda", "userDefined": false}], "isTemplate": false, "count": 0, "lang": "en", "updated": 0}, {"id": "b8963bfc-0d31-4aa5-86b0-994cd8fba93c", "data": [{"text": "Cheese is a generic term for a diverse group of milk-based food products.", "userDefined": false}], "isTemplate": false, "count": 0, "lang": "en", "updated": 0}, {"id": "57826164-e626-4849-ba74-713fd82e2d85", "data": [{"text": "Cheese is produced in wide-ranging flavors, textures, and forms.", "userDefined": false}], "isTemplate": false, "count": 0, "lang": "en", "updated": 0}, {"id": "9d48c9bb-850a-4873-9bd8-4054ed8074be", "data": [{"text": "Cheese consists of proteins and fat from milk , usually the milk of cows , buffalo , goats , or sheep .", "userDefined": false}], "isTemplate": false, "count": 0, "lang": "en", "updated": 0}, {"id": "0a07a666-60b5-4e24-93c6-464558582c20", "data": [{"text": "It is produced by coagulation of the milk protein casein .", "userDefined": false}], "isTemplate": false, "count": 0, "lang": "en", "updated": 0}, {"id": "b4e53104-4194-44bb-ac38-05357cb211dc", "data": [{"text": "Typically, the milk is acidified and addition of the enzyme rennet causes coagulation.", "userDefined": false}], "isTemplate": false, "count": 0, "lang": "en", "updated": 0}, {"id": "1f631f5a-aff9-4cd9-a7c0-2868d554d030", "data": [{"text": "The solids are separated and pressed into final form.", "userDefined": false}], "isTemplate": false, "count": 0, "lang": "en", "updated": 0}, {"id": "af5a6d7d-171d-4707-af1f-752febb76d6e", "data": [{"text": "Some cheeses have molds on the rind or throughout.", "userDefined": false}], "isTemplate": false, "count": 0, "lang": "en", "updated": 0}, {"id": "dd71423b-8a24-4f41-a8b1-46c305b53d55", "data": [{"text": "Most cheeses melt at cooking temperature.", "userDefined": false}], "isTemplate": false, "count": 0, "lang": "en", "updated": 0}, {"id": "dd4f9d64-8e69-46e7-a112-b133900ac994", "data": [{"text": "Hundreds of types of cheese from various countries are produced.", "userDefined": false}], "isTemplate": false, "count": 0, "lang": "en", "updated": 0}, {"id": "2e5dea92-3b3b-49d7-93ee-81b39a88f96e", "data": [{"text": "Their styles, textures and flavors depend on the origin of the milk (including the animal's diet), whether they have been pasteurized , the butterfat content, the bacteria and mold, the processing, and aging.", "userDefined": false}], "isTemplate": false, "count": 0, "lang": "en", "updated": 0}, {"id": "ab2592cd-aa70-44a8-bb2e-9c89ca9c636e", "data": [{"text": "Herbs , spices , or wood smoke may be used as flavoring agents.", "userDefined": false}], "isTemplate": false, "count": 0, "lang": "en", "updated": 0}, {"id": "8695d335-be5a-4cdb-bdde-aba0249a66a9", "data": [{"text": "The yellow to red color of many cheeses, such as Red Leicester , is normally formed from adding annatto .", "userDefined": false}], "isTemplate": false, "count": 0, "lang": "en", "updated": 0}, {"id": "bbc41ab9-d6ce-4e5e-b207-3513097cf839", "data": [{"text": "For a few cheeses, the milk is curdled by adding acids such as vinegar or lemon juice .", "userDefined": false}], "isTemplate": false, "count": 0, "lang": "en", "updated": 0}, {"id": "ce437ecc-0730-421e-a4c9-5cfd81f34512", "data": [{"text": "Most cheeses are acidified to a lesser degree by bacteria, which turn milk sugars into lactic acid , then the addition of rennet completes the curdling.", "userDefined": false}], "isTemplate": false, "count": 0, "lang": "en", "updated": 0}, {"id": "350a9146-0eb1-4036-8ac1-83b1868081b5", "data": [{"text": "Vegetarian alternatives to rennet are available; most are produced by fermentation of the fungus Mucor miehei, but others have been extracted from various species of the Cynara thistle family.", "userDefined": false}], "isTemplate": false, "count": 0, "lang": "en", "updated": 0}, {"id": "4ef45a8b-b2dc-439f-ae05-372b6083c2d7", "data": [{"text": "Cheese is valued for its portability, long life, and high content of fat , protein , calcium , and phosphorus .", "userDefined": false}], "isTemplate": false, "count": 0, "lang": "en", "updated": 0}, {"id": "dad53f28-efc2-41f7-9102-20a512615a56", "data": [{"text": "Cheese is more compact and has a longer shelf life than milk, although how long a cheese will keep may depend on the type of cheese; labels on packets of cheese often claim that a cheese should be consumed within three to five days of opening.", "userDefined": false}], "isTemplate": false, "count": 0, "lang": "en", "updated": 0}, {"id": "4623291b-458c-46da-9a2a-34ffeda51103", "data": [{"text": "Generally speaking, hard cheeses last longer than soft cheeses, such as Brie or goat's milk cheese.", "userDefined": false}], "isTemplate": false, "count": 0, "lang": "en", "updated": 0}, {"id": "0964197e-4274-4bb6-8678-f2dd2be32cf9", "data": [{"text": "Cheesemakers near a dairy region may benefit from fresher, lower-priced milk, and lower shipping costs.", "userDefined": false}], "isTemplate": false, "count": 0, "lang": "en", "updated": 0}]