[{"id": "5d6a046c-bde3-4c59-a854-bbad4b0a8125", "data": [{"text": "Cnidaria ( with a silent c) or Coelenterata is a phylum containing over 10,000 species of animals found exclusively in aquatic and mostly marine environments.", "userDefined": false}], "isTemplate": false, "count": 0, "lang": "en", "updated": 0}, {"id": "09080570-648e-4c72-a01b-bf735e08cfe1", "data": [{"text": "Their distinguishing feature is cnidocytes , specialized cells that they use mainly for capturing prey.", "userDefined": false}], "isTemplate": false, "count": 0, "lang": "en", "updated": 0}, {"id": "700c54d8-29f4-4e81-9793-aaad60e72f61", "data": [{"text": "Their bodies consist of mesoglea , a non-living jelly-like substance, sandwiched between two layers of epithelium that are mostly one cell thick .", "userDefined": false}], "isTemplate": false, "count": 0, "lang": "en", "updated": 0}, {"id": "7274416f-721a-44c3-b7ea-eaa9541c7dd0", "data": [{"text": "They have two basic body forms: swimming medusae and sessile polyps , both of which are radially symmetrical with mouths surrounded by tentacles that bear cnidocytes.", "userDefined": false}], "isTemplate": false, "count": 0, "lang": "en", "updated": 0}, {"id": "59b49666-181a-46e8-ab5b-eefeb12e47cb", "data": [{"text": "Both forms have a single orifice and body cavity that are used for digestion and respiration .", "userDefined": false}], "isTemplate": false, "count": 0, "lang": "en", "updated": 0}, {"id": "f7ab0624-2b6c-4e4d-97ff-1e02de894825", "data": [{"text": "Many cnidarian species produce colonies that are single organisms composed of medusa-like or polyp-like zooids , or both.", "userDefined": false}], "isTemplate": false, "count": 0, "lang": "en", "updated": 0}, {"id": "b9ae5835-c5d7-440f-bb17-261f1e1c5511", "data": [{"text": "Cnidarians' activities are coordinated by a decentralized nerve net and simple receptors.", "userDefined": false}], "isTemplate": false, "count": 0, "lang": "en", "updated": 0}, {"id": "a18f6f5a-a502-4ae3-9525-77f3939c3c6c", "data": [{"text": "Several free-swimming Cubozoa and Scyphozoa possess balance-sensing statocysts , and some have simple eyes.", "userDefined": false}], "isTemplate": false, "count": 0, "lang": "en", "updated": 0}, {"id": "c5d45fdc-6349-44b0-b5a5-9eab404656b0", "data": [{"text": "Not all cnidarians reproduce sexually .", "userDefined": false}], "isTemplate": false, "count": 0, "lang": "en", "updated": 0}, {"id": "0ea193b0-6ce1-432b-8aab-abcba164390a", "data": [{"text": "Many have complex lifecycles with asexual polyp stages and sexual medusae, but some omit either the polyp or the medusa stage.", "userDefined": false}], "isTemplate": false, "count": 0, "lang": "en", "updated": 0}, {"id": "b7f151b2-ed66-4fde-9bf9-6c22395f351a", "data": [{"text": "Cnidarians were for a long time grouped with Ctenophores in the phylum Coelenterata , but increasing awareness of their differences caused them to be placed in separate phyla.", "userDefined": false}], "isTemplate": false, "count": 0, "lang": "en", "updated": 0}, {"id": "5f7f4273-be27-448a-a95f-68e5d0009516", "data": [{"text": "Cnidarians are classified into four main groups: the almost wholly sessile Anthozoa ( sea anemones , corals , sea pens ); swimming Scyphozoa (jellyfish); Cubozoa (box jellies); and Hydrozoa , a diverse group that includes all the freshwater cnidarians as well as many marine forms, and has both sessile members such as Hydra and colonial swimmers such as the Portuguese Man o' War .", "userDefined": false}], "isTemplate": false, "count": 0, "lang": "en", "updated": 0}, {"id": "b80d666c-17b4-4904-99f7-195d4c8eb9d7", "data": [{"text": "Staurozoa have recently been recognised as a class in their own right rather than a sub-group of Scyphozoa, and there is debate about whether Myxozoa and Polypodiozoa are cnidarians or closer to bilaterians (more complex animals).", "userDefined": false}], "isTemplate": false, "count": 0, "lang": "en", "updated": 0}, {"id": "790b0216-4c15-4ca8-a495-ca498906d915", "data": [{"text": "Most cnidarians prey on organisms ranging in size from plankton to animals several times larger than themselves, but many obtain much of their nutrition from endosymbiotic algae , and a few are parasites .", "userDefined": false}], "isTemplate": false, "count": 0, "lang": "en", "updated": 0}, {"id": "53d7d2de-68f4-4dff-af54-951aed3bda0d", "data": [{"text": "Many are preyed upon by other animals including starfish , sea slugs , fish and turtles .", "userDefined": false}], "isTemplate": false, "count": 0, "lang": "en", "updated": 0}, {"id": "589a7f03-34f3-471b-b3f0-01508395150a", "data": [{"text": "Coral reefs , whose polyps are rich in endosymbiotic algae, support some of the world's most productive ecosystems , and protect vegetation in tidal zones and on shorelines from strong currents and tides.", "userDefined": false}], "isTemplate": false, "count": 0, "lang": "en", "updated": 0}, {"id": "a448a4d2-bc55-48ee-a81c-058a6037d44d", "data": [{"text": "While corals are almost entirely restricted to warm, shallow marine waters, other cnidarians live in the depths, in polar seas and in freshwater.", "userDefined": false}], "isTemplate": false, "count": 0, "lang": "en", "updated": 0}]