[{"id": "da29f814-2998-4c3b-8b52-bbc00054ca98", "data": [{"text": "Photograph of the Berlin Wall taken from the West side.", "userDefined": false}], "isTemplate": false, "count": 0, "lang": "en", "updated": 0}, {"id": "3ffc7286-144f-484f-b066-726110cbdf69", "data": [{"text": "The Wall was built in 1961 to prevent East Germans from fleeing from Communism.", "userDefined": false}], "isTemplate": false, "count": 0, "lang": "en", "updated": 0}, {"id": "92734d3e-84fe-4031-8d05-56138cd74855", "data": [{"text": "It was an iconic symbol of the Cold War and its fall in 1989 marked the end of the War.", "userDefined": false}], "isTemplate": false, "count": 0, "lang": "en", "updated": 0}, {"id": "9012f1d3-50ef-434a-ad18-dee0bad43e93", "data": [{"text": "The Cold War, often dated from 1947 to 1991, was a sustained state of political and military tension between powers in the Western Bloc , dominated by the United States with NATO among its allies, and powers in the Eastern Bloc , dominated by the Soviet Union along with the Warsaw Pact .", "userDefined": false}], "isTemplate": false, "count": 0, "lang": "en", "updated": 0}, {"id": "5362e8df-dcaf-4242-b42b-6cafeaf5424a", "data": [{"text": "This began after the success of their temporary wartime alliance against Nazi Germany , leaving the USSR and the US as two superpowers with profound economic and political differences.", "userDefined": false}], "isTemplate": false, "count": 0, "lang": "en", "updated": 0}, {"id": "95a96428-32f8-450f-b290-4e8b563d43c2", "data": [{"text": "A neutral faction arose with the Non-Aligned Movement founded by Egypt , India , and Yugoslavia ; this faction rejected association with either the US-led West or the Soviet-led East.", "userDefined": false}], "isTemplate": false, "count": 0, "lang": "en", "updated": 0}, {"id": "364d4a20-1857-4c80-ae3d-32f44bc85163", "data": [{"text": "The Cold War was so named because the two major powers\u2014each possessing nuclear weapons and thereby threatened with mutual assured destruction \u2014never met in direct military combat.", "userDefined": false}], "isTemplate": false, "count": 0, "lang": "en", "updated": 0}, {"id": "b67448b8-3853-477a-b689-091955013e08", "data": [{"text": "Instead, in their struggle for global influence they engaged in ongoing psychological warfare and in regular indirect confrontations through proxy wars .", "userDefined": false}], "isTemplate": false, "count": 0, "lang": "en", "updated": 0}, {"id": "3249f343-76df-439e-89b5-abf58bd209d1", "data": [{"text": "Cycles of relative calm would be followed by high tension, which could have led to world war.", "userDefined": false}], "isTemplate": false, "count": 0, "lang": "en", "updated": 0}, {"id": "cc2a817e-2973-47a4-b568-fca06ed434ab", "data": [{"text": "The tensest times were during the Berlin Blockade (1948\u20131949), the Korean War (1950\u20131953), the Suez Crisis (1956), the Berlin Crisis of 1961 , the Cuban missile crisis (1962), the Vietnam War (1959\u20131975), the Yom Kippur War (1973), the Soviet war in Afghanistan (1979\u20131989), the Soviet downing of Korean Air Lines Flight 007 (1983), and the \"Able Archer\" NATO military exercises (1983).", "userDefined": false}], "isTemplate": false, "count": 0, "lang": "en", "updated": 0}, {"id": "e14a9b0f-7ffc-4427-b862-6118e041b34f", "data": [{"text": "The conflict was expressed through military coalitions, strategic conventional force deployments, extensive aid to client states , espionage, massive propaganda campaigns, conventional and nuclear arms races , appeals to neutral nations, rivalry at sports events (in particular the Olympics ), and technological competitions such as the Space Race .", "userDefined": false}], "isTemplate": false, "count": 0, "lang": "en", "updated": 0}, {"id": "2abe5ac1-fb74-4f75-b31f-5802eeabd321", "data": [{"text": "The US and USSR became involved in political and military conflicts in the Third World countries of Latin America , Africa , the Middle East , and Southeast Asia .", "userDefined": false}], "isTemplate": false, "count": 0, "lang": "en", "updated": 0}, {"id": "d29ac5d5-fadf-47ed-b7d6-a26b7414528d", "data": [{"text": "To alleviate the risk of a potential nuclear war, both sides sought relief of political tensions through d\u00e9tente in the 1970s.", "userDefined": false}], "isTemplate": false, "count": 0, "lang": "en", "updated": 0}, {"id": "8962fd27-aa4c-47d5-a864-ad10e692f431", "data": [{"text": "In the 1980s , the United States increased diplomatic, military, and economic pressures on the Soviet Union, at a time when the communist state was already suffering from economic stagnation .", "userDefined": false}], "isTemplate": false, "count": 0, "lang": "en", "updated": 0}, {"id": "9e67dca1-7b03-42ae-80af-4c890c5cc1dc", "data": [{"text": "In the mid-1980s, the new Soviet President Mikhail Gorbachev introduced the liberalizing reforms of perestroika (\"reorganization\", 1987) and glasnost (\"openness\", ca. 1985).", "userDefined": false}], "isTemplate": false, "count": 0, "lang": "en", "updated": 0}, {"id": "604d1e43-06a5-43b3-81f2-3e91872eba57", "data": [{"text": "Pressures for national independence grew stronger in Eastern Europe , especially Poland .", "userDefined": false}], "isTemplate": false, "count": 0, "lang": "en", "updated": 0}, {"id": "374a11d1-a49f-4cfd-99e2-f8ce98eaceeb", "data": [{"text": "They reached a breaking point when Gorbachev refused to use Soviet troops to support the faltering government of East Germany in late 1989.", "userDefined": false}], "isTemplate": false, "count": 0, "lang": "en", "updated": 0}]