[{"id": "8b6094d9-e272-40ba-a4d3-1b54ee7585cf", "data": [{"text": "The currencies of Puerto Rico closely follow the historic development of Puerto Rico .", "userDefined": false}], "isTemplate": false, "count": 0, "lang": "en", "updated": 0}, {"id": "dc52730a-43cd-4586-8fc7-00ffff2b4265", "data": [{"text": "As a colony of Spain and the United States , Puerto Rico was granted the use of both foreign and provincial currencies.", "userDefined": false}], "isTemplate": false, "count": 0, "lang": "en", "updated": 0}, {"id": "3c737d16-1353-42b5-a9cd-1462cc9edd0b", "data": [{"text": "Following the Spanish colonization in 1502, Puerto Rico became an important port, with its own supply of gold.", "userDefined": false}], "isTemplate": false, "count": 0, "lang": "en", "updated": 0}, {"id": "caa37c00-36ad-4c08-a189-171825ac7267", "data": [{"text": "However, as the mineral reserves ran empty within the century, the archipelago's economy suffered.", "userDefined": false}], "isTemplate": false, "count": 0, "lang": "en", "updated": 0}, {"id": "57254a16-ee9f-41fa-a951-26b19f8d92eb", "data": [{"text": "The Spanish Crown issued the Situado Mexicano, which meant that a semi-regular shipment of gold from the Viceroyalty of New Spain would be sent to the island, as a way to provide economic support.", "userDefined": false}], "isTemplate": false, "count": 0, "lang": "en", "updated": 0}, {"id": "1b6900d8-93b5-4859-8d27-268b48c20e31", "data": [{"text": "Between 1636 and 1637, Philip IV of Spain imposed a tax which had to be paid using a revenue stamp .", "userDefined": false}], "isTemplate": false, "count": 0, "lang": "en", "updated": 0}, {"id": "9a10e0dd-0157-4124-8046-3d8f68a54926", "data": [{"text": "Inspired by this, Puerto Rico began producing banknotes in 1766, becoming the first colony to print 8- real banknotes in the Spanish Empire and which in the Spanish government's approval of subsequent issues.", "userDefined": false}], "isTemplate": false, "count": 0, "lang": "en", "updated": 0}, {"id": "e0a5c666-abe1-42ac-a47b-d5fdc8924432", "data": [{"text": "The situado was discontinued during the 19th century, creating an economic crisis, as a result of Mexico gaining its independence from Spain.", "userDefined": false}], "isTemplate": false, "count": 0, "lang": "en", "updated": 0}, {"id": "fc8e74b9-dc7f-4284-8169-7c9365d89213", "data": [{"text": "Salvador Mel\u00e9ndez Bruna , the colonial governor in office, ordered the issue of provincial banknotes, creating the Puerto Rican peso.", "userDefined": false}], "isTemplate": false, "count": 0, "lang": "en", "updated": 0}, {"id": "16627d4a-440f-4d16-8afd-bd52ae4ba105", "data": [{"text": "However, printing of these banknotes ceased after 1815.", "userDefined": false}], "isTemplate": false, "count": 0, "lang": "en", "updated": 0}, {"id": "b730fca0-450b-4c3f-9231-2ee029205b01", "data": [{"text": "During the following decades, foreign coins became the widespread currency.", "userDefined": false}], "isTemplate": false, "count": 0, "lang": "en", "updated": 0}, {"id": "48ceeb53-43a7-45db-9840-ebc551c4528f", "data": [{"text": "In the 1860s and 1870s, banknotes reemerged.", "userDefined": false}], "isTemplate": false, "count": 0, "lang": "en", "updated": 0}, {"id": "4d344baa-5351-4592-8fb8-9cee25c31ddb", "data": [{"text": "On February 1, 1890, the Banco Espa\u00f1ol de Puerto Rico was inaugurated and began issuing banknotes.", "userDefined": false}], "isTemplate": false, "count": 0, "lang": "en", "updated": 0}, {"id": "bc644392-ff38-4600-9c13-acf437b6be0e", "data": [{"text": "The bank designed four series and placed three in circulation under Spanish rule.", "userDefined": false}], "isTemplate": false, "count": 0, "lang": "en", "updated": 0}, {"id": "8f3ad3c1-8a26-40d1-a7f3-438a810efc55", "data": [{"text": "In 1895, a Royal Decree ordered the production of provincial peso coins.", "userDefined": false}], "isTemplate": false, "count": 0, "lang": "en", "updated": 0}, {"id": "8e837c09-5ce2-4508-a8c3-b1d6bd577563", "data": [{"text": "On August 13, 1898, the Spanish-American War ended with Spain ceding Puerto Rico to the United States.", "userDefined": false}], "isTemplate": false, "count": 0, "lang": "en", "updated": 0}, {"id": "0f5ab6b7-b691-41eb-b4a8-a26ee6c46ce6", "data": [{"text": "The Banco Espa\u00f1ol de Puerto Rico was renamed Bank of Porto Rico and issued bills equivalent to the United States dollar , creating the Puerto Rican dollar.", "userDefined": false}], "isTemplate": false, "count": 0, "lang": "en", "updated": 0}]