[{"id": "59e072cb-1186-4f74-928a-652c2d072b64", "data": [{"text": "Data Warehouse Overview", "userDefined": false}], "isTemplate": false, "count": 0, "lang": "en", "updated": 0}, {"id": "84056844-4307-410e-8b98-86fbd3e37285", "data": [{"text": "In computing , a data warehouse or enterprise data warehouse (DW, DWH, or EDW) is a database used for reporting and data analysis .", "userDefined": false}], "isTemplate": false, "count": 0, "lang": "en", "updated": 0}, {"id": "7090ca31-c86f-46d8-a9c5-b444728f3eef", "data": [{"text": "It is a central repository of data which is created by integrating data from one or more disparate sources.", "userDefined": false}], "isTemplate": false, "count": 0, "lang": "en", "updated": 0}, {"id": "11d6954e-fb80-434d-b798-63702a7e1957", "data": [{"text": "Data warehouses store current as well as historical data and are used for creating trending reports for senior management reporting such as annual and quarterly comparisons.", "userDefined": false}], "isTemplate": false, "count": 0, "lang": "en", "updated": 0}, {"id": "24336ce8-50b8-4e44-acd8-dd034d6aff7d", "data": [{"text": "The data stored in the warehouse are uploaded from the operational systems (such as marketing, sales etc., shown in the figure to the right).", "userDefined": false}], "isTemplate": false, "count": 0, "lang": "en", "updated": 0}, {"id": "5699a520-cea0-478f-ab34-a682bd2c1de8", "data": [{"text": "The data may pass through an operational data store for additional operations before they are used in the DW for reporting.", "userDefined": false}], "isTemplate": false, "count": 0, "lang": "en", "updated": 0}, {"id": "0a2173b1-403a-4ce9-9032-b37ca4c4bbc8", "data": [{"text": "The typical ETL -based data warehouse uses staging , data integration, and access layers to house its key functions.", "userDefined": false}], "isTemplate": false, "count": 0, "lang": "en", "updated": 0}, {"id": "40e66419-2a8b-476f-bec3-57dd7bf596b1", "data": [{"text": "The staging layer or staging database stores raw data extracted from each of the disparate source data systems.", "userDefined": false}], "isTemplate": false, "count": 0, "lang": "en", "updated": 0}, {"id": "7ae28bf9-daaf-4082-ae4f-f743685a0599", "data": [{"text": "The integration layer integrates the disparate data sets by transforming the data from the staging layer often storing this transformed data in an operational data store (ODS) database.", "userDefined": false}], "isTemplate": false, "count": 0, "lang": "en", "updated": 0}, {"id": "8833b4ec-d1b7-43ed-a2a1-a3d2a5b891d5", "data": [{"text": "The integrated data are then moved to yet another database, often called the data warehouse database, where the data is arranged into hierarchical groups often called dimensions and into facts and aggregate facts.", "userDefined": false}], "isTemplate": false, "count": 0, "lang": "en", "updated": 0}, {"id": "a55167bc-87a6-45db-9ad5-cd2828e1d6fc", "data": [{"text": "The combination of facts and dimensions is sometimes called a star schema .", "userDefined": false}], "isTemplate": false, "count": 0, "lang": "en", "updated": 0}, {"id": "20945878-d12c-4343-82ba-b18b0a89a242", "data": [{"text": "The access layer helps users retrieve data.", "userDefined": false}], "isTemplate": false, "count": 0, "lang": "en", "updated": 0}, {"id": "b70066a0-a286-4a1f-8823-36d692a3b729", "data": [{"text": "A data warehouse constructed from an integrated data source systems does not require ETL, staging databases, or operational data store databases.", "userDefined": false}], "isTemplate": false, "count": 0, "lang": "en", "updated": 0}, {"id": "df07f626-66b2-4361-96dc-f9c0a94bf99a", "data": [{"text": "The integrated data source systems may be considered to be a part of a distributed operational data store layer.", "userDefined": false}], "isTemplate": false, "count": 0, "lang": "en", "updated": 0}, {"id": "6f4ffd7d-12ed-4c75-8906-38c2191e0488", "data": [{"text": "Data federation methods or data virtualization methods may be used to access the distributed integrated source data systems to consolidate and aggregate data directly into the data warehouse database tables.", "userDefined": false}], "isTemplate": false, "count": 0, "lang": "en", "updated": 0}, {"id": "a34decc8-7c2b-4c79-a406-3ae3ce69a3ad", "data": [{"text": "Unlike the ETL-based data warehouse, the integrated source data systems and the data warehouse are all integrated since there is no transformation of dimensional or reference data.", "userDefined": false}], "isTemplate": false, "count": 0, "lang": "en", "updated": 0}, {"id": "1ce7b331-623c-4240-8122-f5afcc0993a2", "data": [{"text": "This integrated data warehouse architecture supports the drill down from the aggregate data of the data warehouse to the transactional data of the integrated source data systems.", "userDefined": false}], "isTemplate": false, "count": 0, "lang": "en", "updated": 0}, {"id": "92907622-5d39-4c4c-ac34-483c33f87e34", "data": [{"text": "Data warehouses can be subdivided into data marts .", "userDefined": false}], "isTemplate": false, "count": 0, "lang": "en", "updated": 0}, {"id": "0756d67e-fcd4-4008-a48d-017e733f87cf", "data": [{"text": "Data marts store subsets of data from a warehouse.", "userDefined": false}], "isTemplate": false, "count": 0, "lang": "en", "updated": 0}]