[{"id": "71876a67-b5f8-422b-be46-1059f0fc9042", "data": [{"text": "Deepwater drilling is the process of oil and gas exploration and production in depths of more than 500 feet.", "userDefined": false}], "isTemplate": false, "count": 0, "lang": "en", "updated": 0}, {"id": "9404de3e-da2b-4075-bf65-07d17cec4e10", "data": [{"text": "By this definition, there are approximately 600 deepwater wells in the Gulf of Mexico.", "userDefined": false}], "isTemplate": false, "count": 0, "lang": "en", "updated": 0}, {"id": "2b2b8b4b-6077-4709-b609-4390806920ac", "data": [{"text": "It has been economically infeasible for many years, but with rising oil prices, more companies are investing in this area.", "userDefined": false}], "isTemplate": false, "count": 0, "lang": "en", "updated": 0}, {"id": "0a88413e-2319-4d8e-a1aa-c29fd67651e8", "data": [{"text": "Major companies working in this sector include Diamond Offshore , TransOcean , and Baker Hughes .", "userDefined": false}], "isTemplate": false, "count": 0, "lang": "en", "updated": 0}, {"id": "cc4e4c5f-be8d-4090-aba0-f36ed1c7b31d", "data": [{"text": "There are basically two kinds of mobile deepwater drilling rigs: semi-submersible drilling rigs and drillships .", "userDefined": false}], "isTemplate": false, "count": 0, "lang": "en", "updated": 0}, {"id": "d14d0209-fd54-4b9b-9f4d-8042c78283df", "data": [{"text": "Drilling can also be performed from a fixed-position installation such as a floating spar (platform) or tension-leg platform.", "userDefined": false}], "isTemplate": false, "count": 0, "lang": "en", "updated": 0}, {"id": "b9efd08a-5455-4fae-9b48-e2f5bb1e4fdd", "data": [{"text": "Recent industry analysis has estimated that the total expenditure in the global deepwater infrastructure market will reach $145bn in 2011.", "userDefined": false}], "isTemplate": false, "count": 0, "lang": "en", "updated": 0}, {"id": "46b18585-21b7-40bf-b603-c2a3a28e09df", "data": [{"text": "\u201cNot all oil is accessible on land or in shallow water.", "userDefined": false}], "isTemplate": false, "count": 0, "lang": "en", "updated": 0}, {"id": "8f663be3-57ca-4056-9d2a-9d2af4efc66d", "data": [{"text": "You can find some oil deposits buried deep under the ocean floor.\u201d ...Using sonic equipment, oil companies determine the drilling sites most likely to produce oil.", "userDefined": false}], "isTemplate": false, "count": 0, "lang": "en", "updated": 0}, {"id": "c1489d7f-2900-4cb2-852f-37b52b5d4d73", "data": [{"text": "Then they use a mobile offshore drilling unit (MODU) to dig the initial well.", "userDefined": false}], "isTemplate": false, "count": 0, "lang": "en", "updated": 0}, {"id": "fde4d0a3-36dc-4e5d-913a-a097e77bca4a", "data": [{"text": "Some units are converted into production rigs, meaning they switch from drilling for oil to capturing oil once it's found.", "userDefined": false}], "isTemplate": false, "count": 0, "lang": "en", "updated": 0}, {"id": "36deba93-1a88-4e5b-aab0-7e513cd25877", "data": [{"text": "Most of the time, the oil company will replace the MODU with a more permanent oil production rig to capture oil.\u201d ...The MODU's job is to drill down into the ocean's floor to find oil deposits.", "userDefined": false}], "isTemplate": false, "count": 0, "lang": "en", "updated": 0}, {"id": "961001e5-22e3-4bbe-bd60-79308613a64c", "data": [{"text": "The part of the drill that extends below the deck and through the water is called the riser.", "userDefined": false}], "isTemplate": false, "count": 0, "lang": "en", "updated": 0}, {"id": "d326bd22-073e-409b-aaf5-37ca0a9f17a7", "data": [{"text": "The riser allows for drilling fluids to move between the floor and the rig.", "userDefined": false}], "isTemplate": false, "count": 0, "lang": "en", "updated": 0}, {"id": "1a6a6b7a-ab01-4bd7-867f-75d8d03c7008", "data": [{"text": "Engineers lower a drill string -- a series of pipes designed to drill down to the oil deposit -- through the riser.\u201d", "userDefined": false}], "isTemplate": false, "count": 0, "lang": "en", "updated": 0}, {"id": "d3af4b26-0f6f-44b9-b62f-dfc3af7899bf", "data": [{"text": "\u201cThe expansion of deepwater drilling is happening despite accidents in offshore fields...\u201d", "userDefined": false}], "isTemplate": false, "count": 0, "lang": "en", "updated": 0}, {"id": "cd45e05a-cafb-4301-b879-11474e2faf77", "data": [{"text": "In 2010 a large explosion occurred killing 11 workers and spilling millions of gallons of oil into the Gulf of Mexico while a BP oil rig was drilling in deep waters.", "userDefined": false}], "isTemplate": false, "count": 0, "lang": "en", "updated": 0}, {"id": "001a291b-d497-4cf5-bc7e-73299ae39068", "data": [{"text": "\u201c...Despite the risks, the deepwater drilling trend is spreading in the Mediterranean and off the coast of East Africa after a string of huge discoveries of natural gas.\u201d", "userDefined": false}], "isTemplate": false, "count": 0, "lang": "en", "updated": 0}, {"id": "b613c22e-7bd3-4ecd-a379-1b1336b93951", "data": [{"text": "\u201cThe reason for the resumption of such drilling, analyst say, is continuing high demand for energy worldwide.\u201d", "userDefined": false}], "isTemplate": false, "count": 0, "lang": "en", "updated": 0}, {"id": "90ecfc67-41df-4681-baff-25e662b823df", "data": [{"text": "America needs the oil so it is almost necessary to face the high risks that come with deepwater drilling in order for Americans to continue to carry on their everyday lives.", "userDefined": false}], "isTemplate": false, "count": 0, "lang": "en", "updated": 0}, {"id": "e20d0595-c38e-43ba-9702-ada4551ecb69", "data": [{"text": "\u201cThe Energy Department recently projected that gulf oil production would expand from its 2011 level of 1.3 million barrels a day, still nearly a quarter of total domestic production, to 2 million barrels a day by 2020.\u201d", "userDefined": false}], "isTemplate": false, "count": 0, "lang": "en", "updated": 0}, {"id": "de011980-df7c-4aaf-9844-303a6cd795c9", "data": [{"text": "Deepwater drilling affects the environment in both negative and positive ways.", "userDefined": false}], "isTemplate": false, "count": 0, "lang": "en", "updated": 0}]