[{"id": "248565f1-b6ab-4457-875e-851f828b5536", "data": [{"text": "Dred Scott v. Sandford, , also known as the Dred Scott Decision, was a landmark decision by the U.S. Supreme Court .", "userDefined": false}], "isTemplate": false, "count": 0, "lang": "en", "updated": 0}, {"id": "0fe3920b-e794-45fc-8e70-2df65a49de4e", "data": [{"text": "It made two main rulings.", "userDefined": false}], "isTemplate": false, "count": 0, "lang": "en", "updated": 0}, {"id": "0404b847-6bf7-443c-9aeb-2c16fc1f63bf", "data": [{"text": "The first ruling was that African-Americans were not citizens, and therefore had no standing to sue in federal court.", "userDefined": false}], "isTemplate": false, "count": 0, "lang": "en", "updated": 0}, {"id": "2ee553f6-7f06-4630-ad0a-c11e7bf8102e", "data": [{"text": "The second ruling was that the federal government had no power to regulate slavery in any territory acquired subsequent to the creation of the United States.", "userDefined": false}], "isTemplate": false, "count": 0, "lang": "en", "updated": 0}, {"id": "9823d882-443f-45b2-a31f-2e3afb99b763", "data": [{"text": "Given the first ruling, most scholars and many contemporary political figures (including the leadership of the then-new Republican Party) considered that the second ruling was not binding precedent, but mere dictum .", "userDefined": false}], "isTemplate": false, "count": 0, "lang": "en", "updated": 0}, {"id": "70532f46-5ed2-4042-aaa0-7989e07e2aaf", "data": [{"text": "The rationale of the Supreme Court regarding the jurisdictional ruling implied that people of African descent (both slave and free) were not protected by the Constitution and were not U.S. citizens .", "userDefined": false}], "isTemplate": false, "count": 0, "lang": "en", "updated": 0}, {"id": "fc156842-f55a-487a-aec9-dc67c1a6f3f4", "data": [{"text": "Since passage of the 14th Amendment to the U.S. Constitution , both rulings are superseded and no longer valid precedent.", "userDefined": false}], "isTemplate": false, "count": 0, "lang": "en", "updated": 0}, {"id": "1d966662-815d-4395-840f-6c036efa8b58", "data": [{"text": "Nonetheless, the case retains historical significance as it is widely regarded as the worst decision ever made by the Supreme Court.", "userDefined": false}], "isTemplate": false, "count": 0, "lang": "en", "updated": 0}, {"id": "9fb1d36f-db89-41e9-bf77-5bda63a5a300", "data": [{"text": "The opinion of the court, written by Chief Justice Roger B. Taney , stirred debate.", "userDefined": false}], "isTemplate": false, "count": 0, "lang": "en", "updated": 0}, {"id": "62a398ab-a268-451a-ac90-7fdfc4ad121e", "data": [{"text": "The decision was 7\u20132, and every Justice besides Taney wrote a separate concurrence or dissent.", "userDefined": false}], "isTemplate": false, "count": 0, "lang": "en", "updated": 0}, {"id": "96b4287f-dc0c-4c42-a25a-797a5cdca41c", "data": [{"text": "For the first time since Marbury v. Madison , the Court held an Act of Congress to be unconstitutional.", "userDefined": false}], "isTemplate": false, "count": 0, "lang": "en", "updated": 0}, {"id": "10b32a68-3627-4e1a-82b7-7de336a6bb75", "data": [{"text": "Dred Scott , an African-American slave, had asked a United States Circuit Court to award him his freedom because he and his master had resided in a state ( Illinois ) and a territory ( Wisconsin Territory ) where slavery had been banned.", "userDefined": false}], "isTemplate": false, "count": 0, "lang": "en", "updated": 0}, {"id": "1e21934a-f13f-4e2a-86de-9339624c218d", "data": [{"text": "Chief Justice Roger Taney , writing for the court, held that Scott, as a person of African ancestry, was not a citizen of the United States and therefore had no right to sue in federal court.", "userDefined": false}], "isTemplate": false, "count": 0, "lang": "en", "updated": 0}, {"id": "ede8015b-5b36-4ad5-a74b-797f5b646782", "data": [{"text": "This holding was contrary to the practice of numerous states at the time, particularly Free states , where free blacks did in fact enjoy the rights of citizens, such as the right to vote and hold public office.", "userDefined": false}], "isTemplate": false, "count": 0, "lang": "en", "updated": 0}, {"id": "6fc739bc-ca1c-411b-9521-db6a042d7b74", "data": [{"text": "In what is sometimes considered mere obiter dictum , the Court went on to hold that Congress had no authority to prohibit slavery in federal territories because slaves are personal property and the Fifth Amendment to the Constitution protects property owners against deprivation of their property without due process of law .", "userDefined": false}], "isTemplate": false, "count": 0, "lang": "en", "updated": 0}, {"id": "7255e584-e59e-47bb-83ec-b06c8e4c2098", "data": [{"text": "In reaching this decision, Taney had hoped to settle the growing controversy surrounding slavery in the United States, but it had the opposite effect.", "userDefined": false}], "isTemplate": false, "count": 0, "lang": "en", "updated": 0}, {"id": "af2fd9d1-0ad2-4be2-9cdf-48b3e49f3877", "data": [{"text": "The decision was fiercely debated across the country, as perhaps best exemplified by the Lincoln\u2013Douglas debates of 1858.", "userDefined": false}], "isTemplate": false, "count": 0, "lang": "en", "updated": 0}, {"id": "56f1609d-ab0a-45ef-bfd4-4a888086e6d9", "data": [{"text": "Abraham Lincoln , the second-ever Republican nominee for President, was able to win the presidential election in 1860 ; the stopping of the further expansion of slavery was a key Republican party plank.", "userDefined": false}], "isTemplate": false, "count": 0, "lang": "en", "updated": 0}, {"id": "f3bc6796-362b-4a6b-b118-56e388a489b9", "data": [{"text": "The decision played an important role in the timing of state secession and the Civil War, although it is extreme to say the decision \"caused\" the war.", "userDefined": false}], "isTemplate": false, "count": 0, "lang": "en", "updated": 0}]