[{"id": "0e1a030d-8939-4f1d-be36-639fcd99b284", "data": [{"text": "Sobriety checkpoint in Germany", "userDefined": false}], "isTemplate": false, "count": 0, "lang": "en", "updated": 0}, {"id": "03c40d1a-81f9-4a68-8189-6e2d195147e9", "data": [{"text": "Driving under the influence (DUI), driving while intoxicated (DWI), drunken driving, drunk driving, drink driving, operating under the influence, drinking and driving, or impaired driving is the crime of driving a motor vehicle with blood levels of alcohol in excess of a legal limit (\"Blood Alcohol Content\", or \"BAC\").", "userDefined": false}], "isTemplate": false, "count": 0, "lang": "en", "updated": 0}, {"id": "3c1d5265-11d5-4e4f-be74-e44222bc846b", "data": [{"text": "Similar regulations cover driving or operating certain types of machinery while affected by drinking alcohol or taking other drugs , including, but not limited to prescription drugs.", "userDefined": false}], "isTemplate": false, "count": 0, "lang": "en", "updated": 0}, {"id": "6c24c7ca-5408-4983-8c8d-2a8e168b7a91", "data": [{"text": "This is a criminal offense in most nations.", "userDefined": false}], "isTemplate": false, "count": 0, "lang": "en", "updated": 0}, {"id": "14061437-e1bd-4276-97db-c286c1eecaef", "data": [{"text": "Convictions do not necessarily involve actual driving of the vehicle.", "userDefined": false}], "isTemplate": false, "count": 0, "lang": "en", "updated": 0}, {"id": "8d3210c2-6f67-43ff-83da-3615ae5d5de4", "data": [{"text": "In most jurisdictions a measurement such as a blood alcohol content (BAC) in excess of a specific threshold level, such as 0.05% or 0.08% defines the offense, with no need to prove impairment or being under the influence of alcohol.", "userDefined": false}], "isTemplate": false, "count": 0, "lang": "en", "updated": 0}, {"id": "53dafaaa-e8d6-4d20-a198-33a613ddceb3", "data": [{"text": "In some jurisdictions, there is an aggravated category of the offense at a higher level e.g. 0.12%.", "userDefined": false}], "isTemplate": false, "count": 0, "lang": "en", "updated": 0}, {"id": "acaf76e4-c8b1-4773-8fd4-e417ac79e233", "data": [{"text": "In most countries, anyone who is convicted of injuring or killing someone while under the influence of alcohol or drugs can be heavily fined, as in France , in addition to being given a lengthy prison sentence.", "userDefined": false}], "isTemplate": false, "count": 0, "lang": "en", "updated": 0}, {"id": "89b1f79c-9ac1-45fa-a8de-bf560a63d00a", "data": [{"text": "Some jobs have their own rules and BAC limits, for example commercial pilot, and the Federal Railroad Administration in the United States has a 0.04% limit for train crew.", "userDefined": false}], "isTemplate": false, "count": 0, "lang": "en", "updated": 0}, {"id": "51c85278-ebb5-4be6-8e08-93d2c0ae9ef1", "data": [{"text": "Some jurisdictions have multiple levels of BAC; for example, the state of California has a 0.08% BAC limit, which is lowered to 0.04% if the operator holds a commercial driver's license .", "userDefined": false}], "isTemplate": false, "count": 0, "lang": "en", "updated": 0}, {"id": "599bd172-7a17-4879-8c00-928686ee2739", "data": [{"text": "The California BAC limit is 0.01% for those younger than 21 years of age and those on probation for a previous DUI conviction.", "userDefined": false}], "isTemplate": false, "count": 0, "lang": "en", "updated": 0}, {"id": "0b2e4c5d-4de2-41f3-af5d-324f3e7653ab", "data": [{"text": "Some large corporations have their own rules; Union Pacific Railroad has their own BAC limit of 0.02% that, if violated during a random test or a for-cause test \u2014 for example, after a traffic accident \u2014 can result in termination of employment with no chance of future re-hire.", "userDefined": false}], "isTemplate": false, "count": 0, "lang": "en", "updated": 0}, {"id": "fa0d9674-87fc-420f-be07-119af7c110d7", "data": [{"text": "Many states in the U.S. and provinces in Canada have adopted truth in sentencing laws that enforce strict guidelines on sentencing, differing from previous practice where prison time was reduced or suspended after sentencing had been issued.", "userDefined": false}], "isTemplate": false, "count": 0, "lang": "en", "updated": 0}, {"id": "9b35fa75-4ef3-4be6-939e-4ca25caa60ea", "data": [{"text": "Some jurisdictions have judicial guidelines requiring a mandatory minimum sentence .", "userDefined": false}], "isTemplate": false, "count": 0, "lang": "en", "updated": 0}, {"id": "fff61f91-c40a-4054-b76b-976bd2381bed", "data": [{"text": "Penalties for DUI charges range from expensive fees to forfetiruree of your license plates and in some serious circumstances, your vehicle.", "userDefined": false}], "isTemplate": false, "count": 0, "lang": "en", "updated": 0}, {"id": "221906bd-f1ea-429c-850b-46c210615b5d", "data": [{"text": "A drunk driving simulator in Montr\u00e9al , Canada", "userDefined": false}], "isTemplate": false, "count": 0, "lang": "en", "updated": 0}, {"id": "c5362b2b-dd52-4e9a-8550-97f417f5bf89", "data": [{"text": "The specific criminal offense may be called, depending on the jurisdiction, driving under the influence [of alcohol or other drugs] (DUI), driving under intense influence (DUII), driving while intoxicated (DWI), operating under the influence (OUI) operating while intoxicated (OWI), operating a motor vehicle while intoxicated (OMVI), driving under the combined influence of alcohol and/or other drugs, driving under the influence per se or drunk in charge [of a vehicle].", "userDefined": false}], "isTemplate": false, "count": 0, "lang": "en", "updated": 0}]