[{"id": "a34499bd-4f81-4747-b187-794437a56525", "data": [{"text": "Ceres as seen with the Hubble Space Telescope .", "userDefined": false}], "isTemplate": false, "count": 0, "lang": "en", "updated": 0}, {"id": "17648e9e-0d23-4984-860d-8940ee643d5b", "data": [{"text": "It is the only dwarf planet in the asteroid belt .", "userDefined": false}], "isTemplate": false, "count": 0, "lang": "en", "updated": 0}, {"id": "8f80f611-ccf1-444d-bbea-557f5eaf49c7", "data": [{"text": "Pluto in approximate true colour based on Hubble Space Telescope albedo data", "userDefined": false}], "isTemplate": false, "count": 0, "lang": "en", "updated": 0}, {"id": "42248871-15d9-472b-a475-f193c1991dbc", "data": [{"text": "Haumea with its moons, Hi\u02bbiaka and Namaka (artist's conception)", "userDefined": false}], "isTemplate": false, "count": 0, "lang": "en", "updated": 0}, {"id": "a36d3794-3e4e-48ff-bb32-b4eb9113b0c0", "data": [{"text": "Makemake (artist's conception)", "userDefined": false}], "isTemplate": false, "count": 0, "lang": "en", "updated": 0}, {"id": "67370cec-8d81-4531-a211-f6aca01a5279", "data": [{"text": "Eris and its moon Dysnomia as seen with the Hubble Space Telescope", "userDefined": false}], "isTemplate": false, "count": 0, "lang": "en", "updated": 0}, {"id": "9ead1f53-0206-4d8d-be21-524fdd1473a5", "data": [{"text": "A dwarf planet is a planetary-mass object that is neither a planet nor a satellite .", "userDefined": false}], "isTemplate": false, "count": 0, "lang": "en", "updated": 0}, {"id": "4fc714e0-43a8-4501-9524-9a8b03845ea7", "data": [{"text": "More explicitly, the International Astronomical Union (IAU) defines a dwarf planet as a celestial body in direct orbit of the Sun that is massive enough for its shape to be controlled by gravitation , but that unlike a planet has not cleared its orbital region of other objects.", "userDefined": false}], "isTemplate": false, "count": 0, "lang": "en", "updated": 0}, {"id": "994278e6-e1fc-4a83-ab66-dd4b4b9e5091", "data": [{"text": "The term dwarf planet was adopted in 2006 as part of a three-way categorization of bodies orbiting the Sun, brought about by an increase in discoveries of trans-Neptunian objects that rivaled Pluto in size, and finally precipitated by the discovery of an even more massive object, Eris .", "userDefined": false}], "isTemplate": false, "count": 0, "lang": "en", "updated": 0}, {"id": "ef1cec97-9107-4b3b-ab2d-9646876c4804", "data": [{"text": "This classification states that bodies large enough to have cleared the neighbourhood of their orbit are defined as planets , while those that are not massive enough to be rounded by their own gravity are defined as small Solar System bodies .", "userDefined": false}], "isTemplate": false, "count": 0, "lang": "en", "updated": 0}, {"id": "d9e846ef-79a2-45ae-b197-c657cbfa13c0", "data": [{"text": "Dwarf planets come in between.", "userDefined": false}], "isTemplate": false, "count": 0, "lang": "en", "updated": 0}, {"id": "83021422-8cef-4362-851c-6505ff2058fe", "data": [{"text": "The exclusion of dwarf planets from the roster of planets by the IAU has been both praised and criticized; it was said to be the \"right decision\" by Mike Brown , who discovered and other new dwarf planets, but has been rejected by Alan Stern , who had coined the term dwarf planet in 1990.", "userDefined": false}], "isTemplate": false, "count": 0, "lang": "en", "updated": 0}, {"id": "9c0a83f3-907c-4f8a-90e6-de0e379326a3", "data": [{"text": "The IAU currently recognizes five dwarf planets in the Solar System: , Pluto , , , and .", "userDefined": false}], "isTemplate": false, "count": 0, "lang": "en", "updated": 0}, {"id": "01d29a4f-4467-4330-b637-6b2f7d9a755d", "data": [{"text": "However, only two of these bodies, Ceres and Pluto, have been observed in enough detail to demonstrate that they fit the definition.", "userDefined": false}], "isTemplate": false, "count": 0, "lang": "en", "updated": 0}, {"id": "62babc02-b83a-4bcc-8670-dc2cf6190885", "data": [{"text": "Eris has been accepted as a dwarf planet because it is more massive than Pluto.", "userDefined": false}], "isTemplate": false, "count": 0, "lang": "en", "updated": 0}, {"id": "700d52d2-da4b-4319-8171-8fbe71c7a01e", "data": [{"text": "The IAU subsequently decided that unnamed trans-Neptunian objects with an absolute magnitude brighter than +1 (and hence a diameter of \u2265838 km assuming a geometric albedo of \u22641) are to be named under the assumption that they are dwarf planets.", "userDefined": false}], "isTemplate": false, "count": 0, "lang": "en", "updated": 0}, {"id": "2e794876-436f-4007-bc96-fa1f60469c51", "data": [{"text": "The only two such objects known at the time, Makemake and Haumea, went through this naming procedure and were declared to be dwarf planets.", "userDefined": false}], "isTemplate": false, "count": 0, "lang": "en", "updated": 0}, {"id": "088d58b3-433d-40a4-8de9-cdf423ef9530", "data": [{"text": "It is suspected that another hundred or so known objects in the Solar System are dwarf planets.", "userDefined": false}], "isTemplate": false, "count": 0, "lang": "en", "updated": 0}]