[{"id": "870e8015-f5a4-471d-9b1f-47fd04eea793", "data": [{"text": "Dwight David \"Ike\" Eisenhower (pronounced , ; October 14, 1890 \u2013 March 28, 1969) was the 34th President of the United States from 1953 until 1961.", "userDefined": false}], "isTemplate": false, "count": 0, "lang": "en", "updated": 0}, {"id": "8fcbb199-9c04-4662-b69c-3ba86668b4e5", "data": [{"text": "He had previously been a five-star general in the United States Army during World War II and served as Supreme Commander of the Allied Forces in Europe; he had responsibility for planning and supervising the invasion of North Africa in Operation Torch in 1942\u201343 and the successful invasion of France and Germany in 1944\u201345 from the Western Front .", "userDefined": false}], "isTemplate": false, "count": 0, "lang": "en", "updated": 0}, {"id": "1a3953ee-bf60-4faa-84f5-1cebf8f58fff", "data": [{"text": "In 1951, he became the first supreme commander of NATO .", "userDefined": false}], "isTemplate": false, "count": 0, "lang": "en", "updated": 0}, {"id": "28fb6724-f89c-49d9-84a8-ad8584a63395", "data": [{"text": "Eisenhower was of Pennsylvania Dutch ancestry and was reared in a large family in Kansas by parents with a robust work ethic and religious background.", "userDefined": false}], "isTemplate": false, "count": 0, "lang": "en", "updated": 0}, {"id": "46181b89-9c02-4b58-b326-84b2091ca760", "data": [{"text": "As one of six sons, he was conditioned by a competitive atmosphere which instilled self-reliance.", "userDefined": false}], "isTemplate": false, "count": 0, "lang": "en", "updated": 0}, {"id": "3c086021-9e03-451a-8f14-7f4b8bcff017", "data": [{"text": "He attended and graduated from West Point and later married and had two sons.", "userDefined": false}], "isTemplate": false, "count": 0, "lang": "en", "updated": 0}, {"id": "12b952a0-5812-4961-b9f2-3bea4553564e", "data": [{"text": "After World War II, Eisenhower served as Army Chief of Staff under President Harry S. Truman , then assumed the post of President at Columbia University .", "userDefined": false}], "isTemplate": false, "count": 0, "lang": "en", "updated": 0}, {"id": "f451c320-339a-492a-ab13-46911e7864c8", "data": [{"text": "Eisenhower entered the 1952 presidential race as a Republican to counter the non-interventionism of Senator Robert A. Taft and to crusade against \"Communism, Korea and corruption\".", "userDefined": false}], "isTemplate": false, "count": 0, "lang": "en", "updated": 0}, {"id": "c300175d-6a3a-4203-8a17-1e382afbe9f7", "data": [{"text": "He won by a landslide, defeating Democrat Adlai Stevenson and ending two decades of the New Deal Coalition .", "userDefined": false}], "isTemplate": false, "count": 0, "lang": "en", "updated": 0}, {"id": "9ffb38af-0e06-4a3a-b1e3-58ae90c5f795", "data": [{"text": "In the first year of his presidency, Eisenhower deposed the leader of Iran in the 1953 Iranian coup d'\u00e9tat and used nuclear threats to conclude the Korean War with China .", "userDefined": false}], "isTemplate": false, "count": 0, "lang": "en", "updated": 0}, {"id": "596131c6-5783-48c5-9f5b-b642e7a037ef", "data": [{"text": "His New Look policy of nuclear deterrence gave priority to inexpensive nuclear weapons while reducing the funding for conventional military forces; the goal was to keep pressure on the Soviet Union and reduce federal deficits.", "userDefined": false}], "isTemplate": false, "count": 0, "lang": "en", "updated": 0}, {"id": "d4535fff-b2f4-4c91-b29f-0734c0502523", "data": [{"text": "In 1954, Eisenhower first articulated the domino theory in his description of the threat presented by the spread of communism.", "userDefined": false}], "isTemplate": false, "count": 0, "lang": "en", "updated": 0}, {"id": "99a61433-890e-41cf-93e3-a59f82ada8e1", "data": [{"text": "The Congress agreed to his request in 1955 for the Formosa Resolution , which enabled him to prevent Chinese communist aggression against Chinese nationalists and established the U.S. policy of defending Taiwan.", "userDefined": false}], "isTemplate": false, "count": 0, "lang": "en", "updated": 0}, {"id": "8fe3cd2b-adbd-4d04-89a8-fc7bb433946c", "data": [{"text": "When the Soviets launched Sputnik in 1957, he had to play catch-up in the space race.", "userDefined": false}], "isTemplate": false, "count": 0, "lang": "en", "updated": 0}, {"id": "dd402b06-ab27-4a19-8ce6-67cb7f7724b7", "data": [{"text": "Eisenhower forced Israel , the UK, and France to end their invasion of Egypt during the Suez Crisis of 1956.", "userDefined": false}], "isTemplate": false, "count": 0, "lang": "en", "updated": 0}, {"id": "c7d92d59-46b0-4032-9a92-57aedbb52cb2", "data": [{"text": "In 1958, he sent 15,000 US troops to Lebanon to prevent the pro-Western government from falling to a Nasser -inspired revolution.", "userDefined": false}], "isTemplate": false, "count": 0, "lang": "en", "updated": 0}, {"id": "09369285-6102-46c9-9619-ebcf5696d4ac", "data": [{"text": "Near the end of his term, his efforts to set up a summit meeting with the Soviets collapsed because of the U-2 incident .", "userDefined": false}], "isTemplate": false, "count": 0, "lang": "en", "updated": 0}, {"id": "21532cef-c956-4343-a969-4efa2d1a091c", "data": [{"text": "On the domestic front, he covertly opposed Joseph McCarthy and contributed to the end of McCarthyism by openly invoking the modern expanded version of executive privilege .", "userDefined": false}], "isTemplate": false, "count": 0, "lang": "en", "updated": 0}, {"id": "8a61e612-1c3a-433b-a683-e58e1fd20b4d", "data": [{"text": "He otherwise left most political activity to his Vice President, Richard Nixon .", "userDefined": false}], "isTemplate": false, "count": 0, "lang": "en", "updated": 0}, {"id": "55631dac-3aeb-419f-a95e-3d3982265987", "data": [{"text": "He was a moderate conservative who continued New Deal agencies and expanded Social Security .", "userDefined": false}], "isTemplate": false, "count": 0, "lang": "en", "updated": 0}, {"id": "42ebef6c-8c97-4911-9633-d41c689f86bd", "data": [{"text": "Among his enduring innovations, he launched the Interstate Highway System ; the Defense Advanced Research Projects Agency ( DARPA ), which led to the internet, among many invaluable outputs; the National Aeronautics and Space Administration ( NASA ), driving peaceful discovery in space; the establishment of strong science education via the National Defense Education Act ; and encouraging peaceful use of nuclear power via amendments to the Atomic Energy Act .", "userDefined": false}], "isTemplate": false, "count": 0, "lang": "en", "updated": 0}, {"id": "ad1cb3d5-8232-4cea-8a30-7cd069b3a0c9", "data": [{"text": "In social policy, he sent federal troops to Little Rock, Arkansas , for the first time since Reconstruction to enforce federal court orders to desegregate public schools.", "userDefined": false}], "isTemplate": false, "count": 0, "lang": "en", "updated": 0}]