[{"id": "25275ccf-6e98-45c8-a661-c01bb0324e76", "data": [{"text": "Earth is the third planet from the Sun , and the densest and fifth-largest of the eight planets in the Solar System .", "userDefined": false}], "isTemplate": false, "count": 0, "lang": "en", "updated": 0}, {"id": "207fa449-ba72-4eba-8ded-fbe24aa159ca", "data": [{"text": "It is also the largest of the Solar System's four terrestrial planets .", "userDefined": false}], "isTemplate": false, "count": 0, "lang": "en", "updated": 0}, {"id": "cb9aa85f-ecd4-4a7c-82aa-656b7e1c7591", "data": [{"text": "It is sometimes referred to as the world or the Blue Planet.", "userDefined": false}], "isTemplate": false, "count": 0, "lang": "en", "updated": 0}, {"id": "6f4024bb-7c7d-443f-bb64-92f28b665494", "data": [{"text": "Earth formed approximately 4.54 billion years ago, and life appeared on its surface within its first billion years.", "userDefined": false}], "isTemplate": false, "count": 0, "lang": "en", "updated": 0}, {"id": "1ad66552-9895-452d-9724-069cd3ae2770", "data": [{"text": "Earth's biosphere then significantly altered the atmospheric and other basic physical conditions, which enabled the proliferation of organisms as well as the formation of the ozone layer , which together with Earth's magnetic field blocked harmful solar radiation , and permitted formerly ocean-confined life to move safely to land.", "userDefined": false}], "isTemplate": false, "count": 0, "lang": "en", "updated": 0}, {"id": "68940976-07fe-4634-9c65-791ba6bced6e", "data": [{"text": "The physical properties of the Earth , as well as its geological history and orbit, have allowed life to persist.", "userDefined": false}], "isTemplate": false, "count": 0, "lang": "en", "updated": 0}, {"id": "15ecd2a0-7649-48f7-b268-35052dcd42e8", "data": [{"text": "Estimates on how much longer the planet will be able to continue to support life range from , to as long as .", "userDefined": false}], "isTemplate": false, "count": 0, "lang": "en", "updated": 0}, {"id": "e8209d3a-7ba0-4f3f-8c33-3c2752034176", "data": [{"text": "Earth's lithosphere is divided into several rigid segments, or tectonic plates , that migrate across the surface over periods of many millions of years .", "userDefined": false}], "isTemplate": false, "count": 0, "lang": "en", "updated": 0}, {"id": "b6f08ae5-6421-4a0e-9419-4db4d7e153b8", "data": [{"text": "About 71% of the surface is covered by salt water oceans, with the remainder consisting of continents and islands which together have many lakes and other sources of water that contribute to the hydrosphere .", "userDefined": false}], "isTemplate": false, "count": 0, "lang": "en", "updated": 0}, {"id": "e75dbac0-91bf-4e68-a9f3-fa9b835ba9c7", "data": [{"text": "Earth's poles are mostly covered with ice that is the solid ice of the Antarctic ice sheet and the sea ice that is the polar ice packs .", "userDefined": false}], "isTemplate": false, "count": 0, "lang": "en", "updated": 0}, {"id": "891809dd-df99-4f1c-8f23-4760cc091db0", "data": [{"text": "The planet's interior remains active, with a solid iron inner core , a liquid outer core that generates the magnetic field, and a thick layer of relatively solid mantle .", "userDefined": false}], "isTemplate": false, "count": 0, "lang": "en", "updated": 0}, {"id": "5fa4e37b-790d-4f5f-8cc4-dc954417a8d5", "data": [{"text": "Earth gravitationally interacts with other objects in space, especially the Sun and the Moon .", "userDefined": false}], "isTemplate": false, "count": 0, "lang": "en", "updated": 0}, {"id": "3e930025-d209-42d7-8e55-de694b254ada", "data": [{"text": "During one orbit around the Sun, the Earth rotates about its own axis 366.26 times, creating 365.26 solar days , or one sidereal year .", "userDefined": false}], "isTemplate": false, "count": 0, "lang": "en", "updated": 0}, {"id": "e3676a79-0d14-436e-ab05-d31f4a794650", "data": [{"text": "The Earth's axis of rotation is tilted 23.4\u00b0 away from the perpendicular of its orbital plane , producing seasonal variations on the planet's surface with a period of one tropical year (365.24 solar days).", "userDefined": false}], "isTemplate": false, "count": 0, "lang": "en", "updated": 0}, {"id": "4c85b988-9803-4e4f-beda-7835758f5c8a", "data": [{"text": "The Moon is Earth's only natural satellite .", "userDefined": false}], "isTemplate": false, "count": 0, "lang": "en", "updated": 0}, {"id": "2d9f1470-1a5a-4205-a0ae-3a9bbbf4fe0c", "data": [{"text": "It began orbiting the Earth about .", "userDefined": false}], "isTemplate": false, "count": 0, "lang": "en", "updated": 0}, {"id": "2b40617f-7ffd-4af3-abb5-df9378814171", "data": [{"text": "The Moon's gravitational interaction with Earth stimulates ocean tides , stabilizes the axial tilt, and gradually slows the planet's rotation.", "userDefined": false}], "isTemplate": false, "count": 0, "lang": "en", "updated": 0}]