[{"id": "679bbe07-2cdb-4d3f-b5a4-30bd83525bc9", "data": [{"text": "Eating disorders are conditions defined by abnormal eating habits that may involve either insufficient or excessive food intake to the detriment of an individual's physical and mental health.", "userDefined": false}], "isTemplate": false, "count": 0, "lang": "en", "updated": 0}, {"id": "8f3a6268-6bf0-4feb-bf32-1de1a4d63f3e", "data": [{"text": "Bulimia nervosa and anorexia nervosa are the most common specific forms in the United Kingdom.", "userDefined": false}], "isTemplate": false, "count": 0, "lang": "en", "updated": 0}, {"id": "58900807-4725-4c14-9277-cdd7123b7440", "data": [{"text": "Other types of eating disorders include binge eating disorder and eating disorder not otherwise specified .", "userDefined": false}], "isTemplate": false, "count": 0, "lang": "en", "updated": 0}, {"id": "162bcc22-1e13-4822-8176-6b5f36e712e8", "data": [{"text": "Bulimia nervosa is a disorder characterized by binge eating and purging.", "userDefined": false}], "isTemplate": false, "count": 0, "lang": "en", "updated": 0}, {"id": "8ba7e51f-2e05-4d05-bfc1-3f718723a321", "data": [{"text": "Purging can include self-induce vomiting, over-exercising, and the usage of diuretics, enemas, and laxatives.", "userDefined": false}], "isTemplate": false, "count": 0, "lang": "en", "updated": 0}, {"id": "e53b02ef-9acc-4c3c-a66b-09364157cb64", "data": [{"text": "Anorexia nervosa is characterized by extreme food restriction to the point of self-starvation and excessive weight loss.", "userDefined": false}], "isTemplate": false, "count": 0, "lang": "en", "updated": 0}, {"id": "237b2942-aaf1-4299-9e80-10d23bb18cbe", "data": [{"text": "Though primarily thought of as affecting females (an estimated 5\u201310 million being affected in the U.K.), eating disorders affect males as well.", "userDefined": false}], "isTemplate": false, "count": 0, "lang": "en", "updated": 0}, {"id": "a605536b-dce8-4c75-bbf9-b11bb84be35f", "data": [{"text": "An estimated 10 \u2013 15% of people with eating disorders are males (Gorgan, 1999).", "userDefined": false}], "isTemplate": false, "count": 0, "lang": "en", "updated": 0}, {"id": "5b319241-9df5-431e-a67a-01bb6095bde4", "data": [{"text": "(an estimated 1 million U.K. males being affected).", "userDefined": false}], "isTemplate": false, "count": 0, "lang": "en", "updated": 0}, {"id": "571fb2ce-3143-49e1-90d8-9a84e7d48fa0", "data": [{"text": "Although eating disorders are increasing all over the world among both men and women, there is evidence to suggest that it is women in the Western world who are at the highest risk of developing them and the degree of westernization increases the risk.", "userDefined": false}], "isTemplate": false, "count": 0, "lang": "en", "updated": 0}, {"id": "8dc1cece-6e03-4602-ba8b-89ef16782a5f", "data": [{"text": "Nearly half of all Americans personally know someone with an eating disorder.", "userDefined": false}], "isTemplate": false, "count": 0, "lang": "en", "updated": 0}, {"id": "abf23d6f-de90-4aad-8645-1d03a9b27847", "data": [{"text": "The skill to comprehend the central processes of appetite has increased tremendously since leptin was discovered, and the skill to observe the functions of the brain as well.", "userDefined": false}], "isTemplate": false, "count": 0, "lang": "en", "updated": 0}, {"id": "1242edb1-7766-4be6-8219-6c749815f114", "data": [{"text": "Interactions between motivational, homeostatic and self-regulatory control processes are involved in eating behaviour, which is a key component in eating disorders.", "userDefined": false}], "isTemplate": false, "count": 0, "lang": "en", "updated": 0}, {"id": "70aff694-6afa-4b65-bbb0-6b3b481c4640", "data": [{"text": "The precise cause of eating disorders is not entirely understood, but there is evidence that it may be linked to other medical conditions and situations.", "userDefined": false}], "isTemplate": false, "count": 0, "lang": "en", "updated": 0}, {"id": "7a3e475d-19db-4b03-a2c5-28e404ef520a", "data": [{"text": "Cultural idealization of thinness and youthfulness have contributed to eating disorders affecting diverse populations.", "userDefined": false}], "isTemplate": false, "count": 0, "lang": "en", "updated": 0}, {"id": "b10001ad-f857-4318-bdf3-9e5699250c70", "data": [{"text": "One study showed that girls with ADHD have a greater chance of getting an eating disorder than those not affected by ADHD.", "userDefined": false}], "isTemplate": false, "count": 0, "lang": "en", "updated": 0}, {"id": "230f0ece-d726-42cf-b3ed-aa1d7674fc37", "data": [{"text": "Another study suggested that women with PTSD , especially due to sexually related trauma, are more likely to develop anorexia nervosa.", "userDefined": false}], "isTemplate": false, "count": 0, "lang": "en", "updated": 0}, {"id": "645ca3aa-2919-46f9-9d47-60e4c2f55c17", "data": [{"text": "One study showed that foster girls are more likely to develop bulimia nervosa.", "userDefined": false}], "isTemplate": false, "count": 0, "lang": "en", "updated": 0}]