[{"id": "8796104b-dae3-4ea0-8a54-31293af3d84a", "data": [{"text": "Education in the United States is mainly provided by the public sector , with control and funding coming from three levels: local , state , and federal , in that order.", "userDefined": false}], "isTemplate": false, "count": 0, "lang": "en", "updated": 0}, {"id": "eb315e40-1b18-4937-8c4b-7648db4987a5", "data": [{"text": "Child education is compulsory , and there are also a large number and wide variety of higher education institutions throughout the country that one can choose to attend, both publicly and privately administered.", "userDefined": false}], "isTemplate": false, "count": 0, "lang": "en", "updated": 0}, {"id": "0f5d467e-ee31-4092-b4d5-e67353589c0c", "data": [{"text": "Public education is universally available.", "userDefined": false}], "isTemplate": false, "count": 0, "lang": "en", "updated": 0}, {"id": "cb32fe91-98e5-4987-ab0d-2458e547d585", "data": [{"text": "School curricula, funding, teaching, employment, and other policies are set through locally elected school boards with jurisdiction over school districts with many directives from state legislatures.", "userDefined": false}], "isTemplate": false, "count": 0, "lang": "en", "updated": 0}, {"id": "c0845218-bc0b-44fd-bdca-c752fc9d56ae", "data": [{"text": "School districts are usually separate from other local jurisdictions, with independent officials and budgets.", "userDefined": false}], "isTemplate": false, "count": 0, "lang": "en", "updated": 0}, {"id": "691a0142-eb96-4a75-bd70-e6d6a23a74b8", "data": [{"text": "Educational standards and standardized testing decisions are usually made by state governments.", "userDefined": false}], "isTemplate": false, "count": 0, "lang": "en", "updated": 0}, {"id": "2a08e442-c283-47e7-841d-0b649c158a93", "data": [{"text": "The ages for compulsory education vary by state.", "userDefined": false}], "isTemplate": false, "count": 0, "lang": "en", "updated": 0}, {"id": "168c5314-4888-4e39-b71c-b84c49aa22fa", "data": [{"text": "It begins from ages five to eight and ends from ages fourteen to eighteen.", "userDefined": false}], "isTemplate": false, "count": 0, "lang": "en", "updated": 0}, {"id": "1a7a1ffe-3ee0-42e9-8248-9d44367c3723", "data": [{"text": "Compulsory education requirements can generally be satisfied by educating children in public schools , state-certified private schools , or an approved home school program.", "userDefined": false}], "isTemplate": false, "count": 0, "lang": "en", "updated": 0}, {"id": "7eae15c7-8d81-4a46-85ac-ddf5f887b7f8", "data": [{"text": "In most public and private schools, education is divided into three levels: elementary school , middle school (sometimes called junior high school), and high school (sometimes referred to as secondary education).", "userDefined": false}], "isTemplate": false, "count": 0, "lang": "en", "updated": 0}, {"id": "42a499f6-9586-492d-b429-99dd0fecb742", "data": [{"text": "In almost all schools at these levels, children are divided by age groups into grades , ranging from kindergarten (followed by first grade ) for the youngest children in elementary school, up to twelfth grade , the final year of high school .", "userDefined": false}], "isTemplate": false, "count": 0, "lang": "en", "updated": 0}, {"id": "fc10e886-3a57-4c3f-87a3-7cfe02abacce", "data": [{"text": "The exact age range of students in these grade levels varies slightly from area to area.", "userDefined": false}], "isTemplate": false, "count": 0, "lang": "en", "updated": 0}, {"id": "5fa509a7-d057-4de6-ad29-7cce087a8c04", "data": [{"text": "Post-secondary education , better known as \" college \" in the United States, is generally governed separately from the elementary and high school system, and is described in a separate section below.", "userDefined": false}], "isTemplate": false, "count": 0, "lang": "en", "updated": 0}, {"id": "2671120b-34a1-403d-b51d-aa819fad9a10", "data": [{"text": "Government supported, free public schools for all started being established after the revolution, and expanded in the 19th century, as the results of efforts of men like Horace Mann and Booker T. Washington .", "userDefined": false}], "isTemplate": false, "count": 0, "lang": "en", "updated": 0}, {"id": "6e2dbe80-1f3f-4bd8-9056-1b43cd28222f", "data": [{"text": "By 1870, all states had free elementary schools, albeit only in urban centers.", "userDefined": false}], "isTemplate": false, "count": 0, "lang": "en", "updated": 0}, {"id": "25e61e36-92de-4dea-b31b-d52db1c893df", "data": [{"text": "As the 20th century drew nearer, states started passing laws to make schooling compulsory, and by 1910, 72 percent of children attended school.", "userDefined": false}], "isTemplate": false, "count": 0, "lang": "en", "updated": 0}, {"id": "ce836d02-7447-46ad-a6e0-300d26d65172", "data": [{"text": "Private schools continued to spread during this time, as well as colleges and\u2014in the rural centers\u2014 land grant colleges .", "userDefined": false}], "isTemplate": false, "count": 0, "lang": "en", "updated": 0}, {"id": "f148f694-1d24-4f5c-a50c-8f556bc8af4e", "data": [{"text": "The year of 1910 also saw the first true high schools.", "userDefined": false}], "isTemplate": false, "count": 0, "lang": "en", "updated": 0}, {"id": "ca5f89c3-c665-4e63-903a-fa1f92b7f8d0", "data": [{"text": "During the rest of the 20th century, educational efforts centered on reducing the inequality of the schooling system.", "userDefined": false}], "isTemplate": false, "count": 0, "lang": "en", "updated": 0}]