[{"id": "807625fe-0a71-45b1-b308-5658ef26d2b7", "data": [{"text": "Elvis Aaron Presley (January 8, 1935 \u2013 August 16, 1977) was an American singer and actor.", "userDefined": false}], "isTemplate": false, "count": 0, "lang": "en", "updated": 0}, {"id": "3ed88e52-a7d0-4a15-9c96-2d553e799d21", "data": [{"text": "A cultural icon , he is commonly known by the single name Elvis.", "userDefined": false}], "isTemplate": false, "count": 0, "lang": "en", "updated": 0}, {"id": "9fb5943e-83aa-4811-a999-3f25a7e345af", "data": [{"text": "One of the most popular musicians of the 20th century, he is often referred to as the \"King of Rock and Roll\" or \"the King\".", "userDefined": false}], "isTemplate": false, "count": 0, "lang": "en", "updated": 0}, {"id": "3fe49acc-1f5a-4db4-9d4e-e73789065c80", "data": [{"text": "Born in Tupelo, Mississippi , Presley moved to Memphis, Tennessee , with his family at the age of 13.", "userDefined": false}], "isTemplate": false, "count": 0, "lang": "en", "updated": 0}, {"id": "c0aee214-5e42-4156-a478-aaf8c0307973", "data": [{"text": "He began his career there in 1954, working with Sun Records owner Sam Phillips , who wanted to bring the sound of African-American music to a wider audience.", "userDefined": false}], "isTemplate": false, "count": 0, "lang": "en", "updated": 0}, {"id": "313ea727-6ac5-4835-97bc-f64e540f4c8a", "data": [{"text": "Accompanied by guitarist Scotty Moore and bassist Bill Black , Presley was the most important popularizer of rockabilly , an uptempo, backbeat -driven fusion of country and rhythm and blues .", "userDefined": false}], "isTemplate": false, "count": 0, "lang": "en", "updated": 0}, {"id": "462271f3-b3e1-4a57-8c0d-ca60514dfd81", "data": [{"text": "RCA Victor acquired his contract in a deal arranged by Colonel Tom Parker , who went on to manage the singer for over two decades.", "userDefined": false}], "isTemplate": false, "count": 0, "lang": "en", "updated": 0}, {"id": "4fdec46c-87ae-4738-9c52-f65269611e25", "data": [{"text": "Presley's first RCA single, \" Heartbreak Hotel \", released in January 1956, was a number-one hit.", "userDefined": false}], "isTemplate": false, "count": 0, "lang": "en", "updated": 0}, {"id": "97d1a474-9cd1-4483-b4ea-901759d74112", "data": [{"text": "He became the leading figure of the newly popular sound of rock and roll with a series of network television appearances and chart-topping records.", "userDefined": false}], "isTemplate": false, "count": 0, "lang": "en", "updated": 0}, {"id": "fbbc1431-77d2-47a9-84c1-71a9640ba92a", "data": [{"text": "His energized interpretations of songs, many from African-American sources, and his uninhibited performance style made him enormously popular\u2014and controversial.", "userDefined": false}], "isTemplate": false, "count": 0, "lang": "en", "updated": 0}, {"id": "84f0146b-0518-48cd-b356-54c48718cb55", "data": [{"text": "In November 1956, he made his film debut in Love Me Tender .", "userDefined": false}], "isTemplate": false, "count": 0, "lang": "en", "updated": 0}, {"id": "894705ac-834f-4cfc-ab34-181d073853cf", "data": [{"text": "Drafted into military service in 1958, Presley relaunched his recording career two years later with some of his most commercially successful work.", "userDefined": false}], "isTemplate": false, "count": 0, "lang": "en", "updated": 0}, {"id": "9341864b-37f2-4199-909a-9802d44a31e4", "data": [{"text": "He staged few concerts however, and guided by Parker, proceeded to devote much of the 1960s to making Hollywood movies and soundtrack albums, most of them critically derided.", "userDefined": false}], "isTemplate": false, "count": 0, "lang": "en", "updated": 0}, {"id": "7d68e475-aa01-47bc-b388-972cd3dee408", "data": [{"text": "In 1968, after seven years away from the stage, he returned to live performance in a celebrated comeback television special that led to an extended Las Vegas concert residency and a string of profitable tours.", "userDefined": false}], "isTemplate": false, "count": 0, "lang": "en", "updated": 0}, {"id": "a7a301b6-4653-42ec-8d24-fdd5645ad973", "data": [{"text": "In 1973 Presley staged the first concert broadcast globally via satellite, Aloha from Hawaii .", "userDefined": false}], "isTemplate": false, "count": 0, "lang": "en", "updated": 0}, {"id": "6fc22f8b-c675-4fdc-8094-e073b50b34dd", "data": [{"text": "Prescription drug abuse severely deteriorated his health, and he died suddenly in 1977 at the age of 42.", "userDefined": false}], "isTemplate": false, "count": 0, "lang": "en", "updated": 0}, {"id": "163c6ec1-1def-461f-b320-b901eb106376", "data": [{"text": "Presley is regarded as one of the most important figures of 20th-century popular culture.", "userDefined": false}], "isTemplate": false, "count": 0, "lang": "en", "updated": 0}]