[{"id": "8b28c549-768a-49d9-9c23-52d9854abb3c", "data": [{"text": "Energy Transformation in Energy Systems Language", "userDefined": false}], "isTemplate": false, "count": 0, "lang": "en", "updated": 0}, {"id": "e4daf8f0-b94c-462a-9019-b1ff9b3b3815", "data": [{"text": "Energy transformation or energy conversion is the process of changing one form of energy to another.", "userDefined": false}], "isTemplate": false, "count": 0, "lang": "en", "updated": 0}, {"id": "7994b4b4-65e6-4e2f-b5d1-d56ba75feedc", "data": [{"text": "In physics, the term energy describes the capacity to produce certain changes within a system, without regard to limitations in transformation imposed by Entropy .", "userDefined": false}], "isTemplate": false, "count": 0, "lang": "en", "updated": 0}, {"id": "79e8e2d9-3628-4ccd-b809-057acc164aec", "data": [{"text": "Changes in total energy of systems can only be accomplished by adding or subtracting energy from them, as energy is a quantity which is conserved, according to the first law of thermodynamics .", "userDefined": false}], "isTemplate": false, "count": 0, "lang": "en", "updated": 0}, {"id": "9a856850-56e7-4211-8e8d-fff5184b123d", "data": [{"text": "According to special relativity , changes in the energy of systems will also coincide with changes in the system's mass , and the total amount of mass of a system is a measure of its energy.", "userDefined": false}], "isTemplate": false, "count": 0, "lang": "en", "updated": 0}, {"id": "a6cfe6ae-6be0-4f82-99f9-a6b12c3affb5", "data": [{"text": "Energy in a system may be transformed so that it resides in a different state, or a different type of energy.", "userDefined": false}], "isTemplate": false, "count": 0, "lang": "en", "updated": 0}, {"id": "ef11b1a8-89a7-49b7-b7ea-bdfe8a949afc", "data": [{"text": "Energy in many states may be used to do many varieties of physical work.", "userDefined": false}], "isTemplate": false, "count": 0, "lang": "en", "updated": 0}, {"id": "871d5886-ebac-4212-bf7d-7c5a2b067d23", "data": [{"text": "Energy may be used in natural processes or machines, or else to provide some service to society (such as heat, light , or motion ).", "userDefined": false}], "isTemplate": false, "count": 0, "lang": "en", "updated": 0}, {"id": "792275d9-50df-4f9f-a260-36a05686599a", "data": [{"text": "For example, an internal combustion engine converts the potential chemical energy in gasoline and oxygen into heat , which is then transformed into the propulsive energy ( kinetic energy that moves a vehicle).", "userDefined": false}], "isTemplate": false, "count": 0, "lang": "en", "updated": 0}, {"id": "a03bcbf7-ef99-47dd-b173-bd8734491f5d", "data": [{"text": "A solar cell converts solar radiation into electrical energy that can then be used to light a bulb or power a computer.", "userDefined": false}], "isTemplate": false, "count": 0, "lang": "en", "updated": 0}, {"id": "c480df5f-7f8b-49c5-ac8b-ed4edbb65b90", "data": [{"text": "The generic name for a device which converts energy from one form to another, is a transducer .", "userDefined": false}], "isTemplate": false, "count": 0, "lang": "en", "updated": 0}, {"id": "e13908a0-0bd7-42f8-8b89-9a574d4e3eeb", "data": [{"text": "In general, most types of energy, save for thermal energy, may be converted efficiently to any other kind of energy.", "userDefined": false}], "isTemplate": false, "count": 0, "lang": "en", "updated": 0}, {"id": "a2217fe4-a7c4-42db-9d72-c4a828a54ac0", "data": [{"text": "Sometimes this occurs with an efficiency of essentially 100%, such as when potential energy is converted to kinetic energy as an object falls in vacuum, or when it orbits nearer or farther from another object, in space.", "userDefined": false}], "isTemplate": false, "count": 0, "lang": "en", "updated": 0}, {"id": "48348fb9-7c62-4c62-a0c9-c3b3d6e748aa", "data": [{"text": "Conversion of other types of energies to heat may also occurs with nearly perfect efficiency (many types of friction do this).", "userDefined": false}], "isTemplate": false, "count": 0, "lang": "en", "updated": 0}, {"id": "56133862-fb8f-4c42-b179-465a2f11db5b", "data": [{"text": "Exceptions for perfect conversion efficiency (even for isolated systems) occur when energy has already been partly distributed among many available quantum states for a collection of particles, which are freely allowed to explore any state of momentum and position ( phase space ).", "userDefined": false}], "isTemplate": false, "count": 0, "lang": "en", "updated": 0}, {"id": "169338c2-4731-4e92-9783-1b0a14ac07e4", "data": [{"text": "In such circumstances, a measure called Entropy , or evening-out of energy distribution in such states, dictates that future states of the system must be of at least equal evenness in energy distribution.", "userDefined": false}], "isTemplate": false, "count": 0, "lang": "en", "updated": 0}, {"id": "c4a3b9ab-0d2f-4972-ad4c-74612000773f", "data": [{"text": "(There is no way, taking the universe as a whole, to collect energy into fewer states, once it has spread to them).", "userDefined": false}], "isTemplate": false, "count": 0, "lang": "en", "updated": 0}]