[{"id": "2dd2a9b4-752a-43cc-9a14-8a4a3325793e", "data": [{"text": "A stored-pressure fire extinguisher made by Amerex", "userDefined": false}], "isTemplate": false, "count": 0, "lang": "en", "updated": 0}, {"id": "15a65d2a-e9a6-4c97-bd75-23e17a39c6a7", "data": [{"text": "A British fire extinguisher with ID sign, call point and fire action sign", "userDefined": false}], "isTemplate": false, "count": 0, "lang": "en", "updated": 0}, {"id": "53cfa295-c393-47c4-b568-efd76f1a602c", "data": [{"text": "A fire extinguisher, flame extinguisher, or simply an extinguisher, is an active fire protection device used to extinguish or control small fires, often in emergency situations.", "userDefined": false}], "isTemplate": false, "count": 0, "lang": "en", "updated": 0}, {"id": "470494bd-67c4-4197-ad6b-8eb594a33dc4", "data": [{"text": "It is not intended for use on an out-of-control fire, such as one which has reached the ceiling , endangers the user (i.e., no escape route, smoke, explosion hazard, etc.), or otherwise requires the expertise of a fire department .", "userDefined": false}], "isTemplate": false, "count": 0, "lang": "en", "updated": 0}, {"id": "d0e4e417-4ce8-470f-babe-801c6f74d28b", "data": [{"text": "Typically, a fire extinguisher consists of a hand-held cylindrical pressure vessel containing an agent which can be discharged to extinguish a fire .", "userDefined": false}], "isTemplate": false, "count": 0, "lang": "en", "updated": 0}, {"id": "f7a3ceb2-526b-46a6-af3c-0d6cb3e39a28", "data": [{"text": "In the United States, fire extinguishers, in all buildings other than houses, are generally required to be serviced and inspected by a Fire Protection service company at least annually.", "userDefined": false}], "isTemplate": false, "count": 0, "lang": "en", "updated": 0}, {"id": "19282f30-1e27-4177-ac00-98dcb73a872a", "data": [{"text": "Some jurisdictions require more frequent service for fire extinguishers.", "userDefined": false}], "isTemplate": false, "count": 0, "lang": "en", "updated": 0}, {"id": "38467058-5b9d-4de5-a233-8b068aac5116", "data": [{"text": "The servicer places a tag on the extinguisher to indicate the type of service performed (annual inspection, recharge, new fire extinguisher) and when.", "userDefined": false}], "isTemplate": false, "count": 0, "lang": "en", "updated": 0}, {"id": "d7d09028-7b05-41ea-b485-919426e58d3b", "data": [{"text": "There are two main types of fire extinguishers: stored pressure and cartridge-operated.", "userDefined": false}], "isTemplate": false, "count": 0, "lang": "en", "updated": 0}, {"id": "07bf11e7-d53e-4b5d-bd73-92d975e7ccdf", "data": [{"text": "In stored pressure units, the expellant is stored in the same chamber as the firefighting agent itself.", "userDefined": false}], "isTemplate": false, "count": 0, "lang": "en", "updated": 0}, {"id": "6e80d570-54e6-438d-b432-d379dbb2faf6", "data": [{"text": "Depending on the agent used, different propellants are used.", "userDefined": false}], "isTemplate": false, "count": 0, "lang": "en", "updated": 0}, {"id": "65be0cea-c739-4b05-a711-b54b6344e33b", "data": [{"text": "With dry chemical extinguishers, nitrogen is typically used; water and foam extinguishers typically use air.", "userDefined": false}], "isTemplate": false, "count": 0, "lang": "en", "updated": 0}, {"id": "a423fa33-6683-442a-89c7-ffdf7ad7a2d8", "data": [{"text": "Stored pressure fire extinguishers are the most common type.", "userDefined": false}], "isTemplate": false, "count": 0, "lang": "en", "updated": 0}, {"id": "4dbc1d2f-2c3d-4684-9a3d-c8c5a44177d9", "data": [{"text": "Cartridge-operated extinguishers contain the expellant gas in a separate cartridge that is punctured prior to discharge, exposing the propellant to the extinguishing agent.", "userDefined": false}], "isTemplate": false, "count": 0, "lang": "en", "updated": 0}, {"id": "226b7c50-d28f-40aa-befc-55d4cf718ac7", "data": [{"text": "This type is not as common, used primarily in areas such as industrial facilities, where they receive higher-than-average use.", "userDefined": false}], "isTemplate": false, "count": 0, "lang": "en", "updated": 0}, {"id": "c1c20e74-570e-453f-8a2b-6344691336e0", "data": [{"text": "They have the advantage of simple and prompt recharge, allowing an operator to discharge the extinguisher, recharge it, and return to the fire in a reasonable amount of time.", "userDefined": false}], "isTemplate": false, "count": 0, "lang": "en", "updated": 0}, {"id": "91e64605-7e2b-4bf0-83a8-48611352f901", "data": [{"text": "Unlike stored pressure types, these extinguishers use compressed carbon dioxide instead of nitrogen, although nitrogen cartridges are used on low temperature (-60 rated) models.", "userDefined": false}], "isTemplate": false, "count": 0, "lang": "en", "updated": 0}, {"id": "f93bf1e2-013f-4f93-8db0-9c05204386f9", "data": [{"text": "Cartridge operated extinguishers are available in dry chemical and dry powder types in the U.S. and in water, wetting agent, foam, dry chemical (classes ABC and B.C.), and dry powder (class D) types in the rest of the world.", "userDefined": false}], "isTemplate": false, "count": 0, "lang": "en", "updated": 0}]