[{"id": "3d6e6b26-b65d-41aa-9a9d-df044cadd590", "data": [{"text": "Flat roofs in Israel", "userDefined": false}], "isTemplate": false, "count": 0, "lang": "en", "updated": 0}, {"id": "f501600b-663e-48d1-8022-241fc9b45395", "data": [{"text": "Flat roof in Los Angeles", "userDefined": false}], "isTemplate": false, "count": 0, "lang": "en", "updated": 0}, {"id": "ef669050-c703-4623-a0db-fc6ff3e7525a", "data": [{"text": "A flat roof is a type of covering for a building .", "userDefined": false}], "isTemplate": false, "count": 0, "lang": "en", "updated": 0}, {"id": "494b885b-2cd2-4797-a1d3-935748460fab", "data": [{"text": "In contrast to the more sloped form of roof , a flat roof is horizontal or nearly horizontal.", "userDefined": false}], "isTemplate": false, "count": 0, "lang": "en", "updated": 0}, {"id": "3035be39-ee32-4335-b354-a15eaa87daa3", "data": [{"text": "The slope of a roof is properly known as its pitch: Roofs which are nearly flat are known as low-pitch roofs (as the angle of slope increases, so the pitch is said to increase).", "userDefined": false}], "isTemplate": false, "count": 0, "lang": "en", "updated": 0}, {"id": "f4e9d053-0889-4efd-b36e-bd60526e80d4", "data": [{"text": "Any sheet of material used to cover a flat or low-pitched roof is usually known as a membrane and the primary purpose of these membranes is to waterproof the roof area.", "userDefined": false}], "isTemplate": false, "count": 0, "lang": "en", "updated": 0}, {"id": "df31f087-f636-4501-9ad4-0fb4a10ce771", "data": [{"text": "Materials that cover flat roofs typically allow the water to run off from a slight inclination or camber into a gutter system.", "userDefined": false}], "isTemplate": false, "count": 0, "lang": "en", "updated": 0}, {"id": "fc3f60aa-e445-4af1-807b-47bb4edd1e27", "data": [{"text": "Water from some flat roofs such as on garden sheds sometimes flows freely off the edge of a roof, though gutter systems are of advantage in keeping both walls and foundations dry.", "userDefined": false}], "isTemplate": false, "count": 0, "lang": "en", "updated": 0}, {"id": "79945a9e-b523-4b63-861b-cfd5549e50a1", "data": [{"text": "Gutters on smaller roofs often lead water directly onto the ground, or better, into a specially made soakaway.", "userDefined": false}], "isTemplate": false, "count": 0, "lang": "en", "updated": 0}, {"id": "195fd1d6-5c7d-4b6e-a997-b3f1b87d5080", "data": [{"text": "Gutters on larger roofs usually lead water into the rainwater drainage system of any built up area.", "userDefined": false}], "isTemplate": false, "count": 0, "lang": "en", "updated": 0}, {"id": "7bfe00cc-5c1a-4c65-9687-b037d319cbce", "data": [{"text": "Occasionally flat roofs though are designed to collect water in a pool, usually for aesthetic purposes, or for rainwater buffering.", "userDefined": false}], "isTemplate": false, "count": 0, "lang": "en", "updated": 0}, {"id": "48406e78-96aa-41d4-b80f-8c20ecb155f3", "data": [{"text": "Flat roofs exist all over the world and each area has its own tradition or preference for materials used.", "userDefined": false}], "isTemplate": false, "count": 0, "lang": "en", "updated": 0}, {"id": "83578f7f-dbf6-428a-adb5-a48fbbfd8418", "data": [{"text": "In warmer climes where rainfall is less and freezing is unlikely to occur, many flat roofs are simply built of masonry or concrete and this is good at keeping out the heat of the sun and cheap and easy to build where timber is not readily available.", "userDefined": false}], "isTemplate": false, "count": 0, "lang": "en", "updated": 0}, {"id": "fba6de24-9ea8-4922-b9ab-c37bad3d573f", "data": [{"text": "In areas where the roof could become saturated by rain and leak, or where water soaked into the brickwork could freeze to ice and thus lead to 'blowing' (breaking up of the mortar/brickwork/concrete by the expansion of ice as it forms) these roofs are not suitable.", "userDefined": false}], "isTemplate": false, "count": 0, "lang": "en", "updated": 0}, {"id": "b6798dca-9529-4938-b4fb-e425e3c98143", "data": [{"text": "Traditionally most flat roofs in the western world make use of tar or more usually tar paper applied over roof decking to keep a building watertight.", "userDefined": false}], "isTemplate": false, "count": 0, "lang": "en", "updated": 0}, {"id": "9181951e-e892-4083-a795-ca635be07f8f", "data": [{"text": "The tar or tarpaper is in turn covered in gravel to keep the sun's heat, UV rays and weather off it and helps protect it from cracking or blistering and degradation.", "userDefined": false}], "isTemplate": false, "count": 0, "lang": "en", "updated": 0}, {"id": "5e089f73-a80f-4f6d-89b1-355f8ae2dff0", "data": [{"text": "Roof decking is usually of plywood, chipboard or OSB boards (OSB = Oriented Strand Board , also known as Sterling board ) of around 18mm thickness.", "userDefined": false}], "isTemplate": false, "count": 0, "lang": "en", "updated": 0}, {"id": "14f63568-5304-47e8-80e0-e9b83db83eec", "data": [{"text": "The tar coating is applied in one or more coats as a hot liquid, heated in a tar kettle , or as sheets of tar impregnated 'paper' glued down and sealed together at joints by hot tar - once it has cooled, the gravel is spread evenly over it.", "userDefined": false}], "isTemplate": false, "count": 0, "lang": "en", "updated": 0}, {"id": "437883a0-0baa-483b-9a10-3d165130c702", "data": [{"text": "A main reason for failure of these traditional roofs is ignorance or lack of maintenance where people or events cause the gravel to be moved or removed from the tar or tarpaper waterproofing, thus exposing it to weather and sun whereupon cracking and blistering occurs over time and eventually water gets in.", "userDefined": false}], "isTemplate": false, "count": 0, "lang": "en", "updated": 0}, {"id": "517331ab-1977-4504-8b7e-69228dda163e", "data": [{"text": "Tarpaper is usually a 'paper' or fibre material soaked or impregnated in tar.", "userDefined": false}], "isTemplate": false, "count": 0, "lang": "en", "updated": 0}, {"id": "50e8b3c2-3959-462f-8898-5e9890d5aec1", "data": [{"text": "As gravel cannot protect tarpaper surfaces where they rise vertically from the roof such as on parapet walls or upstands, tarpaper variants are produced with fine gravel applied to the hot tar during the process of manufacture such that a permanent layer of gravel is stuck to it in order to give it ongoing protection.", "userDefined": false}], "isTemplate": false, "count": 0, "lang": "en", "updated": 0}, {"id": "f6f5e386-70a6-44da-acbf-4a63e5aca0c7", "data": [{"text": "Tarpapers vary in quality as does the workmanship and training of those applying it to produce more or less successful results.", "userDefined": false}], "isTemplate": false, "count": 0, "lang": "en", "updated": 0}, {"id": "ad3223e6-f0c6-4cbe-8736-8592dcf4d9a1", "data": [{"text": "In some micro climates or shaded areas these rather 'basic' tarpaper roofs can last well in relation to the cost of materials purchase and cost of laying them, however the cost of modern membranes such as EPDM has come down over recent years to make them more and more affordable.", "userDefined": false}], "isTemplate": false, "count": 0, "lang": "en", "updated": 0}, {"id": "5bbc58ff-a2a2-4a95-92ca-4fe4abddb3b3", "data": [{"text": "There are now more firms supplying modern alternatives and there is generally a growing awareness of their performance and availability.", "userDefined": false}], "isTemplate": false, "count": 0, "lang": "en", "updated": 0}]