[{"id": "6143cfc4-4326-4d29-875e-648412055eff", "data": [{"text": "In straight and level flight lift (L) equals weight (W).", "userDefined": false}], "isTemplate": false, "count": 0, "lang": "en", "updated": 0}, {"id": "83ae6b3a-5657-4390-87cc-3a23343dbd8b", "data": [{"text": "In a banked turn of 60\u00b0, lift equals double the weight (L=2W).", "userDefined": false}], "isTemplate": false, "count": 0, "lang": "en", "updated": 0}, {"id": "c33b1485-ab52-4754-863d-89b39fef7dda", "data": [{"text": "The pilot experiences 2g and a doubled weight.", "userDefined": false}], "isTemplate": false, "count": 0, "lang": "en", "updated": 0}, {"id": "d42bdef2-27fc-4022-99db-c6748113e797", "data": [{"text": "The steeper the bank, the greater the g-forces.", "userDefined": false}], "isTemplate": false, "count": 0, "lang": "en", "updated": 0}, {"id": "a6dda70a-7bb9-43b1-ac60-ef71889d9a33", "data": [{"text": "This top-fuel dragster can accelerate from zero to in 0.86 seconds.", "userDefined": false}], "isTemplate": false, "count": 0, "lang": "en", "updated": 0}, {"id": "6d3c99e9-2acb-4be1-b93d-132351ebf4e8", "data": [{"text": "This is a horizontal acceleration of 5.3 g. Combined with the vertical g-force in the stationary case the Pythagorean theorem yields a g force of 5.4 g.", "userDefined": false}], "isTemplate": false, "count": 0, "lang": "en", "updated": 0}, {"id": "af21b9ba-63ec-4c40-8308-f7beb00452dd", "data": [{"text": "g-force (with g from gravitational) is a term for accelerations felt as weight and measurable by accelerometers .", "userDefined": false}], "isTemplate": false, "count": 0, "lang": "en", "updated": 0}, {"id": "ab41b4b6-13a1-45eb-aa76-ed0cf441aae7", "data": [{"text": "It is not a force, per se, but a force per unit mass.", "userDefined": false}], "isTemplate": false, "count": 0, "lang": "en", "updated": 0}, {"id": "e72f71c5-7bcc-4d1c-a554-ea20ca469271", "data": [{"text": "Since such a force is perceived as a weight, any g-force can be described as a \"weight per unit mass\" (see the synonym specific weight ).", "userDefined": false}], "isTemplate": false, "count": 0, "lang": "en", "updated": 0}, {"id": "85da3f43-57b9-4051-bba7-d8b841b66776", "data": [{"text": "The g-force acceleration acts as a multiplier of weight-like forces for every unit of an object's mass, and (save for certain electromagnetic force influences) is the cause of an object's acceleration in relation to free-fall .", "userDefined": false}], "isTemplate": false, "count": 0, "lang": "en", "updated": 0}, {"id": "af1c1fc5-0208-49ff-8dc5-ff234c4714b6", "data": [{"text": "This acceleration experienced by an object is due to the vector sum of non-gravitational forces acting on an object free to move.", "userDefined": false}], "isTemplate": false, "count": 0, "lang": "en", "updated": 0}, {"id": "d4801a9b-8184-4cb9-b399-850041614315", "data": [{"text": "The accelerations that are not produced by gravity are termed proper accelerations , and it is only these that are measured in g-force units.", "userDefined": false}], "isTemplate": false, "count": 0, "lang": "en", "updated": 0}, {"id": "049ee479-c365-434d-bf70-99e56f6a3fa2", "data": [{"text": "They cause stresses and strains on objects.", "userDefined": false}], "isTemplate": false, "count": 0, "lang": "en", "updated": 0}, {"id": "cf6248c9-8e2b-4b2b-8b28-1751b97b12c7", "data": [{"text": "Because of these strains, large g-forces may be destructive.", "userDefined": false}], "isTemplate": false, "count": 0, "lang": "en", "updated": 0}, {"id": "fdc61916-a4de-4240-a07d-cdb7aaed9661", "data": [{"text": "Gravitation acting alone does not produce a g-force, even though g-forces are expressed in multiples of the acceleration of a standard gravity.", "userDefined": false}], "isTemplate": false, "count": 0, "lang": "en", "updated": 0}, {"id": "e748a148-802f-4864-b6d6-55c60187d0fc", "data": [{"text": "Thus, the standard gravitational acceleration at the Earth's surface produces g-force only indirectly, as a result of resistance to it by mechanical forces.", "userDefined": false}], "isTemplate": false, "count": 0, "lang": "en", "updated": 0}, {"id": "0ccf7f26-ea76-44cf-ae9f-9b3fa9c4140c", "data": [{"text": "The 1 g-force on an object sitting on the Earth's surface is caused by mechanical force exerted in the upward direction by the ground , keeping the object from going into free-fall.", "userDefined": false}], "isTemplate": false, "count": 0, "lang": "en", "updated": 0}, {"id": "666f9e1b-76d6-479e-897b-367aae2a5b07", "data": [{"text": "The upward force from the ground ensures that an object at rest on the Earth's surface is accelerating relative to the free-fall condition, which is the path that the object would follow when falling freely toward the Earth's center.", "userDefined": false}], "isTemplate": false, "count": 0, "lang": "en", "updated": 0}, {"id": "362d4ac7-fc92-4ea7-897d-76e222a7ff34", "data": [{"text": "Objects allowed to free-fall in an inertial trajectory under the influence of gravitation-only, feel no g-force.", "userDefined": false}], "isTemplate": false, "count": 0, "lang": "en", "updated": 0}]