[{"id": "a36b68c7-9515-4a77-9bc3-b0ba2d95d439", "data": [{"text": "George Washington ( \u2013 , 1799) was the first President of the United States (1789\u20131797), the commander-in-chief of the Continental Army during the American Revolutionary War , and one of the Founding Fathers of the United States .", "userDefined": false}], "isTemplate": false, "count": 0, "lang": "en", "updated": 0}, {"id": "bb594f4f-d3ec-454a-b945-7fb9dcac45bd", "data": [{"text": "He presided over the convention that drafted the Constitution , which replaced the Articles of Confederation and established the position of President.", "userDefined": false}], "isTemplate": false, "count": 0, "lang": "en", "updated": 0}, {"id": "546339d9-df1f-4ba2-bf3d-849e2e9f8755", "data": [{"text": "Washington was elected President as the unanimous choice of the 69 electors in 1788, and he served two terms in office.", "userDefined": false}], "isTemplate": false, "count": 0, "lang": "en", "updated": 0}, {"id": "c76e651e-a908-498e-8af1-0dc4a725243a", "data": [{"text": "He oversaw the creation of a strong, well-financed national government that maintained neutrality in the wars raging in Europe, suppressed rebellion, and won acceptance among Americans of all types.", "userDefined": false}], "isTemplate": false, "count": 0, "lang": "en", "updated": 0}, {"id": "34bfcca1-508d-4e94-a332-2158a89c3bc8", "data": [{"text": "His leadership style established many forms and rituals of government that have been used since, such as using a cabinet system and delivering an inaugural address .", "userDefined": false}], "isTemplate": false, "count": 0, "lang": "en", "updated": 0}, {"id": "1ef8e73d-0ee7-4adb-a995-b63fa19e152d", "data": [{"text": "Further, the peaceful transition from his presidency to the presidency of John Adams established a tradition that continues into the 21st century.", "userDefined": false}], "isTemplate": false, "count": 0, "lang": "en", "updated": 0}, {"id": "ada2d326-431b-4ef9-a539-8fcb43c72d78", "data": [{"text": "Washington was hailed as \" father of his country \" even during his lifetime.", "userDefined": false}], "isTemplate": false, "count": 0, "lang": "en", "updated": 0}, {"id": "353c6f45-f2a7-417a-a181-645234cb4108", "data": [{"text": "Washington was born into the provincial gentry of Colonial Virginia ; his wealthy planter family owned tobacco plantations and slaves.", "userDefined": false}], "isTemplate": false, "count": 0, "lang": "en", "updated": 0}, {"id": "58adbffe-4a9b-461a-aa7b-4104162d5e9f", "data": [{"text": "After both his father and older brother died when he was young, Washington became personally and professionally attached to the powerful William Fairfax , who promoted his career as a surveyor and soldier.", "userDefined": false}], "isTemplate": false, "count": 0, "lang": "en", "updated": 0}, {"id": "f937f67d-b1eb-4d89-8953-1aae5cc7b9c1", "data": [{"text": "Washington quickly became a senior officer in the colonial forces during the first stages of the French and Indian War .", "userDefined": false}], "isTemplate": false, "count": 0, "lang": "en", "updated": 0}, {"id": "aff97d5a-4b90-42d5-b849-30a3261f3c84", "data": [{"text": "Chosen by the Second Continental Congress in 1775 to be commander-in-chief of the Continental Army in the American Revolution, Washington managed to force the British out of Boston in 1776, but was defeated and almost captured later that year when he lost New York City .", "userDefined": false}], "isTemplate": false, "count": 0, "lang": "en", "updated": 0}, {"id": "aaeee58c-da12-4b18-af32-d0f575765483", "data": [{"text": "After crossing the Delaware River in the dead of winter, he defeated the British in two battles, retook New Jersey and restored momentum to the Patriot cause.", "userDefined": false}], "isTemplate": false, "count": 0, "lang": "en", "updated": 0}, {"id": "2b1ab6a5-66d9-4b2f-867a-2969617865f9", "data": [{"text": "Because of his strategy, Revolutionary forces captured two major British armies at Saratoga in 1777 and Yorktown in 1781 .", "userDefined": false}], "isTemplate": false, "count": 0, "lang": "en", "updated": 0}, {"id": "d2d9ec8f-6a01-4e77-ab3b-3069fa82389e", "data": [{"text": "Historians laud Washington for his selection and supervision of his generals, encouragement of morale and ability to hold together the army, coordination with the state governors and state militia units, relations with Congress and attention to supplies, logistics, and training.", "userDefined": false}], "isTemplate": false, "count": 0, "lang": "en", "updated": 0}, {"id": "09615f99-97cd-417f-9cac-a35f3d30b065", "data": [{"text": "In battle, however, Washington was repeatedly outmaneuvered by British generals with larger armies.", "userDefined": false}], "isTemplate": false, "count": 0, "lang": "en", "updated": 0}, {"id": "5f89c8fd-0a7f-43e8-88e4-d164f5ca395d", "data": [{"text": "After victory had been finalized in 1783, Washington resigned as Commander-in-chief rather than seize power, proving his opposition to dictatorship and his commitment to American republicanism .", "userDefined": false}], "isTemplate": false, "count": 0, "lang": "en", "updated": 0}, {"id": "f64e0090-39bf-4f80-bc8c-5a07c0813ed6", "data": [{"text": "Dissatisfied with the weaknesses of the Articles of Confederation , in 1787 Washington presided over the Constitutional Convention that drafted the United States Constitution .", "userDefined": false}], "isTemplate": false, "count": 0, "lang": "en", "updated": 0}, {"id": "c2bf4e38-184a-4a50-a06e-2e43940eb773", "data": [{"text": "Elected unanimously as the first President of the United States in 1789, he attempted to bring rival factions together to unify the nation.", "userDefined": false}], "isTemplate": false, "count": 0, "lang": "en", "updated": 0}, {"id": "a59d3d3b-d8fd-4caf-8e7e-2c78262be594", "data": [{"text": "He supported Alexander Hamilton 's programs to pay off all state and national debt, to implement an effective tax system and to create a national bank (despite opposition from Thomas Jefferson ).", "userDefined": false}], "isTemplate": false, "count": 0, "lang": "en", "updated": 0}, {"id": "d06cc726-48cc-4545-a16a-aefb3f8a7b34", "data": [{"text": "Washington proclaimed the United States neutral in the wars raging in Europe after 1793.", "userDefined": false}], "isTemplate": false, "count": 0, "lang": "en", "updated": 0}, {"id": "0c9ba344-2f5b-46c8-94b9-87a3e2b0e535", "data": [{"text": "He avoided war with Great Britain and guaranteed a decade of peace and profitable trade by securing the Jay Treaty in 1795, despite intense opposition from the Jeffersonians .", "userDefined": false}], "isTemplate": false, "count": 0, "lang": "en", "updated": 0}, {"id": "092c6ddb-8777-46fa-833f-9be55c2926d6", "data": [{"text": "Although never officially joining the Federalist Party , he supported its programs.", "userDefined": false}], "isTemplate": false, "count": 0, "lang": "en", "updated": 0}, {"id": "2b14f246-d0ca-4e46-9e80-70d2e3aa646c", "data": [{"text": "Washington's Farewell Address was an influential primer on republican virtue and a warning against partisanship, sectionalism, and involvement in foreign wars.", "userDefined": false}], "isTemplate": false, "count": 0, "lang": "en", "updated": 0}, {"id": "cb1f05a1-2c28-4dc7-9f22-004492023e28", "data": [{"text": "He retired from the presidency in 1797 and returned to his home, Mount Vernon , and his domestic life where he managed a variety of enterprises.", "userDefined": false}], "isTemplate": false, "count": 0, "lang": "en", "updated": 0}]