[{"id": "8a2b5a41-36b0-4801-a8f0-395786d6bb96", "data": [{"text": "Steam rising from the Nesjavellir Geothermal Power Station in Iceland .", "userDefined": false}], "isTemplate": false, "count": 0, "lang": "en", "updated": 0}, {"id": "31749ec4-6e36-437c-8a5e-0a869c0e5273", "data": [{"text": "Geothermal energy is thermal energy generated and stored in the Earth.", "userDefined": false}], "isTemplate": false, "count": 0, "lang": "en", "updated": 0}, {"id": "4947879c-2627-401f-bbdc-09aeff442a89", "data": [{"text": "Thermal energy is the energy that determines the temperature of matter.", "userDefined": false}], "isTemplate": false, "count": 0, "lang": "en", "updated": 0}, {"id": "24406c3e-d061-4ac3-8db4-dd9184e56d9e", "data": [{"text": "The Geothermal energy of the Earth's crust originates from the original formation of the planet (20%) and from radioactive decay of minerals (80%).", "userDefined": false}], "isTemplate": false, "count": 0, "lang": "en", "updated": 0}, {"id": "a391f0c8-b2de-4ea0-968e-b8557dd3c27c", "data": [{"text": "The geothermal gradient , which is the difference in temperature between the core of the planet and its surface, drives a continuous conduction of thermal energy in the form of heat from the core to the surface.", "userDefined": false}], "isTemplate": false, "count": 0, "lang": "en", "updated": 0}, {"id": "a41cd7fb-1930-44f8-b2e3-3c869fb0b62c", "data": [{"text": "The adjective geothermal originates from the Greek roots \u03b3\u03b7 (ge), meaning earth, and \u03b8\u03b5\u03c1\u03bc\u03bf\u03c2 (thermos), meaning hot.", "userDefined": false}], "isTemplate": false, "count": 0, "lang": "en", "updated": 0}, {"id": "cf738240-df04-4936-a618-a03e1268bb25", "data": [{"text": "At the core of the Earth, thermal energy is created by radioactive decay and temperatures may reach over 5000 \u00b0C (9,000 \u00b0F).", "userDefined": false}], "isTemplate": false, "count": 0, "lang": "en", "updated": 0}, {"id": "8bcb5474-9e98-42dd-9377-604950a3b600", "data": [{"text": "Heat conducts from the core to surrounding cooler rock.", "userDefined": false}], "isTemplate": false, "count": 0, "lang": "en", "updated": 0}, {"id": "10091b96-efca-4260-8989-4b655cf2db29", "data": [{"text": "The high temperature and pressure cause some rock to melt, creating magma convection upward since it is lighter than the solid rock.", "userDefined": false}], "isTemplate": false, "count": 0, "lang": "en", "updated": 0}, {"id": "73f40b45-85da-4831-a4d6-4a11b7e62772", "data": [{"text": "The magma heats rock and water in the crust, sometimes up to 370 \u00b0C (700 \u00b0F).", "userDefined": false}], "isTemplate": false, "count": 0, "lang": "en", "updated": 0}, {"id": "870ee864-1bf2-4f15-a9d4-4006d2ff3846", "data": [{"text": "From hot springs , geothermal energy has been used for bathing since Paleolithic times and for space heating since ancient Roman times, but it is now better known for electricity generation .", "userDefined": false}], "isTemplate": false, "count": 0, "lang": "en", "updated": 0}, {"id": "5ec65393-fba3-4c8b-b027-b656b16136ce", "data": [{"text": "Worldwide, about 10,715 megawatts (MW) of geothermal power is online in 24 countries.", "userDefined": false}], "isTemplate": false, "count": 0, "lang": "en", "updated": 0}, {"id": "39725609-f116-499f-945f-04118e28b8ca", "data": [{"text": "An additional 28 gigawatts of direct geothermal heating capacity is installed for district heating, space heating, spas, industrial processes, desalination and agricultural applications.", "userDefined": false}], "isTemplate": false, "count": 0, "lang": "en", "updated": 0}, {"id": "5cd4663f-0b8d-4390-b383-4ba8c17e7d66", "data": [{"text": "Geothermal power is cost effective, reliable, sustainable, and environmentally friendly, but has historically been limited to areas near tectonic plate boundaries .", "userDefined": false}], "isTemplate": false, "count": 0, "lang": "en", "updated": 0}, {"id": "73405d2b-d143-4e25-bba6-802549b532df", "data": [{"text": "Recent technological advances have dramatically expanded the range and size of viable resources, especially for applications such as home heating, opening a potential for widespread exploitation.", "userDefined": false}], "isTemplate": false, "count": 0, "lang": "en", "updated": 0}, {"id": "6ccad2a9-1e15-4b80-b484-b7d93597fcd6", "data": [{"text": "Geothermal wells release greenhouse gases trapped deep within the earth, but these emissions are much lower per energy unit than those of fossil fuels.", "userDefined": false}], "isTemplate": false, "count": 0, "lang": "en", "updated": 0}, {"id": "3a07898f-abbb-4f89-a671-0271300c4409", "data": [{"text": "As a result, geothermal power has the potential to help mitigate global warming if widely deployed in place of fossil fuels.", "userDefined": false}], "isTemplate": false, "count": 0, "lang": "en", "updated": 0}, {"id": "ca5ee75c-d4da-46e0-93d8-e788aea36af7", "data": [{"text": "The Earth's geothermal resources are theoretically more than adequate to supply humanity's energy needs, but only a very small fraction may be profitably exploited.", "userDefined": false}], "isTemplate": false, "count": 0, "lang": "en", "updated": 0}]