[{"id": "1aa4ebe0-344f-4e93-8513-7c77c65dff87", "data": [{"text": "The Greco-Persian Wars (also often called the Persian Wars) were a series of conflicts between the Achaemenid Empire of Persia and city-states of the Hellenic world that started in 499 BC and lasted until 449 BC.", "userDefined": false}], "isTemplate": false, "count": 0, "lang": "en", "updated": 0}, {"id": "0c7137b9-156a-4830-9489-499fed7c41c0", "data": [{"text": "The collision between the fractious political world of the Greeks and the enormous empire of the Persians began when Cyrus the Great conquered Ionia in 547 BC.", "userDefined": false}], "isTemplate": false, "count": 0, "lang": "en", "updated": 0}, {"id": "a486b568-1d14-40d5-a849-0ec3e88fa558", "data": [{"text": "Struggling to rule the independent-minded cities of Ionia, the Persians appointed tyrants to rule each of them.", "userDefined": false}], "isTemplate": false, "count": 0, "lang": "en", "updated": 0}, {"id": "eb7dd463-fb60-4818-9b50-8fe5e6c9e320", "data": [{"text": "This would prove to be the source of much trouble for the Greeks and Persians alike.", "userDefined": false}], "isTemplate": false, "count": 0, "lang": "en", "updated": 0}, {"id": "48dcbb85-a6cd-48a3-bafc-22c5568e5b36", "data": [{"text": "In 499 BC, the then tyrant of Miletus , Aristagoras , embarked on an expedition to conquer the island of Naxos , with Persian support; however, the expedition was a debacle and, pre-empting his dismissal, Aristagoras incited all of Hellenic Asia Minor into rebellion against the Persians.", "userDefined": false}], "isTemplate": false, "count": 0, "lang": "en", "updated": 0}, {"id": "a3e67fc7-d8bf-4a30-99f0-30a88a6a9247", "data": [{"text": "This was the beginning of the Ionian Revolt , which would last until 493 BC, progressively drawing more regions of Asia Minor into the conflict.", "userDefined": false}], "isTemplate": false, "count": 0, "lang": "en", "updated": 0}, {"id": "1c9c335d-e91e-4653-9d35-9ad538281ba7", "data": [{"text": "Aristagoras secured military support from Athens and Eretria , and in 498 BC these forces helped to capture and burn the Persian regional capital of Sardis .", "userDefined": false}], "isTemplate": false, "count": 0, "lang": "en", "updated": 0}, {"id": "bfe68056-8266-463c-9429-466be5bd174e", "data": [{"text": "The Persian king Darius the Great vowed to have revenge on Athens and Eretria for this act.", "userDefined": false}], "isTemplate": false, "count": 0, "lang": "en", "updated": 0}, {"id": "a6cce646-1a0d-405f-94a6-8190e696ac93", "data": [{"text": "The revolt continued, with the two sides effectively stalemated throughout 497\u2013495 BC.", "userDefined": false}], "isTemplate": false, "count": 0, "lang": "en", "updated": 0}, {"id": "1ae6d07a-dafe-46f7-9a1c-854f3ab2bf6f", "data": [{"text": "In 494 BC, the Persians regrouped, and attacked the epicentre of the revolt in Miletus.", "userDefined": false}], "isTemplate": false, "count": 0, "lang": "en", "updated": 0}, {"id": "e55cdac1-41ec-407e-8f3b-26b597577f19", "data": [{"text": "At the Battle of Lade , the Ionians suffered a decisive defeat, and the rebellion collapsed, with the final members being stamped out the following year.", "userDefined": false}], "isTemplate": false, "count": 0, "lang": "en", "updated": 0}, {"id": "4d414c65-a2c3-4265-be12-1d1589c63642", "data": [{"text": "Seeking to secure his empire from further revolts and from the interference of the mainland Greeks, Darius embarked on a scheme to conquer Greece and to punish Athens and Eretria for burning Sardis.", "userDefined": false}], "isTemplate": false, "count": 0, "lang": "en", "updated": 0}, {"id": "9ba75c8a-7c27-4e32-922a-68ed9799a7d5", "data": [{"text": "The first Persian invasion of Greece began in 492 BC, with the Persian general Mardonius conquering Thrace and Macedon before several mishaps forced an early end to the campaign.", "userDefined": false}], "isTemplate": false, "count": 0, "lang": "en", "updated": 0}, {"id": "cb83743e-8d64-4c3a-8c51-363b021bc4fe", "data": [{"text": "In 490 BC a second force was sent to Greece, this time across the Aegean Sea , under the command of Datis and Artaphernes .", "userDefined": false}], "isTemplate": false, "count": 0, "lang": "en", "updated": 0}, {"id": "9fa41969-81ff-4f5d-94fb-9c8061168d61", "data": [{"text": "This expedition subjugated the Cyclades , before besieging, capturing and razing Eretria.", "userDefined": false}], "isTemplate": false, "count": 0, "lang": "en", "updated": 0}, {"id": "a5c355b3-1334-47d3-b8c1-76acb27f727b", "data": [{"text": "However, while en route to attack Athens, the Persian force was decisively defeated by the Athenians at the Battle of Marathon , ending Persian efforts for the time being.", "userDefined": false}], "isTemplate": false, "count": 0, "lang": "en", "updated": 0}, {"id": "53122e48-0adb-4110-b903-bad255a94c85", "data": [{"text": "Darius then began to plan to complete the conquest of Greece, but died in 486 BC and responsibility for the conquest passed to his son Xerxes I .", "userDefined": false}], "isTemplate": false, "count": 0, "lang": "en", "updated": 0}, {"id": "b830a103-8a6b-462c-b741-8f9b497d3c12", "data": [{"text": "In 480 BC, Xerxes personally led the second Persian invasion of Greece with one of the largest ancient armies ever assembled.", "userDefined": false}], "isTemplate": false, "count": 0, "lang": "en", "updated": 0}, {"id": "ed44237f-f0b9-4fcb-bad5-ff157bbcb2c2", "data": [{"text": "Victory over the 'Allied' Greek states (led by Sparta and Athens) at the Battle of Thermopylae allowed the Persians to torch Athens and overrun most of Greece.", "userDefined": false}], "isTemplate": false, "count": 0, "lang": "en", "updated": 0}, {"id": "f3c74dd9-f12e-47d2-bbad-093aec82fa9f", "data": [{"text": "However, while seeking to destroy the combined Greek fleet, the Persians suffered a severe defeat at the Battle of Salamis .", "userDefined": false}], "isTemplate": false, "count": 0, "lang": "en", "updated": 0}, {"id": "979a813a-7245-4b1e-995b-968624cfdd80", "data": [{"text": "The following year, the confederated Greeks went on the offensive, defeating the Persian army at the Battle of Plataea , and ending the invasion of Greece.", "userDefined": false}], "isTemplate": false, "count": 0, "lang": "en", "updated": 0}, {"id": "76d9376a-65d5-4f09-ae45-2cc536e14960", "data": [{"text": "The allied Greeks followed up their success by destroying the rest of the Persian fleet at the Battle of Mycale , before expelling Persian garrisons from Sestos (479 BC) and Byzantium (478 BC).", "userDefined": false}], "isTemplate": false, "count": 0, "lang": "en", "updated": 0}]