[{"id": "d437936d-e16a-40f9-8f04-7388c4acf95f", "data": [{"text": "Haiti ( ; Haitian Creole Ayiti ), officially the Republic of Haiti (; ), is a Caribbean country.", "userDefined": false}], "isTemplate": false, "count": 0, "lang": "en", "updated": 0}, {"id": "37b05e10-6149-4bd0-ae1e-00f79bb678b8", "data": [{"text": "It occupies the western, smaller portion of the island of Hispaniola , in the Greater Antillean archipelago, which it shares with the Dominican Republic .", "userDefined": false}], "isTemplate": false, "count": 0, "lang": "en", "updated": 0}, {"id": "a6b44bf1-b089-4fed-aaa5-c6955ef326c7", "data": [{"text": "Ayiti (land of high mountains) was the indigenous Ta\u00edno or Amerindian name for the island.", "userDefined": false}], "isTemplate": false, "count": 0, "lang": "en", "updated": 0}, {"id": "755a6f66-6062-4cf2-a121-483b573245f2", "data": [{"text": "The country's highest point is Pic la Selle , at .", "userDefined": false}], "isTemplate": false, "count": 0, "lang": "en", "updated": 0}, {"id": "2f26ec16-520c-469a-80d9-0e4d6d51faab", "data": [{"text": "The total area of Haiti is and its capital is Port-au-Prince .", "userDefined": false}], "isTemplate": false, "count": 0, "lang": "en", "updated": 0}, {"id": "3be83282-4291-4048-9324-ade17e442a7b", "data": [{"text": "Haitian Creole and French are the official languages.", "userDefined": false}], "isTemplate": false, "count": 0, "lang": "en", "updated": 0}, {"id": "380542d6-ff7d-4b6a-90a6-94608397d46e", "data": [{"text": "Haiti's regional, historical, and ethno-linguistic position is unique for several reasons.", "userDefined": false}], "isTemplate": false, "count": 0, "lang": "en", "updated": 0}, {"id": "f3681d32-3a6b-4934-ada1-be1e7e5c47c4", "data": [{"text": "It was the first independent nation of Latin America and the Caribbean, the first black -led republic in the world, and the second republic in the Americas when it gained independence in 1804 as part of a successful slave revolution lasting nearly a decade.", "userDefined": false}], "isTemplate": false, "count": 0, "lang": "en", "updated": 0}, {"id": "a590debd-8463-4cd8-816c-a0f4f54b5981", "data": [{"text": "In 2012, Haiti announced its intention to seek associate membership status in the African Union .", "userDefined": false}], "isTemplate": false, "count": 0, "lang": "en", "updated": 0}, {"id": "94551474-56e3-4ea5-9f9b-8ea1bf26553d", "data": [{"text": "Haiti is the most populous of the predominantly Francophone independent nations in the Americas.", "userDefined": false}], "isTemplate": false, "count": 0, "lang": "en", "updated": 0}, {"id": "5503239b-0bff-4571-8979-ced4c4624adf", "data": [{"text": "It is one of only two independent nations in the Americas (along with Canada) to designate French as an official language ; the other French-speaking areas are all overseas d\u00e9partements , or collectivit\u00e9s , of France.", "userDefined": false}], "isTemplate": false, "count": 0, "lang": "en", "updated": 0}, {"id": "1dc9cdf3-d2ef-4016-8bdb-c6c7529f4ae0", "data": [{"text": "Haiti is the most populous full member-state of the Caribbean Community (CARICOM).", "userDefined": false}], "isTemplate": false, "count": 0, "lang": "en", "updated": 0}, {"id": "4666dcaf-a1e4-4639-a56e-2692a3d7e1ee", "data": [{"text": "It is the poorest country in the Americas as measured by the Human Development Index .", "userDefined": false}], "isTemplate": false, "count": 0, "lang": "en", "updated": 0}, {"id": "4bd1c1a4-dd28-442f-9405-6687685dd0d9", "data": [{"text": "Political violence has occurred regularly throughout its history , leading to government instability.", "userDefined": false}], "isTemplate": false, "count": 0, "lang": "en", "updated": 0}, {"id": "0eebd5d6-674c-4e7c-8e96-109ba2ff8088", "data": [{"text": "Most recently, in February 2004, a coup d'\u00e9tat originating in the north of the country forced the resignation and exile of President Jean-Bertrand Aristide .", "userDefined": false}], "isTemplate": false, "count": 0, "lang": "en", "updated": 0}, {"id": "3106509b-3d46-4c98-a94a-12ca10152c62", "data": [{"text": "A provisional government took control with security provided by the United Nations Stabilization Mission in Haiti (MINUSTAH).", "userDefined": false}], "isTemplate": false, "count": 0, "lang": "en", "updated": 0}, {"id": "4228a11b-3caf-4114-9773-421455618005", "data": [{"text": "Michel Martelly , the current president, was elected in the Haitian general election, 2011 .", "userDefined": false}], "isTemplate": false, "count": 0, "lang": "en", "updated": 0}, {"id": "37db236f-d8bf-4062-b134-75da0074591c", "data": [{"text": "The island has had a history of destructive earthquakes.", "userDefined": false}], "isTemplate": false, "count": 0, "lang": "en", "updated": 0}, {"id": "775511f7-f9b7-4c11-b78c-c1e2f92edf95", "data": [{"text": "A 7.0 magnitude earthquake struck Haiti on 12 January 2010 and devastated Port-au-Prince.", "userDefined": false}], "isTemplate": false, "count": 0, "lang": "en", "updated": 0}, {"id": "0f89f944-54cb-4814-b5e5-c037aa96ec1f", "data": [{"text": "The highest reliable death count was estimated at 220,000.", "userDefined": false}], "isTemplate": false, "count": 0, "lang": "en", "updated": 0}]