[{"id": "7f4a6e90-1f3e-4e4b-bbc2-df05d1bf07e2", "data": [{"text": "The Han Dynasty (; ) (206 BC \u2013 220 AD) was an imperial dynasty of China , preceded by the Qin Dynasty (221\u2013207 BC) and succeeded by the Three Kingdoms (220\u2013280 AD).", "userDefined": false}], "isTemplate": false, "count": 0, "lang": "en", "updated": 0}, {"id": "f1965ee7-552f-4019-ad89-ed330f57e044", "data": [{"text": "It was founded by the rebel leader Liu Bang, known posthumously as Emperor Gaozu of Han .", "userDefined": false}], "isTemplate": false, "count": 0, "lang": "en", "updated": 0}, {"id": "427a4541-018e-4729-9e00-4077921a5615", "data": [{"text": "It was briefly interrupted by the Xin Dynasty (9\u201323 AD) of the former regent Wang Mang .", "userDefined": false}], "isTemplate": false, "count": 0, "lang": "en", "updated": 0}, {"id": "a59701c2-5ec2-402b-ba13-0b186a687e22", "data": [{"text": "This interregnum separates the Han into two periods: the Western Han (206 BC \u2013 9 AD) and Eastern Han (25\u2013220 AD).", "userDefined": false}], "isTemplate": false, "count": 0, "lang": "en", "updated": 0}, {"id": "0ee72e62-e74d-43c8-a4c0-06e05a54bbe7", "data": [{"text": "Spanning over four centuries, the period of the Han Dynasty is considered a golden age in Chinese history.", "userDefined": false}], "isTemplate": false, "count": 0, "lang": "en", "updated": 0}, {"id": "09792491-57b1-486e-abd6-ca47fc62c2fe", "data": [{"text": "To this day, China's majority ethnic group refers to itself as the \"Han people\" and the Chinese script is referred to as \" Han characters \".", "userDefined": false}], "isTemplate": false, "count": 0, "lang": "en", "updated": 0}, {"id": "aa0c26ed-b5c7-469d-84d8-c5cabba8c62e", "data": [{"text": "The Han Empire was divided into areas directly controlled by the central government, known as commanderies , and a number of semi-autonomous kingdoms .", "userDefined": false}], "isTemplate": false, "count": 0, "lang": "en", "updated": 0}, {"id": "3bd377d9-397a-4ac3-ae0d-c6c165ffa087", "data": [{"text": "These kingdoms gradually lost all vestiges of their independence, particularly following the Rebellion of the Seven States .", "userDefined": false}], "isTemplate": false, "count": 0, "lang": "en", "updated": 0}, {"id": "f198018f-a52c-4b0d-a947-d5cb8618b728", "data": [{"text": "The Xiongnu , a nomadic confederation which dominated the eastern Eurasian Steppe , defeated the Han army in battle in 200 BC.", "userDefined": false}], "isTemplate": false, "count": 0, "lang": "en", "updated": 0}, {"id": "7bcdc269-4e40-414a-a22b-5b32cebea4d0", "data": [{"text": "Following the defeat, a political marriage alliance was negotiated in which the Han became the de facto inferior partner.", "userDefined": false}], "isTemplate": false, "count": 0, "lang": "en", "updated": 0}, {"id": "24efc068-d9b5-46e5-bd61-83cef378e691", "data": [{"text": "When, despite the treaty, the Xiongnu continued to raid Han borders, Emperor Wu of Han (r. 141\u201387 BC) launched several military campaigns against them.", "userDefined": false}], "isTemplate": false, "count": 0, "lang": "en", "updated": 0}, {"id": "bec5fb08-c01f-436f-ba6c-2f307739653b", "data": [{"text": "The ultimate Han victory in these wars eventually forced the Xiongnu to accept vassal status as Han tributaries .", "userDefined": false}], "isTemplate": false, "count": 0, "lang": "en", "updated": 0}, {"id": "d9fdf422-d44f-47e8-a3ba-2788d8ebc721", "data": [{"text": "These campaigns expanded Han sovereignty into the Tarim Basin of Central Asia and helped establish the vast trade network known as the Silk Road , which reached as far as the Mediterranean world .", "userDefined": false}], "isTemplate": false, "count": 0, "lang": "en", "updated": 0}, {"id": "f1c305ea-d42d-4eb9-8bee-bf23c06351a9", "data": [{"text": "Han forces managed to divide the Xiongnu into two competing nations, the Southern and Northern Xiongnu, and forced the Northern Xiongnu across the Ili River .", "userDefined": false}], "isTemplate": false, "count": 0, "lang": "en", "updated": 0}, {"id": "f8bf01b2-8395-4770-8a20-7603b0e6c650", "data": [{"text": "Despite these victories, the territories north of Han's borders were quickly overrun by the nomadic Xianbei Confederation.", "userDefined": false}], "isTemplate": false, "count": 0, "lang": "en", "updated": 0}, {"id": "1bc3419a-a5b3-479b-b6f4-fe6e4f883ef4", "data": [{"text": "After 92 AD, the palace eunuchs increasingly involved themselves in court politics, engaging in violent power struggles between the various consort clans of the empresses and empress dowagers , causing the Han's ultimate downfall.", "userDefined": false}], "isTemplate": false, "count": 0, "lang": "en", "updated": 0}, {"id": "1ac9f550-9fcc-48d8-87af-e0f5633f9df2", "data": [{"text": "Imperial authority was also seriously challenged by large Daoist religious societies which instigated the Yellow Turban Rebellion and the Five Pecks of Rice Rebellion .", "userDefined": false}], "isTemplate": false, "count": 0, "lang": "en", "updated": 0}, {"id": "ea7644e9-e0bd-4066-b03d-4c6636fbc9b4", "data": [{"text": "Following the death of Emperor Ling (r. 168\u2013189 AD), the palace eunuchs suffered wholesale massacre by military officers , allowing members of the aristocracy and military governors to become warlords and divide the empire.", "userDefined": false}], "isTemplate": false, "count": 0, "lang": "en", "updated": 0}, {"id": "a2c63a05-d45b-4c1e-b4ce-717b13747290", "data": [{"text": "When Cao Pi , King of Wei, usurped the throne from Emperor Xian , the Han Dynasty ceased to exist.", "userDefined": false}], "isTemplate": false, "count": 0, "lang": "en", "updated": 0}, {"id": "a7cec593-c62e-4181-b6c0-fb07af35e02a", "data": [{"text": "The Han Dynasty was an age of economic prosperity and saw a significant growth of the money economy first established during the Zhou Dynasty (c. 1050\u2013256 BC).", "userDefined": false}], "isTemplate": false, "count": 0, "lang": "en", "updated": 0}, {"id": "ad374018-0846-46a2-8f46-8978e2f12b3d", "data": [{"text": "The coinage issued by the central government mint in 119 BC remained the standard coinage of China until the Tang Dynasty (618\u2013907 AD).", "userDefined": false}], "isTemplate": false, "count": 0, "lang": "en", "updated": 0}, {"id": "df75bfc4-ce6b-465c-9d6c-3ebe2359ac2a", "data": [{"text": "To pay for its military campaigns and the settlement of newly conquered frontier territories, the government nationalized the private salt and iron industries in 117 BC.", "userDefined": false}], "isTemplate": false, "count": 0, "lang": "en", "updated": 0}]