[{"id": "07d979cd-e2ae-4ed8-9052-3d64a2687102", "data": [{"text": "Wine boy at a Greek symposium", "userDefined": false}], "isTemplate": false, "count": 0, "lang": "en", "updated": 0}, {"id": "c037965b-ebcc-4acf-aa67-5c3b099baca7", "data": [{"text": "The history of wine spans thousands of years and is closely intertwined with the history of agriculture , cuisine , civilization and humanity itself.", "userDefined": false}], "isTemplate": false, "count": 0, "lang": "en", "updated": 0}, {"id": "ae42c770-4f06-4985-8707-9939302f85ab", "data": [{"text": "Archaeological evidence suggests that the earliest known wine production occurred in what is now the country of Georgia around 7000 BCE, with other notable sites in Greater Iran dated 4500 BCE and Armenia 4100 BCE, respectively.", "userDefined": false}], "isTemplate": false, "count": 0, "lang": "en", "updated": 0}, {"id": "0da97a3e-2afa-4a1f-b930-782232ed86fe", "data": [{"text": "The world's oldest known winery (dated to 3000 BCE) was discovered in Areni-1 cave in a mountainous area of Armenia .", "userDefined": false}], "isTemplate": false, "count": 0, "lang": "en", "updated": 0}, {"id": "5182c552-18cb-464b-82e5-ef769d017ead", "data": [{"text": "URL_http .", "userDefined": false}], "isTemplate": false, "count": 0, "lang": "en", "updated": 0}, {"id": "8a63b9c7-48c2-4a8e-b573-1bba1a0f8cf2", "data": [{"text": "Increasingly clear archaeological evidence indicates that domestication of the grapevine took place during the Early Bronze Age in the Near East , Sumer and Egypt from around the third millennium BCE.", "userDefined": false}], "isTemplate": false, "count": 0, "lang": "en", "updated": 0}, {"id": "ddbcd663-2380-4119-8100-0c5b1b526887", "data": [{"text": "Evidence of the earliest wine production in Balkans has been uncovered at archaeological sites in northern Greece ( Macedonia ), dated to 4500 BC.", "userDefined": false}], "isTemplate": false, "count": 0, "lang": "en", "updated": 0}, {"id": "fb96d22d-9974-4eb1-95fc-b038c6d0dc9b", "data": [{"text": "These same sites also contain remnants of the world's earliest evidence of crushed grapes.", "userDefined": false}], "isTemplate": false, "count": 0, "lang": "en", "updated": 0}, {"id": "ff051c85-bd59-4457-8126-e18ca76b4ce6", "data": [{"text": "In Egypt , wine became a part of recorded history, playing an important role in ancient ceremonial life .", "userDefined": false}], "isTemplate": false, "count": 0, "lang": "en", "updated": 0}, {"id": "11929af3-8ffa-4367-816a-9e819615fc18", "data": [{"text": "Traces of wild wine dating from the second and first millennia BCE have also been found in China.", "userDefined": false}], "isTemplate": false, "count": 0, "lang": "en", "updated": 0}, {"id": "48fef2b7-fc18-4665-896e-731e419ea25b", "data": [{"text": "Moroccan wine Kasher label 1930", "userDefined": false}], "isTemplate": false, "count": 0, "lang": "en", "updated": 0}, {"id": "268b2855-238e-4132-850f-b446a0b9eed5", "data": [{"text": "The Jewish tradition and use of kosher wine is dating back to biblical times .", "userDefined": false}], "isTemplate": false, "count": 0, "lang": "en", "updated": 0}, {"id": "37bbc7a6-4fdd-443e-b856-cab365034f52", "data": [{"text": "The long history of the use and production of wine throughout ancient Israel is backed up by archeological evidence.", "userDefined": false}], "isTemplate": false, "count": 0, "lang": "en", "updated": 0}, {"id": "7a2d1fce-fa39-4d99-a76d-0ccacc659cd9", "data": [{"text": "Within the Jewish diaspora communities all around the globe, the traditional and religious use of kosher wine continued to this day.", "userDefined": false}], "isTemplate": false, "count": 0, "lang": "en", "updated": 0}, {"id": "637daac2-33a6-4ac0-9c63-63ac5afeaaaf", "data": [{"text": "Wine, linked in myth to Dionysus / Bacchus , was common in ancient Greece and Rome , and many of today's major wine-producing regions of Western Europe were established with Phoenician and, later, Roman plantations.", "userDefined": false}], "isTemplate": false, "count": 0, "lang": "en", "updated": 0}, {"id": "255039ce-9260-4a03-bd67-4cb0a2cbd3ca", "data": [{"text": "Winemaking technology improved considerably during the time of the Roman Empire : many grape varieties and cultivation techniques were known; the design of the wine press advanced; and barrels were developed for storing and shipping wine.", "userDefined": false}], "isTemplate": false, "count": 0, "lang": "en", "updated": 0}, {"id": "5b80a95c-7522-481e-b5ce-4898955fc3dc", "data": [{"text": "Rashi , a medieval French rabbi and called the \"father\" of all commentaries that followed on the Talmud and the Tanakh, earned his living as a vintner .", "userDefined": false}], "isTemplate": false, "count": 0, "lang": "en", "updated": 0}]