[{"id": "e1f5bc37-86b6-4e81-bc24-020dd4c0aac4", "data": [{"text": "Europe depicted by Antwerp cartographer Abraham Ortelius in 1595", "userDefined": false}], "isTemplate": false, "count": 0, "lang": "en", "updated": 0}, {"id": "20eee958-002a-42ce-a144-eba5aebbc704", "data": [{"text": "The history of Europe covers the people inhabiting the European continent since it was first populated in prehistoric times to present, with the first Homo sapiens arriving between 45,000 and 25,000 BC.", "userDefined": false}], "isTemplate": false, "count": 0, "lang": "en", "updated": 0}, {"id": "ace707ff-c302-484c-87ae-b140d0abc525", "data": [{"text": "The earliest settlers to Prehistoric Europe came during the paleolithic era.", "userDefined": false}], "isTemplate": false, "count": 0, "lang": "en", "updated": 0}, {"id": "16baaea9-e664-407d-a6eb-a0e121766ae0", "data": [{"text": "The arrival of agriculture around 7000 BC ushered in the neolithic age .", "userDefined": false}], "isTemplate": false, "count": 0, "lang": "en", "updated": 0}, {"id": "806251e6-9aca-4d49-9391-152790fc13ae", "data": [{"text": "Neolithic Europe lasted for 4000 years, overlapping with metal-using cultures that gradually spread throughout the continent.", "userDefined": false}], "isTemplate": false, "count": 0, "lang": "en", "updated": 0}, {"id": "8bbbf7a6-9dff-41bd-9cbd-0117cc170fe9", "data": [{"text": "Technological advances during the prehistoric age tended to arrive from the Middle East, spreading gradually to the northwest.", "userDefined": false}], "isTemplate": false, "count": 0, "lang": "en", "updated": 0}, {"id": "e48093d4-5f74-4226-94af-626a95f3beb1", "data": [{"text": "Some of the best-known civilizations of prehistoric Europe were Minoan and Mycenaean , which flourished during the Bronze Age until they collapsed in a short period of time around 1200 BC.", "userDefined": false}], "isTemplate": false, "count": 0, "lang": "en", "updated": 0}, {"id": "273a90a1-fed7-4086-b227-146e9a91e552", "data": [{"text": "The period known as classical antiquity began with the rise of the city-states of Ancient Greece .", "userDefined": false}], "isTemplate": false, "count": 0, "lang": "en", "updated": 0}, {"id": "2fa8abd7-2ff4-41a6-9eb1-39ef42101419", "data": [{"text": "Greek influence reached its zenith under the expansive empire of Alexander the Great , spreading throughout Asia.", "userDefined": false}], "isTemplate": false, "count": 0, "lang": "en", "updated": 0}, {"id": "04e513d2-60db-44c4-97d4-dab697b834da", "data": [{"text": "Northern and western Europe were dominated by the La T\u00e8ne culture , a precursor to the Celts .", "userDefined": false}], "isTemplate": false, "count": 0, "lang": "en", "updated": 0}, {"id": "b0af5ed6-77ef-4ea1-8ef7-7abaf44ed9d4", "data": [{"text": "Rome, a small city-state traditionally founded in 753 BC, would grow to become the Roman Republic in 509 BC and would succeed Greek culture as the dominant Mediterranean civilization.", "userDefined": false}], "isTemplate": false, "count": 0, "lang": "en", "updated": 0}, {"id": "c1652557-5cd6-463c-a397-2611d7f3c4fd", "data": [{"text": "The events of the rule of Julius Caesar led to reorganization of the Republic into the Roman Empire .", "userDefined": false}], "isTemplate": false, "count": 0, "lang": "en", "updated": 0}, {"id": "ee5dbe1c-2a02-44ce-a16a-3fbbddf53a3c", "data": [{"text": "The empire was later divided by the emperor Diocletian into the Western and Eastern empires.", "userDefined": false}], "isTemplate": false, "count": 0, "lang": "en", "updated": 0}, {"id": "5c7a7a47-b04b-48d4-8977-81aab876c679", "data": [{"text": "During the later years of the Roman Empire, the Germanic peoples of northern Europe grew in strength and repeated attacks led to the Fall of the Western Roman Empire in AD 476, a date which traditionally marks the end of the classical period and the start of the Middle Ages .", "userDefined": false}], "isTemplate": false, "count": 0, "lang": "en", "updated": 0}, {"id": "29eb6f2e-ad27-43d1-80cd-419585836eef", "data": [{"text": "During the Middle Ages, the Eastern Roman Empire survived, though modern historians refer to this state as the Byzantine Empire .", "userDefined": false}], "isTemplate": false, "count": 0, "lang": "en", "updated": 0}, {"id": "7ca87c99-0d14-4a84-92eb-fffcdac0a7f9", "data": [{"text": "In Western Europe, Germanic peoples moved into positions of power in the remnants of the former Western Roman Empire and established kingdoms and empires of their own.", "userDefined": false}], "isTemplate": false, "count": 0, "lang": "en", "updated": 0}, {"id": "5a62ee19-c54e-45e8-8039-b33ef4f1ca27", "data": [{"text": "Of all of the Germanic peoples, the Franks would rise to a position of Hegemony over western Europe, the Frankish Empire reaching its peak under Charlemagne around AD 800.", "userDefined": false}], "isTemplate": false, "count": 0, "lang": "en", "updated": 0}, {"id": "27dbd25b-3947-4336-becd-859c5a35a0d2", "data": [{"text": "Francia was divided into several parts; West Francia would evolve into the Kingdom of France , while East Francia would evolve into the Holy Roman Empire , a precursor to modern Germany.", "userDefined": false}], "isTemplate": false, "count": 0, "lang": "en", "updated": 0}, {"id": "e1f30eeb-c87b-471e-82a3-4b50e1798275", "data": [{"text": "The British Isles were the site of several large-scale migrations.", "userDefined": false}], "isTemplate": false, "count": 0, "lang": "en", "updated": 0}, {"id": "d0f8427d-cc81-4509-9244-4196d4596449", "data": [{"text": "Native Celtic peoples had been marginalized during the period of Roman Britain , and when the Romans abandoned the British Isles during the 400s, waves of Germanic Anglo-Saxons migrated to southern Britain and established a series of petty kingdoms in what would eventually develop into the Kingdom of England by AD 927.", "userDefined": false}], "isTemplate": false, "count": 0, "lang": "en", "updated": 0}, {"id": "05526d59-7df3-4f9e-8e6e-5ce60c847e8a", "data": [{"text": "During this period, the Kingdom of Poland and Kingdom of Hungary (1000\u20131945) were organized as well.", "userDefined": false}], "isTemplate": false, "count": 0, "lang": "en", "updated": 0}, {"id": "35e7b4f3-3297-468b-986c-03da1a7ba728", "data": [{"text": "The Viking Age , a period of migrations of Scandinavian peoples, dominated the period from the late 700s to the middle 1000s.", "userDefined": false}], "isTemplate": false, "count": 0, "lang": "en", "updated": 0}, {"id": "a251f3c6-dcdd-4d81-a1bd-5b58c9d992c5", "data": [{"text": "Chief among the Viking states was the Empire of Cnut the Great , a Danish leader who would become king of England, Denmark, and Norway.", "userDefined": false}], "isTemplate": false, "count": 0, "lang": "en", "updated": 0}, {"id": "f907257d-53d7-44df-92e3-4baea7832618", "data": [{"text": "The Normans , a Viking people who settled in Northern France and founded the Duchy of Normandy , would have a significant impact on many parts of Europe, from the Norman conquest of England to Southern Italy and Sicily .", "userDefined": false}], "isTemplate": false, "count": 0, "lang": "en", "updated": 0}]