[{"id": "dbf668c0-0103-4428-94a6-638a04a5eaad", "data": [{"text": "The human lungs are the organs of respiration in humans.", "userDefined": false}], "isTemplate": false, "count": 0, "lang": "en", "updated": 0}, {"id": "77ae6843-9607-4b00-89ac-5b471b88e8fa", "data": [{"text": "Humans have two lungs , a right lung and a left lung.", "userDefined": false}], "isTemplate": false, "count": 0, "lang": "en", "updated": 0}, {"id": "d18f27ff-1508-4460-a145-785bcd27d52a", "data": [{"text": "The right lung consists of three lobes while the left lung is slightly smaller consisting of only two lobes (the left lung has a \"cardiac notch\" allowing space for the heart within the chest).", "userDefined": false}], "isTemplate": false, "count": 0, "lang": "en", "updated": 0}, {"id": "a3805ccb-fb2e-4c48-866f-b667760ff041", "data": [{"text": "Together, the lungs contain approximately of airways and 300 to 500 million alveoli , having a total surface area of about () in adults \u2014 roughly the same area as one side of a tennis court.", "userDefined": false}], "isTemplate": false, "count": 0, "lang": "en", "updated": 0}, {"id": "e6d2cba7-513f-4876-a3eb-8fc8c3317c4a", "data": [{"text": "Furthermore, if all of the capillaries that surround the alveoli were unwound and laid end to end, they would extend for about .", "userDefined": false}], "isTemplate": false, "count": 0, "lang": "en", "updated": 0}, {"id": "4be547e2-e02f-42d0-b358-3ab40576a55c", "data": [{"text": "Each lung weighs , therefore making the entire organ about .", "userDefined": false}], "isTemplate": false, "count": 0, "lang": "en", "updated": 0}, {"id": "40abcd25-859a-4b72-8e6d-edb4ff00487d", "data": [{"text": "Human lungs", "userDefined": false}], "isTemplate": false, "count": 0, "lang": "en", "updated": 0}, {"id": "13ddf093-0500-4d10-a0a6-6c2d251eb433", "data": [{"text": "The trachea divides into two bronchi (one for each side) at the level of T4.", "userDefined": false}], "isTemplate": false, "count": 0, "lang": "en", "updated": 0}, {"id": "ce818cc1-b938-476e-a15d-15950a74b894", "data": [{"text": "This junction is also known as the carina .", "userDefined": false}], "isTemplate": false, "count": 0, "lang": "en", "updated": 0}, {"id": "83d178b8-bbe6-4c70-b261-ed8e3f393ebf", "data": [{"text": "The conducting zone contains the trachea , the bronchi , the bronchioles , and the terminal bronchioles The respiratory zone contains the respiratory bronchioles , the alveolar ducts , and the alveoli .", "userDefined": false}], "isTemplate": false, "count": 0, "lang": "en", "updated": 0}, {"id": "305c20c8-2d99-4f43-8ef8-564a32281289", "data": [{"text": "The conducting zone and the respiratory stuffers (but not the alveoli) are made up of airways .", "userDefined": false}], "isTemplate": false, "count": 0, "lang": "en", "updated": 0}, {"id": "b71d76c0-2606-453b-89aa-d5aa46912b65", "data": [{"text": "The conducting zone has no gas exchange with the blood, and is reinforced with cartilage in order to hold open the airways.", "userDefined": false}], "isTemplate": false, "count": 0, "lang": "en", "updated": 0}, {"id": "02039c7b-84e8-41b1-b69e-03f640812f19", "data": [{"text": "The conducting zone warms the air to and humidifies the air.", "userDefined": false}], "isTemplate": false, "count": 0, "lang": "en", "updated": 0}, {"id": "20825a3f-8995-4c80-919f-48545f356bf5", "data": [{"text": "It also cleanses the air by removing particles via cilia located on the walls of all the passageways.", "userDefined": false}], "isTemplate": false, "count": 0, "lang": "en", "updated": 0}, {"id": "5558b9f2-0486-465e-8ebe-d24d017d7862", "data": [{"text": "The lungs are surrounded by the rib cage .", "userDefined": false}], "isTemplate": false, "count": 0, "lang": "en", "updated": 0}, {"id": "426e48f2-da3d-48ff-a7dc-714831ac29cd", "data": [{"text": "The respiratory zone is the site of gas exchange with blood.", "userDefined": false}], "isTemplate": false, "count": 0, "lang": "en", "updated": 0}, {"id": "3e0a201e-b092-4ca9-978f-70f164c16688", "data": [{"text": "The sympathetic nervous system via noradrenaline acting on the beta receptors causes bronchodilation .", "userDefined": false}], "isTemplate": false, "count": 0, "lang": "en", "updated": 0}, {"id": "da1dd324-67bf-4b9b-b5d8-02323312a78a", "data": [{"text": "The parasympathetic nervous system via acetylcholine , which acts on the M-3 muscarinic receptors , maintains the resting tone of the bronchiolar smooth muscle.", "userDefined": false}], "isTemplate": false, "count": 0, "lang": "en", "updated": 0}]