[{"id": "161b27a0-f8fe-4a25-bd63-87743a19d844", "data": [{"text": "A graphical representation of the ideal human karyotype", "userDefined": false}], "isTemplate": false, "count": 0, "lang": "en", "updated": 0}, {"id": "64b9fbfe-828d-462d-a0b2-263c635971e1", "data": [{"text": "Mitochondrial DNA.", "userDefined": false}], "isTemplate": false, "count": 0, "lang": "en", "updated": 0}, {"id": "1b3f03b6-d3ba-42c7-b8bc-a7a4af88013b", "data": [{"text": "Human genetic variation is the genetic differences both within and among populations .", "userDefined": false}], "isTemplate": false, "count": 0, "lang": "en", "updated": 0}, {"id": "c0b910dc-c9d0-429e-a072-ae9538ed153e", "data": [{"text": "There may be multiple variants of any given gene in the human population (genes), leading to polymorphism .", "userDefined": false}], "isTemplate": false, "count": 0, "lang": "en", "updated": 0}, {"id": "02eb5bd6-8aa0-4ad6-bdb9-1e3ce269c760", "data": [{"text": "Many genes are not polymorphic, meaning that only a single allele is present in the population: the gene is then said to be fixed .", "userDefined": false}], "isTemplate": false, "count": 0, "lang": "en", "updated": 0}, {"id": "f4b67cc9-91a7-4550-9b83-6d3cbb31512f", "data": [{"text": "No two humans are genetically identical.", "userDefined": false}], "isTemplate": false, "count": 0, "lang": "en", "updated": 0}, {"id": "2810cfd4-de34-459b-a5f2-192f1fce6252", "data": [{"text": "Even monozygotic twins , who develop from one zygote, have infrequent genetic differences due to mutations occurring during development and gene copy number variation .", "userDefined": false}], "isTemplate": false, "count": 0, "lang": "en", "updated": 0}, {"id": "f8eed2fe-cdb6-4539-b54f-c123f32ae57a", "data": [{"text": "Differences between individuals, even closely related individuals, are the key to techniques such as genetic fingerprinting .", "userDefined": false}], "isTemplate": false, "count": 0, "lang": "en", "updated": 0}, {"id": "156fdee1-c780-483e-b1e2-f99bbc523cb4", "data": [{"text": "Alleles occur at different frequencies in different human populations, with populations that are more geographically and ancestrally remote tending to differ more .", "userDefined": false}], "isTemplate": false, "count": 0, "lang": "en", "updated": 0}, {"id": "9f577d99-c18b-4ebe-a259-de469b71f69b", "data": [{"text": "Causes of differences between individuals include the exchange of genes during meiosis and various mutational events.", "userDefined": false}], "isTemplate": false, "count": 0, "lang": "en", "updated": 0}, {"id": "accb51cc-b069-4a8c-85b0-a793969a5edf", "data": [{"text": "There are at least two reasons why genetic variation exists between populations.", "userDefined": false}], "isTemplate": false, "count": 0, "lang": "en", "updated": 0}, {"id": "65ea5af3-07c2-49d6-a0e0-5b3143e37d85", "data": [{"text": "Natural selection may confer an adaptive advantage to individuals in a specific environment if an allele provides a competitive advantage.", "userDefined": false}], "isTemplate": false, "count": 0, "lang": "en", "updated": 0}, {"id": "47e8e317-cbe8-4a80-a7cc-425732b1dcb7", "data": [{"text": "Alleles under selection are likely to occur only in those geographic regions where they confer an advantage.", "userDefined": false}], "isTemplate": false, "count": 0, "lang": "en", "updated": 0}, {"id": "2f215365-a3f0-4085-962b-1f42adf8bc55", "data": [{"text": "The second main cause of genetic variation is due to the high degree of neutrality of most mutations .", "userDefined": false}], "isTemplate": false, "count": 0, "lang": "en", "updated": 0}, {"id": "f764d1f9-77ef-4040-a6bd-a1f84eb48963", "data": [{"text": "Most mutations do not appear to have any selective effect one way or the other on the organism.", "userDefined": false}], "isTemplate": false, "count": 0, "lang": "en", "updated": 0}, {"id": "e01247e7-4537-4e10-a7e8-25bff04bb46d", "data": [{"text": "The main cause is genetic drift , this is the effect of random changes in the gene pool.", "userDefined": false}], "isTemplate": false, "count": 0, "lang": "en", "updated": 0}, {"id": "cb078699-7c38-41a9-a73f-b6703618dd3f", "data": [{"text": "In humans, founder effect and past small population size (increasing the likelihood of genetic drift) may have had an important influence in neutral differences between populations.", "userDefined": false}], "isTemplate": false, "count": 0, "lang": "en", "updated": 0}, {"id": "b15b9242-d712-475f-a77e-c36a16618252", "data": [{"text": "The theory that humans recently migrated out of Africa supports this.", "userDefined": false}], "isTemplate": false, "count": 0, "lang": "en", "updated": 0}, {"id": "7bc43131-51ee-4e14-bfbc-f67584a5aa99", "data": [{"text": "The study of human genetic variation has both evolutionary significance and medical applications.", "userDefined": false}], "isTemplate": false, "count": 0, "lang": "en", "updated": 0}]