[{"id": "9ef2a48e-dbfd-474c-9a13-9b3881664eb9", "data": [{"text": "Iron is a chemical element with the symbol Fe (from ) and atomic number 26.", "userDefined": false}], "isTemplate": false, "count": 0, "lang": "en", "updated": 0}, {"id": "e12433e2-f82e-4cd3-8668-9cd319e8bc20", "data": [{"text": "It is a metal in the first transition series .", "userDefined": false}], "isTemplate": false, "count": 0, "lang": "en", "updated": 0}, {"id": "b3cd8bf8-24f8-45b8-bf8e-f2dc6fb4c027", "data": [{"text": "It is the most common element (by mass) forming the planet Earth as a whole, forming much of Earth's outer and inner core .", "userDefined": false}], "isTemplate": false, "count": 0, "lang": "en", "updated": 0}, {"id": "4dbdeeac-2cc1-43c7-8f68-00b5666f1120", "data": [{"text": "It is the fourth most common element in the Earth's crust .", "userDefined": false}], "isTemplate": false, "count": 0, "lang": "en", "updated": 0}, {"id": "61a51afe-78b0-4315-8d06-d216bb3569ef", "data": [{"text": "Iron's very common presence in rocky planets like Earth is due to its abundant production as a result of fusion in high-mass stars, where the production of nickel-56 (which decays to the most common isotope of iron) is the last nuclear fusion reaction that is exothermic .", "userDefined": false}], "isTemplate": false, "count": 0, "lang": "en", "updated": 0}, {"id": "eae23005-4683-429d-bf7d-366258026206", "data": [{"text": "This causes radioactive nickel to become the last element to be produced before collapse of a supernova leads to the explosive events that scatter this precursor radionuclide of iron abundantly into space.", "userDefined": false}], "isTemplate": false, "count": 0, "lang": "en", "updated": 0}, {"id": "037a6050-8f51-49ee-a295-f6e37f2b793b", "data": [{"text": "Like other group 8 elements , iron exists in a wide range of oxidation states , \u22122 to +6, although +2 and +3 are the most common.", "userDefined": false}], "isTemplate": false, "count": 0, "lang": "en", "updated": 0}, {"id": "83cea392-18ec-4f53-9b8e-661e7308572e", "data": [{"text": "Elemental iron occurs in meteoroids and other low oxygen environments, but is reactive to oxygen and water.", "userDefined": false}], "isTemplate": false, "count": 0, "lang": "en", "updated": 0}, {"id": "305ad410-0353-408d-b69c-6bd2e7aac218", "data": [{"text": "Fresh iron surfaces appear lustrous silvery-gray, but oxidize in normal air to give hydrated iron oxides , commonly known as rust .", "userDefined": false}], "isTemplate": false, "count": 0, "lang": "en", "updated": 0}, {"id": "cbc2e7fd-6339-4572-af44-750ab337ae43", "data": [{"text": "Unlike many other metals which form passivating oxide layers, iron oxides occupy more volume than iron metal, and thus iron oxides flake off and expose fresh surfaces for corrosion.", "userDefined": false}], "isTemplate": false, "count": 0, "lang": "en", "updated": 0}, {"id": "61841d0f-e5c4-4846-9568-f625f8b303a0", "data": [{"text": "Iron metal has been used since ancient times, though copper alloys, which have lower melting temperatures, were used first in history.", "userDefined": false}], "isTemplate": false, "count": 0, "lang": "en", "updated": 0}, {"id": "845fa575-15d2-4572-b70a-f5fe773a44e0", "data": [{"text": "Pure iron is soft (softer than aluminium ), but is unobtainable by smelting.", "userDefined": false}], "isTemplate": false, "count": 0, "lang": "en", "updated": 0}, {"id": "d8ec6e01-80fc-4069-bf7f-537a27b899b1", "data": [{"text": "The material is significantly hardened and strengthened by impurities from the smelting process, such as carbon .", "userDefined": false}], "isTemplate": false, "count": 0, "lang": "en", "updated": 0}, {"id": "da0d31e3-5838-4284-a0de-e8cf0eb1eccf", "data": [{"text": "A certain proportion of carbon (between 0.002% and 2.1%) produces steel , which may be up to 1000 times harder than pure iron.", "userDefined": false}], "isTemplate": false, "count": 0, "lang": "en", "updated": 0}, {"id": "1897e962-3344-421d-b7a3-62e68948d5b7", "data": [{"text": "Crude iron metal is produced in blast furnaces , where ore is reduced by coke to pig iron , which has a high carbon content.", "userDefined": false}], "isTemplate": false, "count": 0, "lang": "en", "updated": 0}, {"id": "b0e036e7-6fce-4ef1-9bd0-f27a1f29c4ce", "data": [{"text": "Further refinement with oxygen reduces the carbon content to the correct proportion to make steel.", "userDefined": false}], "isTemplate": false, "count": 0, "lang": "en", "updated": 0}, {"id": "e6b3d690-1fba-4098-926d-7e05df7c7c31", "data": [{"text": "Steels and low carbon iron alloys with other metals ( alloy steels ) are by far the most common metals in industrial use, due to their great range of desirable properties and the abundance of iron.", "userDefined": false}], "isTemplate": false, "count": 0, "lang": "en", "updated": 0}, {"id": "ef971495-ce0f-4431-a8b1-47d2e9e95549", "data": [{"text": "Iron chemical compounds, which include ferrous and ferric compounds, have many uses.", "userDefined": false}], "isTemplate": false, "count": 0, "lang": "en", "updated": 0}]