[{"id": "0ad08e75-4c8c-4e8c-8762-41601e720c87", "data": [{"text": "Jerry Lee Lewis (born September 29, 1935) is an American rock and roll and country music singer-songwriter and pianist.", "userDefined": false}], "isTemplate": false, "count": 0, "lang": "en", "updated": 0}, {"id": "6530e019-affd-4521-8b9e-d7a78ad14058", "data": [{"text": "He is known by the nickname \"The Killer\" and is often viewed as \u201crock & roll's first great wild man\u201d.", "userDefined": false}], "isTemplate": false, "count": 0, "lang": "en", "updated": 0}, {"id": "41b4aa00-0bb7-4d23-8075-1b10ed489e2f", "data": [{"text": "An early pioneer of rock and roll music, in 1956 Lewis made his first recordings at Sun Records.", "userDefined": false}], "isTemplate": false, "count": 0, "lang": "en", "updated": 0}, {"id": "9f761aad-e945-4b10-bf4b-83d1f7bcf5ef", "data": [{"text": "\" Crazy Arms \" sold 300,000 copies in the South, but it was his 1957 hit \" Whole Lotta Shakin' Going On \" that shot Lewis to fame worldwide.", "userDefined": false}], "isTemplate": false, "count": 0, "lang": "en", "updated": 0}, {"id": "4dcdf4c2-3d3c-45d1-b29a-4251392e3b23", "data": [{"text": "Lewis followed this in that same year when he recorded songs such as \" Great Balls of Fire \", \" Breathless \" and \" High School Confidential \".", "userDefined": false}], "isTemplate": false, "count": 0, "lang": "en", "updated": 0}, {"id": "00ce622f-f445-4e0d-b23d-de517ed6182b", "data": [{"text": "Lewis sold more records than Elvis Presley at this time.", "userDefined": false}], "isTemplate": false, "count": 0, "lang": "en", "updated": 0}, {"id": "4bb68bc0-bbc6-4603-9026-2de3f240daab", "data": [{"text": "However, Lewis' rock 'n' roll career faltered in the wake of his marriage to his young cousin.", "userDefined": false}], "isTemplate": false, "count": 0, "lang": "en", "updated": 0}, {"id": "b54dbead-8539-429f-aaab-14ae784a01ba", "data": [{"text": "He had little success in the charts following the scandal and his popularity quickly faded.", "userDefined": false}], "isTemplate": false, "count": 0, "lang": "en", "updated": 0}, {"id": "e4d402eb-4e09-4044-b925-1130d561ae9a", "data": [{"text": "His live performance fees plummeted from $10,000 per night to $250.", "userDefined": false}], "isTemplate": false, "count": 0, "lang": "en", "updated": 0}, {"id": "a19a1727-3b9f-4a6f-81de-4d589a71d024", "data": [{"text": "In the meantime he was determined to gain back some of his popularity.", "userDefined": false}], "isTemplate": false, "count": 0, "lang": "en", "updated": 0}, {"id": "7d05957d-85b1-47de-ae45-fc1e7781d8c9", "data": [{"text": "During the early 60\u2019s he didn't have much chart success with few exceptions such as \" What'd I Say \".", "userDefined": false}], "isTemplate": false, "count": 0, "lang": "en", "updated": 0}, {"id": "815bd5c3-9ff6-4c05-907a-7dfc0eb0f1ea", "data": [{"text": "His live performances at this time were increasingly wild and energetic.", "userDefined": false}], "isTemplate": false, "count": 0, "lang": "en", "updated": 0}, {"id": "a238a170-d7c4-46d3-8d9c-c004a86c6ff4", "data": [{"text": "His album Live at the Star Club, Hamburg from 1964 is often regarded by many music journalists and fans as one of the wildest and greatest rock and roll concert albums ever.", "userDefined": false}], "isTemplate": false, "count": 0, "lang": "en", "updated": 0}, {"id": "d8dae951-6822-4585-84e3-b1db30243384", "data": [{"text": "After recording songs such as \"I'm on Fire\" for several years with little success, in 1968 Lewis made a transition into country music and had hits with songs such as \"Another Place, Another Time\".", "userDefined": false}], "isTemplate": false, "count": 0, "lang": "en", "updated": 0}, {"id": "0363e4d3-bd3c-4a51-b73b-ce2f8712bde5", "data": [{"text": "This reignited his career and throughout the late '60s and '70s he regularly topped the country-western charts.", "userDefined": false}], "isTemplate": false, "count": 0, "lang": "en", "updated": 0}, {"id": "878e3c8a-a1be-4c8d-a216-9f491de3f5ea", "data": [{"text": "His #1 country hits included \" To Make Love Sweeter For You \", \" There Must Be More to Love Than This \", \" Would You Take Another Chance on Me \" and \" Me And Bobby McGee \".", "userDefined": false}], "isTemplate": false, "count": 0, "lang": "en", "updated": 0}, {"id": "b7c45c9a-b9c2-4bb1-94bd-2195d5cfb46e", "data": [{"text": "Lewis's successes continued throughout the decade and he embraced his rock 'n' roll past with songs such as a cover of the Big Bopper's \" Chantilly Lace \" and \" Rockin' My Life Away \".", "userDefined": false}], "isTemplate": false, "count": 0, "lang": "en", "updated": 0}, {"id": "b3619d12-a924-4676-8781-15b278a11c38", "data": [{"text": "In the 21st century Lewis continues to tour to audiences around the world and still releases new albums.", "userDefined": false}], "isTemplate": false, "count": 0, "lang": "en", "updated": 0}, {"id": "b37b72db-396a-4c27-b5d6-02fe81483523", "data": [{"text": "One such album, titled Last Man Standing , is his best selling to date at over a million copies sold worldwide.", "userDefined": false}], "isTemplate": false, "count": 0, "lang": "en", "updated": 0}, {"id": "e4685801-3307-4019-a48e-f68becbe0766", "data": [{"text": "This was followed by Mean Old Man which has received some of the best sales of Lewis\u2019s career.", "userDefined": false}], "isTemplate": false, "count": 0, "lang": "en", "updated": 0}, {"id": "9fa59b91-bc2c-4829-96d3-4b86599ec94f", "data": [{"text": "Lewis has had a dozen gold records in both rock and country, won several Grammy awards, including a Lifetime Achievement Award.", "userDefined": false}], "isTemplate": false, "count": 0, "lang": "en", "updated": 0}]