[{"id": "9ea888dd-fcc9-42bd-b2f0-b938290546ab", "data": [{"text": "John Quincy Adams (July 11, 1767February 23, 1848) was the sixth President of the United States (1825\u20131829).", "userDefined": false}], "isTemplate": false, "count": 0, "lang": "en", "updated": 0}, {"id": "af6c8b5b-44b9-49c9-8e89-c98b684281cf", "data": [{"text": "He served as American diplomat , Senator , and Congressional representative .", "userDefined": false}], "isTemplate": false, "count": 0, "lang": "en", "updated": 0}, {"id": "b9b54703-6421-4503-9649-c2041dd4b688", "data": [{"text": "He was a member of the Federalist , Democratic-Republican , National Republican , and later Anti-Masonic and Whig parties .", "userDefined": false}], "isTemplate": false, "count": 0, "lang": "en", "updated": 0}, {"id": "ee641809-512c-4779-a7d7-d87328eac141", "data": [{"text": "Adams was the son of former President John Adams and Abigail Adams .", "userDefined": false}], "isTemplate": false, "count": 0, "lang": "en", "updated": 0}, {"id": "bdab5b7e-3413-4b1d-af61-9f5221fd333d", "data": [{"text": "As a diplomat, Adams played an important role in negotiating many international treaties, most notably the Treaty of Ghent , which ended the War of 1812 .", "userDefined": false}], "isTemplate": false, "count": 0, "lang": "en", "updated": 0}, {"id": "6c575a21-f54d-452e-ba44-610fcc17c48c", "data": [{"text": "As Secretary of State , he negotiated with the United Kingdom over America's northern border with Canada, negotiated with Spain the annexation of Florida , and authored the Monroe Doctrine .", "userDefined": false}], "isTemplate": false, "count": 0, "lang": "en", "updated": 0}, {"id": "45ebaae4-fe3b-4d80-91fb-4b795a1778be", "data": [{"text": "Historians agree he was one of the greatest diplomats and secretaries of state in American history.", "userDefined": false}], "isTemplate": false, "count": 0, "lang": "en", "updated": 0}, {"id": "d223230c-c630-474e-9f60-9e8c4711ff0d", "data": [{"text": "As president, he sought to modernize the American economy and promoted education.", "userDefined": false}], "isTemplate": false, "count": 0, "lang": "en", "updated": 0}, {"id": "b2447f71-d2ed-4c24-a5ac-c3d719095441", "data": [{"text": "Adams enacted a part of his agenda and paid off much of the national debt .", "userDefined": false}], "isTemplate": false, "count": 0, "lang": "en", "updated": 0}, {"id": "c275ebfa-f9e1-41fb-92bc-de033e15eb26", "data": [{"text": "He was stymied by a Congress controlled by his enemies, and his lack of patronage networks helped politicians eager to undercut him.", "userDefined": false}], "isTemplate": false, "count": 0, "lang": "en", "updated": 0}, {"id": "f0db1320-3c92-420c-8e99-70b4ee565352", "data": [{"text": "He lost his 1828 bid for re-election to Andrew Jackson .", "userDefined": false}], "isTemplate": false, "count": 0, "lang": "en", "updated": 0}, {"id": "cda8aeec-050f-405f-9cfd-1ce15a34b792", "data": [{"text": "In doing so, he became the first president since his father to serve a single term.", "userDefined": false}], "isTemplate": false, "count": 0, "lang": "en", "updated": 0}, {"id": "71d3f926-eb72-44da-bb68-09ac6a8a63ff", "data": [{"text": "Adams is best known as a diplomat who shaped America's foreign policy in line with his ardently nationalist commitment to America's republican values .", "userDefined": false}], "isTemplate": false, "count": 0, "lang": "en", "updated": 0}, {"id": "296446f1-11d2-4d44-ac4b-3f2346b365f6", "data": [{"text": "More recently Howe (2007) portrayed Adams as the exemplar and moral leader in an era of modernization.", "userDefined": false}], "isTemplate": false, "count": 0, "lang": "en", "updated": 0}, {"id": "02955102-adab-4dca-8a0d-f210cd1be9e9", "data": [{"text": "During Adams' lifetime, technological innovations and new means of communication spread messages of religious revival, social reform, and party politics.", "userDefined": false}], "isTemplate": false, "count": 0, "lang": "en", "updated": 0}, {"id": "10fca77f-0ad6-4d1c-b447-9acc3f1ff333", "data": [{"text": "Goods, money, and people traveled more rapidly and efficiently than ever before.", "userDefined": false}], "isTemplate": false, "count": 0, "lang": "en", "updated": 0}, {"id": "f7bc6342-157a-4173-8a2d-a04a7659ab9c", "data": [{"text": "Adams was elected a U.S. Representative from Massachusetts after leaving office, serving for the last 17 years of his life with far greater acclamation than he had achieved as president.", "userDefined": false}], "isTemplate": false, "count": 0, "lang": "en", "updated": 0}]