[{"id": "e4eaad4d-a67a-4766-9538-f2d06acf8f40", "data": [{"text": "Kathmandu ( ; ) is the capital and largest urban agglomerate of Nepal .", "userDefined": false}], "isTemplate": false, "count": 0, "lang": "en", "updated": 0}, {"id": "08822573-6648-4654-89eb-1c0be27f9bb3", "data": [{"text": "The agglomerate consists of Kathmandu Metropolitan City at its core, and its sister cities Patan , Kirtipur , Thimi , and Bhaktapur .", "userDefined": false}], "isTemplate": false, "count": 0, "lang": "en", "updated": 0}, {"id": "efdb2791-01e4-41ba-a5aa-c44060aab377", "data": [{"text": "It also includes the recently recognized urban areas of Shankhapur , Karyabinayak , and Champapur .", "userDefined": false}], "isTemplate": false, "count": 0, "lang": "en", "updated": 0}, {"id": "ec805109-42e3-4364-a61e-b59c4a6c1759", "data": [{"text": "Banepa , Dhulikhel , and Panauti are satellite urban areas of Kathmandu located just outside the Kathmandu valley .", "userDefined": false}], "isTemplate": false, "count": 0, "lang": "en", "updated": 0}, {"id": "6f710d36-b48d-4a64-92a3-fb0ecd4ab054", "data": [{"text": "Kathmandu is also known informally as \"KTM\" or the \"tri-city\".", "userDefined": false}], "isTemplate": false, "count": 0, "lang": "en", "updated": 0}, {"id": "3afb0267-d683-472b-8232-de9b6bacd7b8", "data": [{"text": "According to a census conducted in 2011, Kathmandu metropolis alone has 975,453 inhabitants; and the agglomerate has a population of more than 2.5 million inhabitants.", "userDefined": false}], "isTemplate": false, "count": 0, "lang": "en", "updated": 0}, {"id": "61305ee2-4d3c-40ca-a352-65dae7fb60f5", "data": [{"text": "The metropolitan city area is and has a population density of 19,250 per km2.", "userDefined": false}], "isTemplate": false, "count": 0, "lang": "en", "updated": 0}, {"id": "2ba1fd5e-d005-4602-b804-3a5d002dd807", "data": [{"text": "The city stands at an elevation of approximately in the bowl-shaped Kathmandu Valley of central Nepal.", "userDefined": false}], "isTemplate": false, "count": 0, "lang": "en", "updated": 0}, {"id": "30917ca1-60f3-40e6-ae79-fba279403af7", "data": [{"text": "It is surrounded by four major mountains: Shivapuri, Phulchoki, Nagarjun, and Chandragiri.", "userDefined": false}], "isTemplate": false, "count": 0, "lang": "en", "updated": 0}, {"id": "6067731a-050d-4763-b548-f6389e560ba4", "data": [{"text": "Kathmandu Valley is part of three districts (Kathmandu, Lalitpur , and Bhaktapur ), has the highest population density in the country, and is home to about a twelfth of Nepal's population.", "userDefined": false}], "isTemplate": false, "count": 0, "lang": "en", "updated": 0}, {"id": "98bd93de-f730-47b7-90db-103ab129327e", "data": [{"text": "During Rana and Shah eras, the name \"Nepal\" referred only to the Kathmandu Valley; it was what people who lived outside the valley called it.", "userDefined": false}], "isTemplate": false, "count": 0, "lang": "en", "updated": 0}, {"id": "235d3e0d-73a3-4341-9015-f14635bbd339", "data": [{"text": "During this period, British historians called the valley itself \"Nepal Proper\".", "userDefined": false}], "isTemplate": false, "count": 0, "lang": "en", "updated": 0}, {"id": "450d129f-8d80-4491-a55f-934526768cf6", "data": [{"text": "Today, Kathmandu is not only the capital of the Federal Democratic Republic of Nepal, but also the headquarters of the Central Development Region of Nepal .", "userDefined": false}], "isTemplate": false, "count": 0, "lang": "en", "updated": 0}, {"id": "9de53295-70eb-41a3-aa85-20267341b308", "data": [{"text": "The Central Region comprises three zones: Bagmati, Narayani , and Janakpur.", "userDefined": false}], "isTemplate": false, "count": 0, "lang": "en", "updated": 0}, {"id": "6a9ebf80-5567-40e7-9cc1-1cdce6f097e8", "data": [{"text": "Kathmandu is located in the Bagmati Zone .", "userDefined": false}], "isTemplate": false, "count": 0, "lang": "en", "updated": 0}, {"id": "d53e78ca-49bf-431c-834a-2bd87111061a", "data": [{"text": "Kathmandu is the gateway to tourism in Nepal.", "userDefined": false}], "isTemplate": false, "count": 0, "lang": "en", "updated": 0}, {"id": "786de54d-0b70-44fd-b060-81b895a3f3a2", "data": [{"text": "It is also the nerve center of the country's economy .", "userDefined": false}], "isTemplate": false, "count": 0, "lang": "en", "updated": 0}, {"id": "90ce90af-2cee-45a4-bf91-16c1edf9f723", "data": [{"text": "It has the most advanced infrastructure of any urban area in Nepal, and its economy is focused on tourism, which accounted for 3.8% of Nepal's GDP in 1995\u201396.", "userDefined": false}], "isTemplate": false, "count": 0, "lang": "en", "updated": 0}, {"id": "42c4e192-7ef8-4dfa-8f64-7dbacc788bf4", "data": [{"text": "(Tourism in Kathmandu declined thereafter during a period of political unrest, but since then has improved.)", "userDefined": false}], "isTemplate": false, "count": 0, "lang": "en", "updated": 0}, {"id": "330503e2-8b31-459f-bf1e-fbec9975cc81", "data": [{"text": "The city has a rich history, spanning nearly 2000 years, as inferred from inscriptions found in the valley.", "userDefined": false}], "isTemplate": false, "count": 0, "lang": "en", "updated": 0}, {"id": "5a190d6b-af7b-45e4-811b-49f74edd7937", "data": [{"text": "Religious and cultural festivities form a major part of the lives of people residing in Kathmandu.", "userDefined": false}], "isTemplate": false, "count": 0, "lang": "en", "updated": 0}, {"id": "cc37d8e8-ff12-411d-9709-66e6f7de83f6", "data": [{"text": "Most of Kathmandu's people follow Hinduism and many others follow Buddhism .", "userDefined": false}], "isTemplate": false, "count": 0, "lang": "en", "updated": 0}]