[{"id": "8c2ab5f4-30bc-488a-9dc6-7164bbc47135", "data": [{"text": "KFC (Kentucky Fried Chicken) is a fast food restaurant chain headquartered in Louisville, Kentucky , United States, which specializes in fried chicken .", "userDefined": false}], "isTemplate": false, "count": 0, "lang": "en", "updated": 0}, {"id": "ccf6117b-2c11-4b41-9430-894a2eb32e17", "data": [{"text": "An \"American icon\", it is the world's second largest restaurant chain overall (as measured by sales) after McDonald's , with over 18,000 outlets in 120 countries and territories .", "userDefined": false}], "isTemplate": false, "count": 0, "lang": "en", "updated": 0}, {"id": "3a27ba86-71a9-4c0c-b2bb-81039738d948", "data": [{"text": "The company is a subsidiary of Yum!", "userDefined": false}], "isTemplate": false, "count": 0, "lang": "en", "updated": 0}, {"id": "963d7fae-0f0b-47c7-a4ab-237e114eee92", "data": [{"text": "Brands , a restaurant company which also owns Pizza Hut and Taco Bell .", "userDefined": false}], "isTemplate": false, "count": 0, "lang": "en", "updated": 0}, {"id": "564a1d7b-578d-4fa0-95c1-39c9a8ed47ef", "data": [{"text": "KFC was founded by Harland Sanders , who began selling fried chicken from his roadside restaurant in Corbin, Kentucky during the Great Depression .", "userDefined": false}], "isTemplate": false, "count": 0, "lang": "en", "updated": 0}, {"id": "03a3389d-9aa5-4a90-957e-6d1a1f4aca4c", "data": [{"text": "Sanders was one of the first people to see the potential of the restaurant franchising concept, with the first \"Kentucky Fried Chicken\" franchise opening in Utah in 1952.", "userDefined": false}], "isTemplate": false, "count": 0, "lang": "en", "updated": 0}, {"id": "a9862b7d-3226-406f-bb68-1e0f7cde0ffa", "data": [{"text": "The franchise popularized chicken in the fast food industry, thereby diversifying the market and challenging the dominance of the hamburger .", "userDefined": false}], "isTemplate": false, "count": 0, "lang": "en", "updated": 0}, {"id": "52174f89-919a-4eaf-9867-581818f1841e", "data": [{"text": "Marketing himself as \"Colonel Sanders\", he became a legendary figure of American cultural history, and his image is still prominently used in KFC branding.", "userDefined": false}], "isTemplate": false, "count": 0, "lang": "en", "updated": 0}, {"id": "ea7e44de-d535-4697-81fc-6579bbb60a92", "data": [{"text": "The company's rapid expansion saw it grow too large for Sanders to manage, and in 1964 he sold the company to a group of investors led by John Y. Brown, Jr. and Jack Massey .", "userDefined": false}], "isTemplate": false, "count": 0, "lang": "en", "updated": 0}, {"id": "ec7a6dda-ceee-4efd-a8a6-8d2c44f6cd51", "data": [{"text": "KFC was one of the first fast food chains to expand internationally, opening outlets in England, Mexico and Puerto Rico by the mid-1960s.", "userDefined": false}], "isTemplate": false, "count": 0, "lang": "en", "updated": 0}, {"id": "f82d0fc5-f045-41f0-bc7a-fa0f4018e8ed", "data": [{"text": "Throughout the 1970s and 1980s, KFC experienced mixed fortunes domestically, as it went through a series of corporate owners who had little or no experience in the restaurant business.", "userDefined": false}], "isTemplate": false, "count": 0, "lang": "en", "updated": 0}, {"id": "501d1331-899c-44af-826e-a50d97f09cc9", "data": [{"text": "In the early 1970s, KFC was sold to the spirits firm Heublein , who were taken over by the R.J. Reynolds food and tobacco conglomerate, who sold the chain to PepsiCo .", "userDefined": false}], "isTemplate": false, "count": 0, "lang": "en", "updated": 0}, {"id": "fb5bf2ae-cc58-4156-b02c-70ed9ed6cccc", "data": [{"text": "The chain continued to expand overseas however, and in 1987 KFC became the first Western restaurant chain to open in China.", "userDefined": false}], "isTemplate": false, "count": 0, "lang": "en", "updated": 0}, {"id": "4547b991-eb7b-41b0-a8ec-1d21688d7143", "data": [{"text": "The chain has since expanded rapidly in China, and the country is now the company's most profitable market.", "userDefined": false}], "isTemplate": false, "count": 0, "lang": "en", "updated": 0}, {"id": "0287a2c8-ece5-4a37-b187-add69f47873f", "data": [{"text": "PepsiCo spun off its restaurants division as Tricon Global Restaurants , which later changed its name to Yum!", "userDefined": false}], "isTemplate": false, "count": 0, "lang": "en", "updated": 0}, {"id": "8598a1b3-83ea-45be-8b10-d31c78a2c135", "data": [{"text": "Brands.", "userDefined": false}], "isTemplate": false, "count": 0, "lang": "en", "updated": 0}, {"id": "b28022aa-1679-4fc5-82cb-5e37c4e6e028", "data": [{"text": "KFC primarily sells fried chicken pieces and variations such as chicken sandwiches and wraps , salads and side dishes such as French fries and coleslaw , desserts and soft drinks , often supplied by PepsiCo .", "userDefined": false}], "isTemplate": false, "count": 0, "lang": "en", "updated": 0}]