[{"id": "41379731-8d79-41c4-9d72-748e38968cb4", "data": [{"text": "Many languages are used, or historically have been used in the United States .", "userDefined": false}], "isTemplate": false, "count": 0, "lang": "en", "updated": 0}, {"id": "0c4fb653-a35e-41a0-af40-a1cacdd7c12f", "data": [{"text": "The most commonly used language is English .", "userDefined": false}], "isTemplate": false, "count": 0, "lang": "en", "updated": 0}, {"id": "34edd508-2f04-44de-a1a4-76241b916174", "data": [{"text": "There are also many languages indigenous to North America or to U.S. states or holdings in the Pacific region.", "userDefined": false}], "isTemplate": false, "count": 0, "lang": "en", "updated": 0}, {"id": "406aabbb-d16e-488c-ad5b-c673835fa30c", "data": [{"text": "Languages brought to the country by colonists or immigrants from Europe, Asia, or other parts of the world make up a large portion of the languages currently used; several languages, including creoles and sign languages, have also developed in the United States.", "userDefined": false}], "isTemplate": false, "count": 0, "lang": "en", "updated": 0}, {"id": "76d98adc-e82b-4ed8-8d5d-a9973cc58fae", "data": [{"text": "Approximately 337 languages are spoken or signed by the population, of which 176 are indigenous to the area.", "userDefined": false}], "isTemplate": false, "count": 0, "lang": "en", "updated": 0}, {"id": "82d808b4-4a62-4410-b7bf-425bf068b1b7", "data": [{"text": "Fifty-two languages formerly spoken in the country's territory are now extinct.", "userDefined": false}], "isTemplate": false, "count": 0, "lang": "en", "updated": 0}, {"id": "9b90e99f-1214-47a9-a2dd-6f3a37c8511d", "data": [{"text": "The variety of English spoken in the United States is known as American English .", "userDefined": false}], "isTemplate": false, "count": 0, "lang": "en", "updated": 0}, {"id": "a7354e7f-579b-4f00-ac55-446929f6d988", "data": [{"text": "English is the de facto national language of the United States, with 80% of the population claiming it as a mother tongue, and some 95% claiming to speak it \"well\" or \"very well\".", "userDefined": false}], "isTemplate": false, "count": 0, "lang": "en", "updated": 0}, {"id": "1ccc2973-f812-4253-9170-b480ae0f2d1b", "data": [{"text": "However, no official language exists at the federal level.", "userDefined": false}], "isTemplate": false, "count": 0, "lang": "en", "updated": 0}, {"id": "8d6e9b8e-4e6f-4f1d-b066-661bd3086c5e", "data": [{"text": "There have been several proposals to make English the national language in amendments to immigration reform bills, but none of these bills has become law with the amendment intact.", "userDefined": false}], "isTemplate": false, "count": 0, "lang": "en", "updated": 0}, {"id": "69ac0683-b342-40f3-b5d4-f1d3deee83a9", "data": [{"text": "The situation is quite varied at the state and territorial levels, with some states mirroring the federal policy of adopting no official language in a de jure capacity, others adopting English alone, others officially adopting English as well as local languages, and still others adopting a policy of de facto bilingualism.", "userDefined": false}], "isTemplate": false, "count": 0, "lang": "en", "updated": 0}, {"id": "d52da4dd-e2cd-404b-8298-4c5955316775", "data": [{"text": "Spanish is the second most common language in the country, and is spoken by over 12% of the population.", "userDefined": false}], "isTemplate": false, "count": 0, "lang": "en", "updated": 0}, {"id": "04207782-514a-47b1-9900-55ad09a70362", "data": [{"text": "The United States holds the world's fifth largest Spanish-speaking population, outnumbered only by Mexico , Spain , Colombia , and Argentina .", "userDefined": false}], "isTemplate": false, "count": 0, "lang": "en", "updated": 0}, {"id": "696bea3c-09cc-4f0a-bbd6-6aeeac9e8b29", "data": [{"text": "Throughout the Southwestern United States , long-established Spanish-speaking communities coexist with large numbers of more recent Hispanophone immigrants.", "userDefined": false}], "isTemplate": false, "count": 0, "lang": "en", "updated": 0}, {"id": "267d4f20-09e0-4707-98bc-043466d54b8c", "data": [{"text": "Although many new Latin American immigrants are less than fluent in English, nearly all second-generation Hispanic Americans speak English fluently, while only about half still speak Spanish.", "userDefined": false}], "isTemplate": false, "count": 0, "lang": "en", "updated": 0}, {"id": "8f87076a-1276-419e-8dd3-80cf6a020f29", "data": [{"text": "According to the 2000 US census, people of German ancestry make up the largest single ethnic group in the United States, and the German language ranks fifth.", "userDefined": false}], "isTemplate": false, "count": 0, "lang": "en", "updated": 0}, {"id": "67b48a0b-df99-43d9-b0b6-868cf0645ee8", "data": [{"text": "Italian , Polish , and French are still widely spoken among populations descending from immigrants from those countries in the early 20th century, but the use of these languages is dwindling as the older generations die.", "userDefined": false}], "isTemplate": false, "count": 0, "lang": "en", "updated": 0}, {"id": "1563c9c1-5593-4dc9-bb1f-d536f2966793", "data": [{"text": "Russian is also spoken by immigrant populations.", "userDefined": false}], "isTemplate": false, "count": 0, "lang": "en", "updated": 0}, {"id": "6731f01b-457c-4ac5-b59e-ea9eeb2ff53a", "data": [{"text": "Tagalog and Vietnamese have over one million speakers each in the United States, almost entirely within recent immigrant populations.", "userDefined": false}], "isTemplate": false, "count": 0, "lang": "en", "updated": 0}]