[{"id": "f5172b6d-e5a4-4779-881b-186ebd838719", "data": [{"text": "Lightning is a highly visible form of energy transfer", "userDefined": false}], "isTemplate": false, "count": 0, "lang": "en", "updated": 0}, {"id": "36502b9a-6aea-4b8f-91c6-1ab112cabf91", "data": [{"text": "Lightning strikes are electrical discharges on a massive scale between the atmosphere and an earth-bound object.", "userDefined": false}], "isTemplate": false, "count": 0, "lang": "en", "updated": 0}, {"id": "73367c6e-6e32-4e64-a20d-eb5f572280de", "data": [{"text": "They mostly originate in thunderclouds and terminate on the ground, called Cloud to Ground (CG) lightning.", "userDefined": false}], "isTemplate": false, "count": 0, "lang": "en", "updated": 0}, {"id": "bb3a3798-7be4-4986-9a68-4fcfa0c46c9d", "data": [{"text": "However, they may also be initiated from a very tall grounded object and reach into the clouds.", "userDefined": false}], "isTemplate": false, "count": 0, "lang": "en", "updated": 0}, {"id": "01609e0e-6b22-4114-8c7e-7c8cd13c5514", "data": [{"text": "Although \"a lightning strike\" is commonly used to describe all lightning, it is rather erroneous and a misnomer, as only about 25% of all lightning events worldwide are CG, the large bulk of lightning events are Intracloud (IC) or Cloud to Cloud (CC), where discharge only occurs high in the atmosphere.", "userDefined": false}], "isTemplate": false, "count": 0, "lang": "en", "updated": 0}, {"id": "36ffafe1-ae1d-4752-a20e-ca746ab0faa5", "data": [{"text": "The scientific name for the complete process of a single lightning event is a and it is a very complex, multiple stepped interaction, which is not completely understood.", "userDefined": false}], "isTemplate": false, "count": 0, "lang": "en", "updated": 0}, {"id": "00f945ed-ce78-4fac-9791-575a3b57df54", "data": [{"text": "Most CG flashes only \"strike\" one physical location, referred to as a termination.", "userDefined": false}], "isTemplate": false, "count": 0, "lang": "en", "updated": 0}, {"id": "f14aff9f-42cb-4168-b705-6eb9ed2f050f", "data": [{"text": "The primary conducting channel, the bright coursing light you may see and call a \"strike\", is only about 1 inch in diameter, although to our eyes it looks much larger.", "userDefined": false}], "isTemplate": false, "count": 0, "lang": "en", "updated": 0}, {"id": "18fc8229-dbeb-454a-8fc2-1f30e957be43", "data": [{"text": "They are miles long, upwards of tens of miles.", "userDefined": false}], "isTemplate": false, "count": 0, "lang": "en", "updated": 0}, {"id": "4f1e3fbc-8b93-4921-96e9-6452cd13c02e", "data": [{"text": "And the entire flash, lasts only a few fractions of a second, most of which is not visible to human eyes.", "userDefined": false}], "isTemplate": false, "count": 0, "lang": "en", "updated": 0}, {"id": "d162b1c5-a9da-4f81-ba0d-a302408b4eed", "data": [{"text": "Thunder is always produced by lightning.", "userDefined": false}], "isTemplate": false, "count": 0, "lang": "en", "updated": 0}, {"id": "2d499bf2-7f8b-46f4-bfa1-b8391f64bf1c", "data": [{"text": "Just like lightning, that deceives our eyes, usually looking larger or closer than it really is, the earth's atmosphere and our brain's perception of the outside world, ultimately determines whether it is \"heard\" or not.", "userDefined": false}], "isTemplate": false, "count": 0, "lang": "en", "updated": 0}, {"id": "da31d59e-dee1-4c29-8d4c-1364ceb7b521", "data": [{"text": "Lightning cannot happen in a vacuum devoid of ions, nor can thunder occur without molecules to vibrate.", "userDefined": false}], "isTemplate": false, "count": 0, "lang": "en", "updated": 0}, {"id": "7bcc877e-d069-40a9-be7f-325caf25d3f0", "data": [{"text": "Thunder is a physical absolute for every single flash of lightning.", "userDefined": false}], "isTemplate": false, "count": 0, "lang": "en", "updated": 0}, {"id": "b9627c77-e877-443a-a74c-9f91ce3f475e", "data": [{"text": "Contrary to popular belief, a lightning strike itself is usually not responsible for multiple deaths or injuries from a single event.", "userDefined": false}], "isTemplate": false, "count": 0, "lang": "en", "updated": 0}, {"id": "204d7331-99bf-48ba-aec5-ccf0afe9d0cf", "data": [{"text": "It would be impossible given the natural tendencies of a flash, unless people or animals were stacked on top of each other, or they were somehow arranged vertically and part of the flash channel.", "userDefined": false}], "isTemplate": false, "count": 0, "lang": "en", "updated": 0}, {"id": "b06ddcb9-915c-48a1-be9a-56af9f3c22f6", "data": [{"text": "When lightning ignites an available fuel source and an explosion occurs, it is the shock wave or fire causing the injuries, not the strike itself.", "userDefined": false}], "isTemplate": false, "count": 0, "lang": "en", "updated": 0}, {"id": "b58fa220-48a1-46ab-a203-7369df069001", "data": [{"text": "Ground Currents, also called step potential, of an earth termination is what truly causes most injuries or death to humans and animals.", "userDefined": false}], "isTemplate": false, "count": 0, "lang": "en", "updated": 0}]