[{"id": "e4d51914-89b2-43f6-9681-8d016c367a4f", "data": [{"text": "A linen handkerchief with pulled thread embroidery around the edges", "userDefined": false}], "isTemplate": false, "count": 0, "lang": "en", "updated": 0}, {"id": "62a66a66-db46-4af5-ba81-98b01486f680", "data": [{"text": "Linen cloth recovered from Qumran Cave 1 near the Dead Sea .", "userDefined": false}], "isTemplate": false, "count": 0, "lang": "en", "updated": 0}, {"id": "9b5907b8-3f66-4617-91a7-da0028468571", "data": [{"text": "Linen () is a textile made from the fibers of the flax plant, Linum usitatissimum.", "userDefined": false}], "isTemplate": false, "count": 0, "lang": "en", "updated": 0}, {"id": "f954f4f1-c5fc-4cf8-b29f-d79f58db6549", "data": [{"text": "Linen is labor-intensive to manufacture, but when it is made into garments, it is valued for its exceptional coolness and freshness in hot weather.", "userDefined": false}], "isTemplate": false, "count": 0, "lang": "en", "updated": 0}, {"id": "c5c10c11-3c9e-4a5f-8fdb-84e7dfed35ee", "data": [{"text": "The word \"linen\" is of West Germanic origin and cognates with the Latin name for the flax plant linum, and the earlier Greek \u03bb\u03b9\u03bd\u03cc\u03bd (linon).", "userDefined": false}], "isTemplate": false, "count": 0, "lang": "en", "updated": 0}, {"id": "b7dc5bfc-23fe-4961-b1e0-9d823fdfb288", "data": [{"text": "This word history has given rise to a number of other terms in English, the most notable of which is the English word line , derived from the use of a linen (flax) thread to determine a straight line.", "userDefined": false}], "isTemplate": false, "count": 0, "lang": "en", "updated": 0}, {"id": "32bd92e7-12ec-4c05-a659-4ab1bd55ab90", "data": [{"text": "Textiles in a linen weave texture, even when made of cotton , hemp and other non-flax fibers are also loosely referred to as \"linen\".", "userDefined": false}], "isTemplate": false, "count": 0, "lang": "en", "updated": 0}, {"id": "b0dc96b8-baa1-462c-90e7-cbae8859f907", "data": [{"text": "Such fabrics generally have their own specific names other than linen; for example, fine cotton yarn in a linen-style weave is called Madapolam .", "userDefined": false}], "isTemplate": false, "count": 0, "lang": "en", "updated": 0}, {"id": "94651c8b-4e00-421c-9f59-ef6b82a35162", "data": [{"text": "The collective term \" linens \" is still often used generically to describe a class of woven and even knitted bed, bath, table and kitchen textiles.", "userDefined": false}], "isTemplate": false, "count": 0, "lang": "en", "updated": 0}, {"id": "e6af274f-403e-4866-8bb4-b9600c3a4ab3", "data": [{"text": "The name linens is retained because traditionally, linen was used for many of these items.", "userDefined": false}], "isTemplate": false, "count": 0, "lang": "en", "updated": 0}, {"id": "f873450a-0250-4818-888a-d111f1656342", "data": [{"text": "In the past, the word \"linens\" was also used to mean lightweight undergarments such as shirts , chemises , waistshirts, lingerie (a word also cognate with linen), and detachable shirt collars and cuffs, which were historically made almost exclusively out of linen.", "userDefined": false}], "isTemplate": false, "count": 0, "lang": "en", "updated": 0}, {"id": "d4121bc0-e5de-49ea-90ef-3860b508f6f2", "data": [{"text": "The inside cloth layer of fine composite clothing garments (as for example jackets) was traditionally made of linen, and this is the origin of the word lining.", "userDefined": false}], "isTemplate": false, "count": 0, "lang": "en", "updated": 0}, {"id": "c7a118c6-4229-4956-80dd-0f00c82836c4", "data": [{"text": "Linen textiles appear to be some of the oldest in the world: their history goes back many thousands of years.", "userDefined": false}], "isTemplate": false, "count": 0, "lang": "en", "updated": 0}, {"id": "dd44f700-3c17-41ad-8840-2b4b7e767fd2", "data": [{"text": "Fragments of straw, seeds, fibers, yarns, and various types of fabrics which date back to about 8000 BC have been found in Swiss lake dwellings.", "userDefined": false}], "isTemplate": false, "count": 0, "lang": "en", "updated": 0}, {"id": "1f63cda6-cdf3-424f-8844-b6f6c610a232", "data": [{"text": "Dyed flax fibers found in a prehistoric cave in Georgia suggest the use of woven linen fabrics from wild flax may date back even earlier to 36,000 BP .", "userDefined": false}], "isTemplate": false, "count": 0, "lang": "en", "updated": 0}, {"id": "f549d6a0-ea0d-4384-8c1f-3d2da1b35fb7", "data": [{"text": "Linen was sometimes used as currency in ancient Egypt .", "userDefined": false}], "isTemplate": false, "count": 0, "lang": "en", "updated": 0}, {"id": "258b0efe-9215-4cb2-ab9b-3033f352f84a", "data": [{"text": "Egyptian mummies were wrapped in linen because it was seen as a symbol of light and purity, and as a display of wealth.", "userDefined": false}], "isTemplate": false, "count": 0, "lang": "en", "updated": 0}]