[{"id": "ecc54c16-ec3b-48fd-b071-601bd9249005", "data": [{"text": "The lion (Panthera leo) is one of the four big cats in the genus Panthera and a member of the family Felidae .", "userDefined": false}], "isTemplate": false, "count": 0, "lang": "en", "updated": 0}, {"id": "b13f653f-ea49-443c-a10f-e73eee3a4ba1", "data": [{"text": "With some males exceeding in weight, it is the second-largest living cat after the tiger .", "userDefined": false}], "isTemplate": false, "count": 0, "lang": "en", "updated": 0}, {"id": "bf21d9ff-1cc3-4723-8a55-f600eda5989f", "data": [{"text": "Wild lions currently exist in sub-Saharan Africa and in Asia (where an endangered remnant population resides in Gir Forest National Park in India ) while other types of lions have disappeared from North Africa and Southwest Asia in historic times.", "userDefined": false}], "isTemplate": false, "count": 0, "lang": "en", "updated": 0}, {"id": "944426de-d765-44d5-88f5-b5581e5bc4c8", "data": [{"text": "Until the late Pleistocene , about 10,000 years ago, the lion was the most widespread large land mammal after humans.", "userDefined": false}], "isTemplate": false, "count": 0, "lang": "en", "updated": 0}, {"id": "7444c185-13cb-45b5-aea9-e162591866a2", "data": [{"text": "They were found in most of Africa, across Eurasia from western Europe to India, and in the Americas from the Yukon to Peru .", "userDefined": false}], "isTemplate": false, "count": 0, "lang": "en", "updated": 0}, {"id": "ef63e934-7a14-4e7c-b077-75ba897c684d", "data": [{"text": "The lion is a vulnerable species , having seen a major population decline of 30\u201350% over the past two decades in its African range.", "userDefined": false}], "isTemplate": false, "count": 0, "lang": "en", "updated": 0}, {"id": "99b8fcf4-4b0e-45b2-932a-bb20aba2e282", "data": [{"text": "Lion populations are untenable outside designated reserves and national parks.", "userDefined": false}], "isTemplate": false, "count": 0, "lang": "en", "updated": 0}, {"id": "5c2aa57e-d3ed-48d2-9d4d-f3b66e1f1bbc", "data": [{"text": "Although the cause of the decline is not fully understood, habitat loss and conflicts with humans are currently the greatest causes of concern.", "userDefined": false}], "isTemplate": false, "count": 0, "lang": "en", "updated": 0}, {"id": "00401bb1-d10e-4593-976f-17af23fffe1c", "data": [{"text": "Within Africa, the West African lion population is particularly endangered.", "userDefined": false}], "isTemplate": false, "count": 0, "lang": "en", "updated": 0}, {"id": "b0f6db13-8d96-4065-abb3-ba8adf237360", "data": [{"text": "Lions live for 10\u201314 years in the wild, while in captivity they can live longer than 20 years.", "userDefined": false}], "isTemplate": false, "count": 0, "lang": "en", "updated": 0}, {"id": "87651f77-dd36-4454-bb7f-eaf1e43f3e67", "data": [{"text": "In the wild, males seldom live longer than 10 years, as injuries sustained from continual fighting with rival males greatly reduce their longevity.", "userDefined": false}], "isTemplate": false, "count": 0, "lang": "en", "updated": 0}, {"id": "09546d11-e5af-4d8d-8989-338833938f08", "data": [{"text": "They typically inhabit savanna and grassland , although they may take to bush and forest .", "userDefined": false}], "isTemplate": false, "count": 0, "lang": "en", "updated": 0}, {"id": "30326028-01dc-44ff-b4c1-804ebd09e1c7", "data": [{"text": "Lions are unusually social compared to other cats.", "userDefined": false}], "isTemplate": false, "count": 0, "lang": "en", "updated": 0}, {"id": "7e568980-2d04-4626-8e52-9ef1edf8ae41", "data": [{"text": "A pride of lions consists of related females and offspring and a small number of adult males.", "userDefined": false}], "isTemplate": false, "count": 0, "lang": "en", "updated": 0}, {"id": "dbb38e27-fb5f-4925-b4e0-a572f6f5d080", "data": [{"text": "Groups of female lions typically hunt together, preying mostly on large ungulates .", "userDefined": false}], "isTemplate": false, "count": 0, "lang": "en", "updated": 0}, {"id": "c217d41c-abff-4bcf-9cf3-3c02845a81ad", "data": [{"text": "Lions are apex and keystone predators , although they scavenge as opportunity allows.", "userDefined": false}], "isTemplate": false, "count": 0, "lang": "en", "updated": 0}, {"id": "8b0c78f4-ec21-42e4-b5a4-07562f505e0b", "data": [{"text": "While lions do not typically hunt humans, some have been known to do so.", "userDefined": false}], "isTemplate": false, "count": 0, "lang": "en", "updated": 0}, {"id": "95f6541f-5d1f-45b4-aa63-de9aa44fd40a", "data": [{"text": "Sleeping mainly during the day, lions are primarily nocturnal , although bordering on crepuscular in nature.", "userDefined": false}], "isTemplate": false, "count": 0, "lang": "en", "updated": 0}]