[{"id": "e7c79d20-561b-4c2f-b3a5-ec807cafb3e5", "data": [{"text": "Reflective twisted nematic liquid crystal display.", "userDefined": false}], "isTemplate": false, "count": 0, "lang": "en", "updated": 0}, {"id": "434d1fa9-8043-45bc-9fea-3f25bb857ba9", "data": [{"text": "Polarizing filter film with a vertical axis to polarize light as it enters.", "userDefined": false}], "isTemplate": false, "count": 0, "lang": "en", "updated": 0}, {"id": "786fc842-7977-4948-b284-5735219da4eb", "data": [{"text": "Glass substrate with ITO electrodes .", "userDefined": false}], "isTemplate": false, "count": 0, "lang": "en", "updated": 0}, {"id": "f787c3bd-411e-4784-8db0-7a972d648898", "data": [{"text": "The shapes of these electrodes will determine the shapes that will appear when the LCD is turned ON.", "userDefined": false}], "isTemplate": false, "count": 0, "lang": "en", "updated": 0}, {"id": "0b925f8a-1957-4aab-9195-c86e6f621f29", "data": [{"text": "Vertical ridges etched on the surface are smooth.", "userDefined": false}], "isTemplate": false, "count": 0, "lang": "en", "updated": 0}, {"id": "83ad4313-a36f-480c-bcdb-5f366cad54dd", "data": [{"text": "Twisted nematic liquid crystal.", "userDefined": false}], "isTemplate": false, "count": 0, "lang": "en", "updated": 0}, {"id": "8d45bf42-0be8-4add-bfee-8234ff161fea", "data": [{"text": "Glass substrate with common electrode film (ITO) with horizontal ridges to line up with the horizontal filter.", "userDefined": false}], "isTemplate": false, "count": 0, "lang": "en", "updated": 0}, {"id": "3fdfd12d-88ed-4c4d-97b2-037187b2c9bf", "data": [{"text": "Polarizing filter film with a horizontal axis to block/pass light.", "userDefined": false}], "isTemplate": false, "count": 0, "lang": "en", "updated": 0}, {"id": "c2669c47-8993-4f8e-ab58-f5495b6b7344", "data": [{"text": "Reflective surface to send light back to viewer.", "userDefined": false}], "isTemplate": false, "count": 0, "lang": "en", "updated": 0}, {"id": "a2d3c3b8-0434-4bd0-a16e-69051c9c3e28", "data": [{"text": "(In a backlit LCD, this layer is replaced with a light source.)", "userDefined": false}], "isTemplate": false, "count": 0, "lang": "en", "updated": 0}, {"id": "5974395e-dd90-494a-b581-76750f7f20a4", "data": [{"text": "A liquid-crystal display (LCD) is a flat panel display , electronic visual display , or video display that uses the light modulating properties of liquid crystals .", "userDefined": false}], "isTemplate": false, "count": 0, "lang": "en", "updated": 0}, {"id": "dec3461f-7514-47a6-8fa7-a61628a8d78e", "data": [{"text": "Liquid crystals do not emit light directly.", "userDefined": false}], "isTemplate": false, "count": 0, "lang": "en", "updated": 0}, {"id": "b48966f8-ab5f-45d4-9f6a-243090c6a244", "data": [{"text": "LCDs are available to display arbitrary images (as in a general-purpose computer display) or fixed images which can be displayed or hidden, such as preset words, digits, and 7-segment displays as in a digital clock .", "userDefined": false}], "isTemplate": false, "count": 0, "lang": "en", "updated": 0}, {"id": "c830ae9f-660a-49b1-9612-4b7b7fe00330", "data": [{"text": "They use the same basic technology, except that arbitrary images are made up of a large number of small pixels , while other displays have larger elements.", "userDefined": false}], "isTemplate": false, "count": 0, "lang": "en", "updated": 0}, {"id": "0669e8f7-7c09-4c80-8812-0edb32a7a6f3", "data": [{"text": "LCDs are used in a wide range of applications including computer monitors , televisions , instrument panels , aircraft cockpit displays , and signage.", "userDefined": false}], "isTemplate": false, "count": 0, "lang": "en", "updated": 0}, {"id": "18166d47-0dcb-48fb-bc23-30fb079b3508", "data": [{"text": "They are common in consumer devices such as video players, gaming devices, clocks , watches , calculators , and telephones , and have replaced cathode ray tube (CRT) displays in most applications.", "userDefined": false}], "isTemplate": false, "count": 0, "lang": "en", "updated": 0}, {"id": "c958f614-d0fe-4865-85ac-8d7af0ee554a", "data": [{"text": "They are available in a wider range of screen sizes than CRT and plasma displays , and since they do not use phosphors, they do not suffer image burn-in .", "userDefined": false}], "isTemplate": false, "count": 0, "lang": "en", "updated": 0}, {"id": "ae24540a-62f8-4092-8b80-c56b4380f016", "data": [{"text": "LCDs are, however, susceptible to image persistence .", "userDefined": false}], "isTemplate": false, "count": 0, "lang": "en", "updated": 0}]