[{"id": "123ab540-a972-43fe-b38a-bb99404ca3de", "data": [{"text": "Daniel Radcliffe , who portrays Harry Potter , has been the icon of the film series since the release of the first film in 2001.", "userDefined": false}], "isTemplate": false, "count": 0, "lang": "en", "updated": 0}, {"id": "e6d32124-8c82-47e1-8e7e-53f7a288cb10", "data": [{"text": "Some of the most renowned actors of the United Kingdom and Ireland have voiced or portrayed characters appearing in the Harry Potter film series based on the book series by J. K. Rowling .", "userDefined": false}], "isTemplate": false, "count": 0, "lang": "en", "updated": 0}, {"id": "febb2b32-d554-4e40-9dd4-38ce80294493", "data": [{"text": "Daniel Radcliffe , Rupert Grint and Emma Watson have played Harry Potter , Ron Weasley and Hermione Granger in all the films.", "userDefined": false}], "isTemplate": false, "count": 0, "lang": "en", "updated": 0}, {"id": "8b87fd9d-d404-4645-8ba5-edd2dcdc0f76", "data": [{"text": "When they were cast only Radcliffe had previously acted in a film.", "userDefined": false}], "isTemplate": false, "count": 0, "lang": "en", "updated": 0}, {"id": "1ea65d1d-8e49-44c6-95a4-e0f94bda393a", "data": [{"text": "Complementing them on screen are such actors as Helena Bonham Carter , Jim Broadbent , John Cleese , Robbie Coltrane , Warwick Davis , Ralph Fiennes , Michael Gambon , Brendan Gleeson , Richard Griffiths , Richard Harris , John Hurt , Jason Isaacs , Miriam Margolyes , Helen McCrory , Gary Oldman , Alan Rickman , Fiona Shaw , Maggie Smith , Timothy Spall , Imelda Staunton , David Thewlis , Emma Thompson , and Julie Walters , among others.", "userDefined": false}], "isTemplate": false, "count": 0, "lang": "en", "updated": 0}, {"id": "eb513c15-db54-41ec-901f-8bf29245c3ce", "data": [{"text": "Thirteen actors have appeared as the same character in all eight films of the franchise.", "userDefined": false}], "isTemplate": false, "count": 0, "lang": "en", "updated": 0}, {"id": "35d577ba-a5a8-4279-9c13-bce19436b362", "data": [{"text": "Some well-known British actors who have not appeared in the series, are asked in jest why they have not been cast.", "userDefined": false}], "isTemplate": false, "count": 0, "lang": "en", "updated": 0}, {"id": "1a17ef72-6f68-4c41-b461-bb0cf4d642b0", "data": [{"text": "When David Yates was directing the fifth film, Bill Nighy , who had previously collaborated with Yates on three of his television projects, said that he joked with Yates that maybe now he wouldn't be the only actor in England who hadn't been in Harry Potter.", "userDefined": false}], "isTemplate": false, "count": 0, "lang": "en", "updated": 0}, {"id": "712fbfa8-60a0-4ae5-8319-9fd9f3850999", "data": [{"text": "\"But nobody called\", Nighy added.", "userDefined": false}], "isTemplate": false, "count": 0, "lang": "en", "updated": 0}, {"id": "11161724-98b7-4d56-88a8-f902251dec22", "data": [{"text": "But in 2009, Yates cast Nighy as Minister of Magic Rufus Scrimgeour in Deathly Hallows.", "userDefined": false}], "isTemplate": false, "count": 0, "lang": "en", "updated": 0}, {"id": "4f3954ab-78c2-478e-897d-ca5e62ff16c2", "data": [{"text": "Nighy said, \"I am no longer the only English actor not to be in Harry Potter and I am very pleased.\"", "userDefined": false}], "isTemplate": false, "count": 0, "lang": "en", "updated": 0}, {"id": "f19f725c-04ec-40cb-93a8-cc1224db1742", "data": [{"text": "Jude Law has quipped, \"Nobody's asked me.", "userDefined": false}], "isTemplate": false, "count": 0, "lang": "en", "updated": 0}, {"id": "afc884c0-11f7-4be7-a72c-a5019de98982", "data": [{"text": "I was a bit too old for Harry\".", "userDefined": false}], "isTemplate": false, "count": 0, "lang": "en", "updated": 0}, {"id": "2a9fb419-9852-4a33-93a6-0714af7e8f9e", "data": [{"text": "When a reporter compared potions professor Horace Slughorn 's obsession with famous names to the series' connection to \"every notable British actor,\" Jim Broadbent , who plays Slughorn said, \"Well, not every actor gets invited.", "userDefined": false}], "isTemplate": false, "count": 0, "lang": "en", "updated": 0}, {"id": "76562365-6024-475e-97c1-f601e694a4b7", "data": [{"text": "I know some who are still waiting.\"", "userDefined": false}], "isTemplate": false, "count": 0, "lang": "en", "updated": 0}, {"id": "ef2170de-835b-4c81-b7ee-66283a6f297f", "data": [{"text": "With the exception of Chris Columbus , each director has had a cameo appearance in his respective film: Alfonso Cuar\u00f3n appears as a wizard holding a candle during a scene at The Three Broomsticks in Prisoner of Azkaban; Mike Newell is heard briefly as the radio presenter in Frank Bryce 's house in Goblet of Fire; and David Yates features as a wizard within a magical moving portrait in Order of the Phoenix.", "userDefined": false}], "isTemplate": false, "count": 0, "lang": "en", "updated": 0}, {"id": "0522fd92-806e-40ef-a9c3-cfe60c8d900d", "data": [{"text": "Producer David Heyman also makes a cameo appearance as a wizard featured within a magical moving portrait in the third film, Prisoner of Azkaban.", "userDefined": false}], "isTemplate": false, "count": 0, "lang": "en", "updated": 0}, {"id": "bb58329d-6a2b-428b-a387-f1b0074c67e9", "data": [{"text": "J. K. Rowling gave a speech during the world premiere of the final film in the series\u2014 Harry Potter and the Deathly Hallows Part 2 \u2014on 7 July 2011 in London , England .", "userDefined": false}], "isTemplate": false, "count": 0, "lang": "en", "updated": 0}, {"id": "6865e1e5-d9ed-40e2-9a59-4bd8b5e9fd0f", "data": [{"text": "She announced that she could never have dreamt of the talented actors and actresses who have appeared in all the Harry Potter movies.", "userDefined": false}], "isTemplate": false, "count": 0, "lang": "en", "updated": 0}, {"id": "ebd6f831-1cd9-40f8-9faf-f99ccb1bee89", "data": [{"text": "Rowling also announced that there are seven Harry Potter film series cast members, who she refers to as \"The Big Seven\", they are Daniel Radcliffe , Rupert Grint , Emma Watson , Tom Felton , Matthew Lewis , Evanna Lynch and Bonnie Wright .", "userDefined": false}], "isTemplate": false, "count": 0, "lang": "en", "updated": 0}, {"id": "eac53c23-26be-45ac-954b-1796fe034caa", "data": [{"text": "The list below is sorted by film and character, as some characters have been portrayed by multiple actors.", "userDefined": false}], "isTemplate": false, "count": 0, "lang": "en", "updated": 0}]