[{"id": "246a4e59-e7dc-4930-8d81-2898f8aad559", "data": [{"text": "A prize-winning lilac-and-white Silkie", "userDefined": false}], "isTemplate": false, "count": 0, "lang": "en", "updated": 0}, {"id": "ea754fba-a839-4456-ac8b-8bfb6904cc22", "data": [{"text": "There are many breeds of Guinea pig which have been developed since its domestication ca. 5000 BC.", "userDefined": false}], "isTemplate": false, "count": 0, "lang": "en", "updated": 0}, {"id": "177f7df3-3173-4aeb-b8f6-e0a88b32cfb8", "data": [{"text": "Breeds vary widely in appearance and purpose, ranging from show breeds with long, flowing hair to those in use as model organisms by science.", "userDefined": false}], "isTemplate": false, "count": 0, "lang": "en", "updated": 0}, {"id": "d0e6c420-8e60-4b56-b919-b7551a778e0b", "data": [{"text": "From ca. 1200 AD to the Spanish conquest of the Inca Empire in 1532, selective breeding by indigenous South American peoples resulted in many varieties of domestic Guinea pigs, which form the basis for some of the modern domestic breeds.", "userDefined": false}], "isTemplate": false, "count": 0, "lang": "en", "updated": 0}, {"id": "94410235-087d-4491-a473-8ef376025b51", "data": [{"text": "Early Andean breeds were primarily kept as agricultural stock for food, and efforts at improving the Guinea pig as a food source continue to the modern era.", "userDefined": false}], "isTemplate": false, "count": 0, "lang": "en", "updated": 0}, {"id": "52c07376-6a4a-46dd-bceb-a230f0786b4a", "data": [{"text": "With the export of Guinea pigs to Europe in the 15th century, the goal in breeding shifted to focus on the development of appealing pets.", "userDefined": false}], "isTemplate": false, "count": 0, "lang": "en", "updated": 0}, {"id": "a49d2dd3-9960-4368-b468-82378f4e89f9", "data": [{"text": "To this end, various competitive breeding organizations were founded by fanciers.", "userDefined": false}], "isTemplate": false, "count": 0, "lang": "en", "updated": 0}, {"id": "b0c12dea-26ab-4255-b502-5ddae7b21d5a", "data": [{"text": "The American Cavy Breeders Association , an adjunct to the American Rabbit Breeders Association , is the governing body in the United States and Canada.", "userDefined": false}], "isTemplate": false, "count": 0, "lang": "en", "updated": 0}, {"id": "48b4ed42-3aa4-46e2-afb7-9542fa5c4967", "data": [{"text": "The British Cavy Council governs cavy clubs in the United Kingdom.", "userDefined": false}], "isTemplate": false, "count": 0, "lang": "en", "updated": 0}, {"id": "8f477812-2f90-43ef-9ffd-4eb5f26a00f1", "data": [{"text": "Similar organizations exist in Australia (Australian National Cavy Council) and New Zealand (New Zealand Cavy Club).", "userDefined": false}], "isTemplate": false, "count": 0, "lang": "en", "updated": 0}, {"id": "d198ea2d-0d39-400c-8c09-432d828666af", "data": [{"text": "Each club publishes its own Standard of Perfection and determines which breeds are eligible for showing.", "userDefined": false}], "isTemplate": false, "count": 0, "lang": "en", "updated": 0}, {"id": "be36cef3-300b-4b67-aad4-9bc45e16975d", "data": [{"text": "New breeds continue to emerge in the 21st century.", "userDefined": false}], "isTemplate": false, "count": 0, "lang": "en", "updated": 0}, {"id": "c30f3781-f5fc-4d81-b896-f972df3b118b", "data": [{"text": "Though there are many breeds of Guinea pig, only a few breeds are commonly found on the show table as pets.", "userDefined": false}], "isTemplate": false, "count": 0, "lang": "en", "updated": 0}, {"id": "9bb57a43-e3a8-4991-95e4-ce0ff95345b8", "data": [{"text": "Most Guinea pigs found as pets were either found undesirable by breeders or were bred to be pleasant pets regardless of how well they meet the breed standard of perfection.", "userDefined": false}], "isTemplate": false, "count": 0, "lang": "en", "updated": 0}, {"id": "5fefd80a-1588-4e4f-86ba-ac8fdac74fe8", "data": [{"text": "The short hair, Abyssinian, Peruvian and Sheltie (aka Silkie) breeds are those most frequently seen as pets, and the former three are the core breeds in the history of the competitive showing of Guinea pigs.", "userDefined": false}], "isTemplate": false, "count": 0, "lang": "en", "updated": 0}, {"id": "cef61e0e-0f4d-46fb-aad1-a78a8cedbc1b", "data": [{"text": "In addition to their standard form, nearly all breeds come in a Satin variant.", "userDefined": false}], "isTemplate": false, "count": 0, "lang": "en", "updated": 0}, {"id": "af4fa95f-3251-40f9-be0a-ef98343524e9", "data": [{"text": "Satins, due to their hollow hair shafts, possess coats of a special gloss and shine.", "userDefined": false}], "isTemplate": false, "count": 0, "lang": "en", "updated": 0}, {"id": "a62ff8e3-4201-4040-86bf-32345ae7ecf9", "data": [{"text": "However, there is growing evidence that the genes responsible for the Satin coat also can cause severe bone problems, including Osteodystrophy and Paget's disease .", "userDefined": false}], "isTemplate": false, "count": 0, "lang": "en", "updated": 0}, {"id": "eb8fda9c-9415-44d1-bbb2-cf35de054bf7", "data": [{"text": "Showing Satin variations is prohibited by some cavy breeders' associations because of animal welfare reasons.", "userDefined": false}], "isTemplate": false, "count": 0, "lang": "en", "updated": 0}]