[{"id": "c5cc69b6-1925-44e9-beb2-1b83c997f056", "data": [{"text": "Bill Russell won 11 championships with the Boston Celtics .", "userDefined": false}], "isTemplate": false, "count": 0, "lang": "en", "updated": 0}, {"id": "2aacc531-1839-4304-8849-5f6abf5bc97f", "data": [{"text": "This is a list of NBA players with most championships won as a player.", "userDefined": false}], "isTemplate": false, "count": 0, "lang": "en", "updated": 0}, {"id": "9e31afd2-3b1c-48d3-816a-d247f67e646c", "data": [{"text": "The National Basketball Association (NBA) is a major professional basketball league in North America.", "userDefined": false}], "isTemplate": false, "count": 0, "lang": "en", "updated": 0}, {"id": "a90cafd4-4dfd-44bd-be90-1013c7700fe6", "data": [{"text": "It was founded in 1946 as the Basketball Association of America (BAA).", "userDefined": false}], "isTemplate": false, "count": 0, "lang": "en", "updated": 0}, {"id": "dd9e492c-9c63-4dde-88a1-f6916686c2bd", "data": [{"text": "The league adopted its current name at the start of the when it merged with the National Basketball League (NBL).", "userDefined": false}], "isTemplate": false, "count": 0, "lang": "en", "updated": 0}, {"id": "03ca7103-77e3-49a1-9562-e12c54ae51e3", "data": [{"text": "The NBA Finals is the championship series for the NBA and the conclusion of the sport's postseason .", "userDefined": false}], "isTemplate": false, "count": 0, "lang": "en", "updated": 0}, {"id": "5ca73ab9-e7cf-482e-8e79-d741a6bea76e", "data": [{"text": "The winning team of the series receives the Larry O'Brien Championship Trophy .", "userDefined": false}], "isTemplate": false, "count": 0, "lang": "en", "updated": 0}, {"id": "da8fa58d-b8d7-43ba-8e74-48c58661304b", "data": [{"text": "Players from the winning team usually receive championship rings from the team honoring their contribution.", "userDefined": false}], "isTemplate": false, "count": 0, "lang": "en", "updated": 0}, {"id": "c1ccb6df-9e64-4f6d-90b5-2dc658709686", "data": [{"text": "However, in some rare occasion, the teams opted to gave other commemorative items, such as wrist watches, instead of rings.", "userDefined": false}], "isTemplate": false, "count": 0, "lang": "en", "updated": 0}, {"id": "f5b280a8-3e0f-4824-80ed-ff3f0ff6c844", "data": [{"text": "The number of championships won by NBA superstars is often used as a measurement of their greatness.", "userDefined": false}], "isTemplate": false, "count": 0, "lang": "en", "updated": 0}, {"id": "772c7b7e-c0dc-4065-b059-5b4b8dde620e", "data": [{"text": "Boston Celtics center Bill Russell holds the record for the most NBA championships won with 11 titles during his 13-year playing career.", "userDefined": false}], "isTemplate": false, "count": 0, "lang": "en", "updated": 0}, {"id": "9893a175-96de-4487-ad3f-bec27c4fc12d", "data": [{"text": "He won his first championship with the Boston Celtics in his rookie year .", "userDefined": false}], "isTemplate": false, "count": 0, "lang": "en", "updated": 0}, {"id": "74ba162c-cc36-4588-bfa1-676d77bfaa94", "data": [{"text": "Afterwards, he went on to win 10 championships in the next 12 years, including eight consecutive championships from 1959 to 1966 .", "userDefined": false}], "isTemplate": false, "count": 0, "lang": "en", "updated": 0}, {"id": "fd863304-22d0-40af-b7ac-d0a55ab23d5d", "data": [{"text": "He won the last two championships in 1968 and 1969 as player-coach .", "userDefined": false}], "isTemplate": false, "count": 0, "lang": "en", "updated": 0}, {"id": "16f6da1e-ed7a-4169-84b5-00d9cff7f5e7", "data": [{"text": "Russell's teammate, Sam Jones , won 10 championships from 1959 to 1969, the second most in NBA history.", "userDefined": false}], "isTemplate": false, "count": 0, "lang": "en", "updated": 0}, {"id": "be4af6e9-9190-4fc4-92b5-318f28b48466", "data": [{"text": "Four Celtics players, Tom Heinsohn , K. C. Jones , Satch Sanders and John Havlicek , won eight championships each.", "userDefined": false}], "isTemplate": false, "count": 0, "lang": "en", "updated": 0}, {"id": "b1948ffb-69a5-4360-8532-4cec15c0fd49", "data": [{"text": "Two other Celtics, Jim Loscutoff and Frank Ramsey , won seven championships each.", "userDefined": false}], "isTemplate": false, "count": 0, "lang": "en", "updated": 0}, {"id": "78b64907-d6b6-44f1-aaa6-a008ed6c8ca9", "data": [{"text": "Four players, Bob Cousy , Kareem Abdul-Jabbar , Michael Jordan and Scottie Pippen , won six championships each.", "userDefined": false}], "isTemplate": false, "count": 0, "lang": "en", "updated": 0}]