[{"id": "41936348-3c66-46b9-b941-90dc1b2964e9", "data": [{"text": "LR44 is the IEC designation for an alkaline 1.5 volt button cell , commonly used in small LED flashlights , digital thermometers , calculators , calipers , watches , clocks , toys and laser pointers .", "userDefined": false}], "isTemplate": false, "count": 0, "lang": "en", "updated": 0}, {"id": "a4807942-669c-452a-be80-6365ce6c8c55", "data": [{"text": "LR44 alkaline cell", "userDefined": false}], "isTemplate": false, "count": 0, "lang": "en", "updated": 0}, {"id": "537ba053-927f-49ac-88e6-23a6744ae933", "data": [{"text": "The battery nomenclature is defined by the International Electrotechnical Commission (IEC) in its 60086-3 standard (Primary batteries, part 3 Watch batteries).", "userDefined": false}], "isTemplate": false, "count": 0, "lang": "en", "updated": 0}, {"id": "ca341f9e-6035-4291-80d6-a2e9a5bc9431", "data": [{"text": "The letter L indicates the electrochemical system used; a zinc negative electrode, manganese dioxide depolarizer and positive electrode, and an alkaline electrolyte.", "userDefined": false}], "isTemplate": false, "count": 0, "lang": "en", "updated": 0}, {"id": "a3f7389d-f967-4b8a-8a4e-35a94e374e69", "data": [{"text": "R44 indicates a round cell 11.4\u00b10.2 mm diameter and 5.2\u00b10.2 mm height as defined by the IEC standard 60086.", "userDefined": false}], "isTemplate": false, "count": 0, "lang": "en", "updated": 0}, {"id": "630b0b61-61c8-4115-bf60-ee074c0dc504", "data": [{"text": "Manufacturers have their own part numbers for IEC type LR44 batteries including:", "userDefined": false}], "isTemplate": false, "count": 0, "lang": "en", "updated": 0}, {"id": "473a2ded-8054-4535-8bd9-3cf9c1c82dbc", "data": [{"text": "LR44, LR44G, LR44GD, LR44H", "userDefined": false}], "isTemplate": false, "count": 0, "lang": "en", "updated": 0}, {"id": "72d1475e-216b-4429-a362-419a266a7cba", "data": [{"text": "LR1154, L1154, L1154C, L1154F, L1154G, L1154H", "userDefined": false}], "isTemplate": false, "count": 0, "lang": "en", "updated": 0}, {"id": "87f6d6c6-ffa4-4f13-93fe-9b6e8b5cae9a", "data": [{"text": "6135-99-792-8475 (NSN)", "userDefined": false}], "isTemplate": false, "count": 0, "lang": "en", "updated": 0}, {"id": "77253a36-4923-4d1f-a5ee-6b007cfc1887", "data": [{"text": "1166A", "userDefined": false}], "isTemplate": false, "count": 0, "lang": "en", "updated": 0}, {"id": "d0d27578-81c2-4c8b-bb70-a3798623651b", "data": [{"text": "AG13, A613, AG14, AG-14, G13A, G13-A", "userDefined": false}], "isTemplate": false, "count": 0, "lang": "en", "updated": 0}, {"id": "8669385c-d26f-4def-8185-efcd58a1cb7a", "data": [{"text": "157, 303, 357", "userDefined": false}], "isTemplate": false, "count": 0, "lang": "en", "updated": 0}, {"id": "ab047d2f-5a95-4d35-b54e-0eaf2ee3609f", "data": [{"text": "A76, GDA76, GP76A, GPA7, GPA75, GPA76, GPS76A,", "userDefined": false}], "isTemplate": false, "count": 0, "lang": "en", "updated": 0}, {"id": "92e81a40-26cc-425d-921a-8a7dbf335a73", "data": [{"text": "1128MP, 208-904, A-76, CA18, CA19, CR44, D76A, KA, KA76, MS76H, PX76A, PX675A, RPX675, RW82, SB-F9, V13GA", "userDefined": false}], "isTemplate": false, "count": 0, "lang": "en", "updated": 0}, {"id": "b2e50ad0-409e-4dde-ab5b-92c301055af6", "data": [{"text": "4.5-volt, D, C, AA, AAA, AAAA, A23, 9-volt, CR2032 and LR44 batteries", "userDefined": false}], "isTemplate": false, "count": 0, "lang": "en", "updated": 0}, {"id": "ee2edb7d-c39b-44b5-aaac-667be9401593", "data": [{"text": "Other types of batteries are or were made in the R44 size.", "userDefined": false}], "isTemplate": false, "count": 0, "lang": "en", "updated": 0}, {"id": "05d182b6-813f-4afb-9030-a05c1ecbc0b3", "data": [{"text": "Formerly, mercury batteries were made as button cells (types MR44 and NR44).", "userDefined": false}], "isTemplate": false, "count": 0, "lang": "en", "updated": 0}, {"id": "74327f6b-7387-4687-b782-2a18fcec6de4", "data": [{"text": "Zinc-air batteries type PR44 require air to work.", "userDefined": false}], "isTemplate": false, "count": 0, "lang": "en", "updated": 0}, {"id": "716355c3-b52d-4572-bc05-af0c0b0d1a75", "data": [{"text": "Silver-oxide batteries type SR44 may provide extra capacity compared to LR44 types but have slightly different voltage characteristics.", "userDefined": false}], "isTemplate": false, "count": 0, "lang": "en", "updated": 0}, {"id": "fd40969d-b3a3-4575-98a9-261a87ca2ec7", "data": [{"text": "Performance of a device meant to use a silver-oxide battery may be degraded with substitution of LR44 types.", "userDefined": false}], "isTemplate": false, "count": 0, "lang": "en", "updated": 0}, {"id": "ff555b06-5be4-42f9-8377-176d70cd64ab", "data": [{"text": "Manufacturer's numbers for silver oxide R44 size cells include:", "userDefined": false}], "isTemplate": false, "count": 0, "lang": "en", "updated": 0}, {"id": "b65aec3d-bd46-4030-8979-5d88dd709f92", "data": [{"text": "SR44/SR44W/SR44SW", "userDefined": false}], "isTemplate": false, "count": 0, "lang": "en", "updated": 0}, {"id": "cd5a0441-3361-4da4-a45a-41913d6695a8", "data": [{"text": "6135-99-651-3240 (NSN)", "userDefined": false}], "isTemplate": false, "count": 0, "lang": "en", "updated": 0}, {"id": "43723981-2281-4639-8a4c-014f96cea088", "data": [{"text": "SR1154", "userDefined": false}], "isTemplate": false, "count": 0, "lang": "en", "updated": 0}]