[{"id": "0476e9af-6291-4da4-9b98-3f0bb85b66cf", "data": [{"text": "Mohandas Karamchand Gandhi (; 2 October 1869 \u2013 30 January 1948), commonly known as Mahatma Gandhi, was the preeminent leader of Indian nationalism in British-ruled India .", "userDefined": false}], "isTemplate": false, "count": 0, "lang": "en", "updated": 0}, {"id": "301d7f92-69ff-412d-8d3f-32fcae38a284", "data": [{"text": "Employing non-violent civil disobedience , Gandhi led India to independence and inspired movements for non-violence, civil rights and freedom across the world.", "userDefined": false}], "isTemplate": false, "count": 0, "lang": "en", "updated": 0}, {"id": "f886bce2-4ee0-4212-a464-d45fbe91dc9a", "data": [{"text": "The son of a senior government official, Gandhi was born and raised in a Hindu Bania community in coastal Gujarat , and trained in law in London.", "userDefined": false}], "isTemplate": false, "count": 0, "lang": "en", "updated": 0}, {"id": "a1a975ae-5a73-4816-87f1-6805fc0f6057", "data": [{"text": "Gandhi became famous by fighting for the civil rights of Muslim and Hindu Indians in South Africa, using new techniques of non-violent civil disobedience that he developed.", "userDefined": false}], "isTemplate": false, "count": 0, "lang": "en", "updated": 0}, {"id": "3a7c5a0f-5bcc-4ec3-8f17-218d151901de", "data": [{"text": "Returning to India in 1915, he set about organising peasants to protest excessive land-taxes.", "userDefined": false}], "isTemplate": false, "count": 0, "lang": "en", "updated": 0}, {"id": "4b89362c-d04a-40b3-a0a0-ae998d0bbf2f", "data": [{"text": "A lifelong opponent of \" communalism \" (i.e. basing politics on religion) he reached out widely to all religious groups.", "userDefined": false}], "isTemplate": false, "count": 0, "lang": "en", "updated": 0}, {"id": "d43baab8-dc11-4c44-9f9f-b3c2aa369759", "data": [{"text": "He became a leader of Muslims protesting the declining status of the Caliphate .", "userDefined": false}], "isTemplate": false, "count": 0, "lang": "en", "updated": 0}, {"id": "6578982a-1143-4f82-b237-93978e6a9e77", "data": [{"text": "Assuming leadership of the Indian National Congress in 1921, Gandhi led nationwide campaigns for easing poverty, expanding women's rights, building religious and ethnic amity, ending untouchability , increasing economic self-reliance, and above all for achieving Swaraj \u2014the independence of India from British domination.", "userDefined": false}], "isTemplate": false, "count": 0, "lang": "en", "updated": 0}, {"id": "0d84ae45-94f5-40bf-a1b7-63d2fdf63f20", "data": [{"text": "Gandhi led Indians in protesting the national salt tax with the Dandi Salt March in 1930, and later in demanding the British to immediately Quit India in 1942, during World War II .", "userDefined": false}], "isTemplate": false, "count": 0, "lang": "en", "updated": 0}, {"id": "31548318-39d1-4519-9691-85962e1b0aed", "data": [{"text": "He was imprisoned for that and for numerous other political offenses over the years.", "userDefined": false}], "isTemplate": false, "count": 0, "lang": "en", "updated": 0}, {"id": "5149d6a4-95fa-4a10-a100-b1725abd2a37", "data": [{"text": "Gandhi sought to practice non-violence and truth in all situations, and advocated that others do the same.", "userDefined": false}], "isTemplate": false, "count": 0, "lang": "en", "updated": 0}, {"id": "613cf103-d2f4-4047-ab55-64179b6a59e2", "data": [{"text": "He saw the villages as the core of the true India and promoted self-sufficiency; he did not support the industrialization programs of his disciple Jawaharlal Nehru .", "userDefined": false}], "isTemplate": false, "count": 0, "lang": "en", "updated": 0}, {"id": "e6f1975e-95e8-481c-8429-a3ddc77c9b69", "data": [{"text": "He lived modestly in a self-sufficient residential community and wore the traditional Indian dhoti and shawl, woven with yarn he had hand spun on a charkha .", "userDefined": false}], "isTemplate": false, "count": 0, "lang": "en", "updated": 0}, {"id": "c70da9bb-26ae-4d84-9768-2741262affc1", "data": [{"text": "His chief political enemy in Britain was Winston Churchill , who ridiculed him as a \"half-naked fakir .\"", "userDefined": false}], "isTemplate": false, "count": 0, "lang": "en", "updated": 0}, {"id": "999faf5c-df10-4f0f-9452-93405c745982", "data": [{"text": "He was a dedicated vegetarian, and undertook long fasts as means of both self-purification and political mobilization.", "userDefined": false}], "isTemplate": false, "count": 0, "lang": "en", "updated": 0}, {"id": "dd372afe-e026-4f45-94be-702c842eb4ac", "data": [{"text": "In his last year, unhappy at the partition of India , Gandhi worked to stop the carnage between Muslims, Hindus and Sikhs that raged in the border area between India and Pakistan.", "userDefined": false}], "isTemplate": false, "count": 0, "lang": "en", "updated": 0}, {"id": "ef1390df-a406-4403-a6c6-ea54ab4f835c", "data": [{"text": "He was assassinated on 30 January 1948 by Nathuram Godse who thought Gandhi was too sympathetic to India's Muslims.", "userDefined": false}], "isTemplate": false, "count": 0, "lang": "en", "updated": 0}, {"id": "d8fa14fb-69a7-4b5d-ae3b-8487e2ae63cb", "data": [{"text": "30 January is observed as Martyrs' Day in India.", "userDefined": false}], "isTemplate": false, "count": 0, "lang": "en", "updated": 0}]