[{"id": "37c965ce-0243-4b1f-938e-3f8e2e86ff51", "data": [{"text": "The mandibular first molar or six-year molar is the tooth located distally (away from the midline of the face ) from both the mandibular second premolars of the mouth but mesial (toward the midline of the face) from both mandibular second molars .", "userDefined": false}], "isTemplate": false, "count": 0, "lang": "en", "updated": 0}, {"id": "b3d682d2-a564-4a96-8e32-2097d670b07e", "data": [{"text": "It is located on the mandibular (lower) arch of the mouth, and generally opposes the maxillary (upper) first molars and the maxillary 2nd premolar in normal class I occlusion.", "userDefined": false}], "isTemplate": false, "count": 0, "lang": "en", "updated": 0}, {"id": "41c9f38e-2b85-446e-ae87-91443754143d", "data": [{"text": "The function of this molar is similar to that of all molars in regard to grinding being the principal action during mastication , commonly known as chewing.", "userDefined": false}], "isTemplate": false, "count": 0, "lang": "en", "updated": 0}, {"id": "762475b9-15d0-46f5-9647-cc7eb4e1d6a9", "data": [{"text": "There are usually five well-developed cusps on mandibular first molars: two on the buccal (side nearest the cheek), two lingual (side nearest the tongue ), and one distal.", "userDefined": false}], "isTemplate": false, "count": 0, "lang": "en", "updated": 0}, {"id": "1ace0fd5-adde-4dc8-af72-a1688926322a", "data": [{"text": "There are great differences between the deciduous (baby) mandibular molars and those of the permanent mandibular molars, even though their function are similar.", "userDefined": false}], "isTemplate": false, "count": 0, "lang": "en", "updated": 0}, {"id": "60a08b0d-1b91-4f37-946b-3caa2a534268", "data": [{"text": "The permanent mandibular molars are not considered to have any teeth that precede it.", "userDefined": false}], "isTemplate": false, "count": 0, "lang": "en", "updated": 0}, {"id": "571f0fb2-a4fa-4148-876c-ad7267ea86d8", "data": [{"text": "Despite being named molars, the deciduous molars are followed by permanent premolars.", "userDefined": false}], "isTemplate": false, "count": 0, "lang": "en", "updated": 0}, {"id": "297b56f0-1908-4133-8b9f-44e07246aae9", "data": [{"text": "In the universal system of notation , the deciduous mandibular first molars are designated by a letter written in uppercase.", "userDefined": false}], "isTemplate": false, "count": 0, "lang": "en", "updated": 0}, {"id": "0bbeede9-8985-48f1-931d-00844d341972", "data": [{"text": "The right deciduous mandibular first molar is known as \"S\", and the left one is known as \"L\".", "userDefined": false}], "isTemplate": false, "count": 0, "lang": "en", "updated": 0}, {"id": "9fd223c1-d43a-4170-ad49-057112368e85", "data": [{"text": "The international notation has a different system of notation.", "userDefined": false}], "isTemplate": false, "count": 0, "lang": "en", "updated": 0}, {"id": "87287875-7fe1-4344-986e-829d60f361e8", "data": [{"text": "Thus, the right deciduous mandibular first molar is known as \"84\", and the left one is known as \"74\".", "userDefined": false}], "isTemplate": false, "count": 0, "lang": "en", "updated": 0}, {"id": "9feaaadf-45ea-4fed-8cef-3a5ee91cc199", "data": [{"text": "In the universal system of notation, the permanent mandibular first molars are designated by a number.", "userDefined": false}], "isTemplate": false, "count": 0, "lang": "en", "updated": 0}, {"id": "8b6d5f86-2750-4a98-b199-ef6831b249e5", "data": [{"text": "The right permanent mandibular first molar is known as \"30\", and the left one is known as \"19\".", "userDefined": false}], "isTemplate": false, "count": 0, "lang": "en", "updated": 0}, {"id": "9d027b77-66c6-47f9-b980-7aa515c78a7d", "data": [{"text": "The Palmer notation uses a number in conjunction with a symbol designating in which quadrant the tooth is found.", "userDefined": false}], "isTemplate": false, "count": 0, "lang": "en", "updated": 0}, {"id": "6e8da97e-1a57-48e6-80b2-2b3f361e3e6d", "data": [{"text": "For this tooth, the left and right first molars would have the same number, \"6\", but the right one would have the symbol, \"\u2510\", over it, while the left one would have, \"\u250c\".", "userDefined": false}], "isTemplate": false, "count": 0, "lang": "en", "updated": 0}, {"id": "2e991b49-bb21-4a18-8391-e5607662e19c", "data": [{"text": "The international notation has a different numbering system than the previous two, and the right permanent mandibular first molar is known as \"46\", and the left one is known as \"36\".", "userDefined": false}], "isTemplate": false, "count": 0, "lang": "en", "updated": 0}, {"id": "773be8f8-3adf-4bbb-aec3-63c68c997c30", "data": [{"text": "Mandibular primary first molars usually have four pulp horns.", "userDefined": false}], "isTemplate": false, "count": 0, "lang": "en", "updated": 0}, {"id": "66b0237c-407d-438a-985f-7d15941e328a", "data": [{"text": "The first molar is usually the first permanent tooth to erupt and has adult undertones.", "userDefined": false}], "isTemplate": false, "count": 0, "lang": "en", "updated": 0}, {"id": "3de8933d-1019-467d-8670-2066eaa4e9fc", "data": [{"text": "Anatomy: The mandibular first molar has five cusps: the mesiobuccal (MB, toward midline and cheek), mesiolingual (ML, toward midline and tongue), distolingual (DL, away from midline and towards tongue), distobuccal (DB, away from midline and toward cheek), and distal (D, away from midline), listed in order of decreasing size.", "userDefined": false}], "isTemplate": false, "count": 0, "lang": "en", "updated": 0}, {"id": "5f26f7df-fa6b-449a-b36d-105c850b218f", "data": [{"text": "Listed in order of decreasing height they are: ML, DL, DF, MF, and D. An eighth cusp was found in a primary second lower molar in an Argentinean child.", "userDefined": false}], "isTemplate": false, "count": 0, "lang": "en", "updated": 0}, {"id": "7d9f3643-f1d3-4a84-a92b-f347887b03ff", "data": [{"text": "Viewed from the top of the tooth (occlusal view), the mandibular first molar is pentagonal (five sided) in shape and tapers toward the lingual, with the sides being the buccal surface, the mesial surface, the lingual surface, distal surface, and the distobuccal surface.", "userDefined": false}], "isTemplate": false, "count": 0, "lang": "en", "updated": 0}, {"id": "a3fa1f18-4d2f-4173-9baf-7d48b3dc8d83", "data": [{"text": "The occlusal surface has four grooves.", "userDefined": false}], "isTemplate": false, "count": 0, "lang": "en", "updated": 0}, {"id": "8e9eaf7a-b25e-4014-9034-2e9b6fd5654e", "data": [{"text": "The central groove is not straight but runs down the center of the tooth mesially to distally and contains four pits (mesial, central, central, and distal).", "userDefined": false}], "isTemplate": false, "count": 0, "lang": "en", "updated": 0}, {"id": "700b3b3d-ee58-4980-93cb-5c6b2ef4510d", "data": [{"text": "The distobuccal groove runs from the distal pit in the central groove distobuccally separating the distal and distobuccal cusps.", "userDefined": false}], "isTemplate": false, "count": 0, "lang": "en", "updated": 0}]