[{"id": "812d1a82-8d35-4319-a821-2b2f9a0541a1", "data": [{"text": "Events involving meiosis, showing chromosomal crossover", "userDefined": false}], "isTemplate": false, "count": 0, "lang": "en", "updated": 0}, {"id": "e32b38d0-8a17-412e-8c9d-973ecf31c569", "data": [{"text": "Meiosis () is a special type of cell division necessary for sexual reproduction in eukaryotes .", "userDefined": false}], "isTemplate": false, "count": 0, "lang": "en", "updated": 0}, {"id": "d1b6a80f-e81b-4e4e-a722-6bc798d4bf73", "data": [{"text": "The cells produced by meiosis are gametes or spores .", "userDefined": false}], "isTemplate": false, "count": 0, "lang": "en", "updated": 0}, {"id": "7917da6b-3f97-474f-90bf-7b64ecf607d3", "data": [{"text": "In many organisms, including all animals and land plants (but not some other groups such as fungi ), gametes are called sperm and egg cells .", "userDefined": false}], "isTemplate": false, "count": 0, "lang": "en", "updated": 0}, {"id": "317c1d4c-3c99-45a3-911c-1bda7e79a9dd", "data": [{"text": "Whilst the process of meiosis bears a number of similarities with the 'life-cycle' cell division process of mitosis , it differs in two important respects:", "userDefined": false}], "isTemplate": false, "count": 0, "lang": "en", "updated": 0}, {"id": "0055a2e3-5ae6-433b-a7ff-2f10c34538fe", "data": [{"text": "the chromosomes in meiosis undergo a recombination which shuffles the genes producing a different genetic combination in each gamete, compared with the co-existence of each of the two separate pairs of each chromosome (one received from each parent) in each cell which results from mitosis.", "userDefined": false}], "isTemplate": false, "count": 0, "lang": "en", "updated": 0}, {"id": "d285236d-3ee9-4b37-9150-400630b553ca", "data": [{"text": "the outcome of meiosis is potentially four (genetically unique) haploid cells, compared with the two (genetically identical) diploid cells produced from mitosis.", "userDefined": false}], "isTemplate": false, "count": 0, "lang": "en", "updated": 0}, {"id": "b2b0c574-8c9b-4fde-8b96-e267c6c6aa51", "data": [{"text": "Meiosis begins with one diploid cell containing two copies of each chromosome \u2014one from the organism's mother and one from its father.", "userDefined": false}], "isTemplate": false, "count": 0, "lang": "en", "updated": 0}, {"id": "f3de7e1b-a7ff-4138-b878-171309b368e4", "data": [{"text": "The cell divides twice, potentially producing up to four haploid cells containing one copy of each chromosome.", "userDefined": false}], "isTemplate": false, "count": 0, "lang": "en", "updated": 0}, {"id": "fe67e0c0-ea46-4fd7-9308-62e13d3a6b16", "data": [{"text": "(\"Potentially\" because in some cases, such as the formation of oocytes in mammals, only one of the possible four haploid cells survives.)", "userDefined": false}], "isTemplate": false, "count": 0, "lang": "en", "updated": 0}, {"id": "4e82c559-f329-4a2b-ba3c-15b5c8ca89eb", "data": [{"text": "In animals the haploid cell resulting from meiosis is a male or female gamete .", "userDefined": false}], "isTemplate": false, "count": 0, "lang": "en", "updated": 0}, {"id": "cc6cb18f-a1f3-46a4-8ae9-fdfc74bfe680", "data": [{"text": "Each of the resulting chromosomes in the gamete cells is a unique mixture of maternal and paternal DNA, resulting in offspring that are genetically distinct from either parent.", "userDefined": false}], "isTemplate": false, "count": 0, "lang": "en", "updated": 0}, {"id": "c80cff7c-9d90-405a-a2c6-0b10d99519d2", "data": [{"text": "This gives rise to genetic diversity in sexually reproducing populations.", "userDefined": false}], "isTemplate": false, "count": 0, "lang": "en", "updated": 0}, {"id": "68bc58e1-e6d5-4daa-9388-ee824cdb6211", "data": [{"text": "This genetic diversity can provide the variation of physical and behavioural attributes ( phenotypes ) upon which natural selection can act, but, as described below in Section 6, Origin and function of meiosis, the genetic diversity may be largely a by-product of the homologous recombination that is primarily employed for its DNA repair function during meiosis.", "userDefined": false}], "isTemplate": false, "count": 0, "lang": "en", "updated": 0}, {"id": "c7226890-6c36-4c32-864b-1c806a2c876c", "data": [{"text": "It is also noteworthy that during meiosis, specific genes are more highly transcribed, and these are called the meiome, the term used in functional genomics for the meiotic transcriptome .", "userDefined": false}], "isTemplate": false, "count": 0, "lang": "en", "updated": 0}, {"id": "61ea22d0-a767-4f1d-aadc-d02f13ae7735", "data": [{"text": "Meiosis is a key feature for all sexually reproducing eukaryotes in which homologous chromosome pairing, synapse and recombination occur.", "userDefined": false}], "isTemplate": false, "count": 0, "lang": "en", "updated": 0}, {"id": "a5fe0cf5-62a2-4e8d-a5c4-aaa685baba9e", "data": [{"text": "In addition to strong meiotic stage-specific expression of mRNA (the meiome), however, there are also pervasive translational controls (e.g. selective usage of preformed mRNA), regulating the ultimate meiotic stage-specific protein expression of genes during meiosis.", "userDefined": false}], "isTemplate": false, "count": 0, "lang": "en", "updated": 0}, {"id": "422b3ac0-9a46-450a-a99b-269cc5793afc", "data": [{"text": "Thus, both the meiome and translational controls determine the broad restructuring of meiotic cells needed to carry out meiosis.", "userDefined": false}], "isTemplate": false, "count": 0, "lang": "en", "updated": 0}, {"id": "430ddd7f-68ad-4680-8850-46be07b9869d", "data": [{"text": "Prior to the meiosis process the cell's chromosomes are duplicated by a round of DNA replication , creating from the maternal and paternal versions of each chromosome ( homologs ) two exact copies, sister chromatids , attached at the centromere region.", "userDefined": false}], "isTemplate": false, "count": 0, "lang": "en", "updated": 0}, {"id": "b8ce1143-176e-4916-8bc9-7eeb7febf971", "data": [{"text": "In the beginning of meiosis the maternal and paternal homologs pair to each other.", "userDefined": false}], "isTemplate": false, "count": 0, "lang": "en", "updated": 0}, {"id": "33b0e347-82ba-49b9-9ec3-8a1ae5ebc676", "data": [{"text": "Then they typically exchange parts by homologous recombination leading to crossovers of DNA between the maternal and paternal versions of the chromosome.", "userDefined": false}], "isTemplate": false, "count": 0, "lang": "en", "updated": 0}, {"id": "05b70225-389f-46f7-aa64-1e7428081b08", "data": [{"text": "Spindle fibers bind to the centromeres of each pair of homologs and arrange the pairs at the spindle equator.", "userDefined": false}], "isTemplate": false, "count": 0, "lang": "en", "updated": 0}, {"id": "3639683e-6f38-4c1a-b9a2-0f0ca153805c", "data": [{"text": "Then the fibers pull the recombined homologs to opposite poles of the cell.", "userDefined": false}], "isTemplate": false, "count": 0, "lang": "en", "updated": 0}, {"id": "1a45222e-836e-4a44-a82b-74baeac1ee50", "data": [{"text": "As the chromosomes move away from the center the cell divides into two daughter cells, each containing a haploid number of chromosomes composed of two chromatids.", "userDefined": false}], "isTemplate": false, "count": 0, "lang": "en", "updated": 0}]