[{"id": "b5b83c2b-7d8f-4117-97bf-7f35587e3a8c", "data": [{"text": "Crude death rate by country (2006).", "userDefined": false}], "isTemplate": false, "count": 0, "lang": "en", "updated": 0}, {"id": "8fed269b-1f5f-4e85-b665-b09c45e37d91", "data": [{"text": "Mortality rate is a measure of the number of deaths (in general, or due to a specific cause) in a population.", "userDefined": false}], "isTemplate": false, "count": 0, "lang": "en", "updated": 0}, {"id": "4eb25a8a-3ae0-43de-beaf-94e8a0266b5d", "data": [{"text": "Scaled to the size of that population, per unit of time.", "userDefined": false}], "isTemplate": false, "count": 0, "lang": "en", "updated": 0}, {"id": "db622b79-d985-4a18-9282-6d5d5c21a8a6", "data": [{"text": "Mortality rate is typically expressed in units of deaths per 1000 individuals per year; thus, a mortality rate of 9.5 (out of 1000) in a population of 1,000 would mean 9.5 deaths per year in that entire population, or 0.95% out of the total.", "userDefined": false}], "isTemplate": false, "count": 0, "lang": "en", "updated": 0}, {"id": "17029ab8-25b3-4a7b-b3bf-cb8329bf19c2", "data": [{"text": "It is distinct from morbidity rate , which refers to the number of individuals in poor health during a given time period (the prevalence rate ) or the number of newly appearing cases of the disease per unit of time ( incidence rate ).", "userDefined": false}], "isTemplate": false, "count": 0, "lang": "en", "updated": 0}, {"id": "391e6d72-c2a6-4e23-844b-cb6fa02dcfbe", "data": [{"text": "The term \" mortality \" is also sometimes inappropriately used to refer to the number of deaths among a set of diagnosed hospital cases for a disease or injury, rather than for the general population of a country or ethnic group.", "userDefined": false}], "isTemplate": false, "count": 0, "lang": "en", "updated": 0}, {"id": "7a560128-1654-4e3e-83e2-18669cfc269c", "data": [{"text": "This disease mortality statistic is more precisely referred to as \" case fatality rate \" (CFR).", "userDefined": false}], "isTemplate": false, "count": 0, "lang": "en", "updated": 0}, {"id": "905fffd6-5e2b-47c2-9bba-50814d3a3fac", "data": [{"text": "One distinguishes:", "userDefined": false}], "isTemplate": false, "count": 0, "lang": "en", "updated": 0}, {"id": "c9937748-4733-4a32-ab1d-3c4d7ac869bd", "data": [{"text": "The crude death rate, the total number of deaths per year per 1000 people.", "userDefined": false}], "isTemplate": false, "count": 0, "lang": "en", "updated": 0}, {"id": "516b478e-e1a1-4c7e-8f45-11286bb40c7a", "data": [{"text": "the crude death rate for the whole world is about 8.37 per 1000 per year according to the current CIA World Factbook.", "userDefined": false}], "isTemplate": false, "count": 0, "lang": "en", "updated": 0}, {"id": "7b9f70de-9c21-449a-bb16-22c146763647", "data": [{"text": "The perinatal mortality rate, the sum of neonatal deaths and fetal deaths (stillbirths) per 1000 births.", "userDefined": false}], "isTemplate": false, "count": 0, "lang": "en", "updated": 0}, {"id": "635cfcd5-902e-4036-8812-dfc1b2c5d934", "data": [{"text": "The maternal mortality ratio, the number of maternal deaths per 100,000 live births in same time period.", "userDefined": false}], "isTemplate": false, "count": 0, "lang": "en", "updated": 0}, {"id": "cbac2dd7-8ad7-4eae-bd56-c60b54066f4f", "data": [{"text": "The maternal mortality rate, the number of maternal deaths per 1,000 women of reproductive age in the population (generally defined as 15\u201344 years of age) .", "userDefined": false}], "isTemplate": false, "count": 0, "lang": "en", "updated": 0}, {"id": "2b8c3224-22cf-4b8a-bc2a-4186346aa393", "data": [{"text": "The infant mortality rate, the number of deaths of children less than 1 year old per 1000 live births.", "userDefined": false}], "isTemplate": false, "count": 0, "lang": "en", "updated": 0}, {"id": "557de4db-3aa5-4053-abab-03adb5504a6a", "data": [{"text": "The child mortality rate, the number of deaths of children less than 5 years old per 1000 live births.", "userDefined": false}], "isTemplate": false, "count": 0, "lang": "en", "updated": 0}, {"id": "cc6c565d-9c39-4e3e-a85d-87b2e619ee0f", "data": [{"text": "The standardised mortality ratio (SMR)- This represents a proportional comparison to the numbers of deaths that would have been expected if the population had been of a standard composition in terms of age, gender, etc.", "userDefined": false}], "isTemplate": false, "count": 0, "lang": "en", "updated": 0}, {"id": "ea28c718-5824-47f7-86fc-88942f1d13c6", "data": [{"text": "The age-specific mortality rate (ASMR) - This refers to the total number of deaths per year per 1000 people of a given age (e.g. age 62 last birthday).", "userDefined": false}], "isTemplate": false, "count": 0, "lang": "en", "updated": 0}, {"id": "4d7d8035-7148-4bd3-9829-80a507736563", "data": [{"text": "In regard to the or failure of medical treatment or procedures , one would also distinguish:", "userDefined": false}], "isTemplate": false, "count": 0, "lang": "en", "updated": 0}, {"id": "3a74e784-a7df-4f48-9f59-9774abac567d", "data": [{"text": "The early mortality rate, the total number of deaths in the early stages of an ongoing treatment, or in the period immediately following an treatment.", "userDefined": false}], "isTemplate": false, "count": 0, "lang": "en", "updated": 0}, {"id": "de3bae84-a991-4b94-ba75-1d7db19d829e", "data": [{"text": "The late mortality rate, the total number of deaths in the late stages of an ongoing treatment, or a significant length of time after an acute treatment.", "userDefined": false}], "isTemplate": false, "count": 0, "lang": "en", "updated": 0}, {"id": "b6e6ef6a-505c-41d8-b72e-6913afc31a76", "data": [{"text": "Note that the crude death rate as defined above and applied to a whole population can give a misleading impression.", "userDefined": false}], "isTemplate": false, "count": 0, "lang": "en", "updated": 0}]