[{"id": "3a66426c-731c-43fe-a925-6d9a34169d48", "data": [{"text": "Mount of the Holy Cross is the northernmost 14,000-foot mountain in the Sawatch Range , part of the Rocky Mountains in Colorado .", "userDefined": false}], "isTemplate": false, "count": 0, "lang": "en", "updated": 0}, {"id": "ced7281d-6a89-4d57-976b-5017e9c1fc8b", "data": [{"text": "It is located in the Holy Cross Wilderness near the ghost town of Holy Cross City and in Eagle County .", "userDefined": false}], "isTemplate": false, "count": 0, "lang": "en", "updated": 0}, {"id": "4b83256a-a0ac-4975-bf6b-87db3985dfcc", "data": [{"text": "It was named for the distinctive cross-shaped snowfield on the northeast face.", "userDefined": false}], "isTemplate": false, "count": 0, "lang": "en", "updated": 0}, {"id": "a86d8bf7-93c4-480e-831c-2a602199c29a", "data": [{"text": "Under USDA Forest Service administration, the mountain was proclaimed \"Holy Cross National Monument\" by Herbert Hoover on May 11, 1929.", "userDefined": false}], "isTemplate": false, "count": 0, "lang": "en", "updated": 0}, {"id": "bf2eb3ad-5ce5-42f9-b46f-fd59f7674897", "data": [{"text": "The monument was transferred to the National Park Service in 1933.", "userDefined": false}], "isTemplate": false, "count": 0, "lang": "en", "updated": 0}, {"id": "9b2e7359-0458-4423-a1cc-0a9d94f86dde", "data": [{"text": "In 1950, it was returned to the Forest Service and lost its National Monument status\u2014the number of visitors to the mountain and the nearby \"Pilgrim's Hut\" had waned, and the expense of full-time staff could not be justified.", "userDefined": false}], "isTemplate": false, "count": 0, "lang": "en", "updated": 0}, {"id": "e4e4c7e9-4796-4e69-9946-e2d84fb35728", "data": [{"text": "This mountain has been the subject of painters, photographers and even a poem by Henry Wadsworth Longfellow , (The Cross of Snow).", "userDefined": false}], "isTemplate": false, "count": 0, "lang": "en", "updated": 0}, {"id": "e518d115-fc3a-425a-b554-3c858438b7cd", "data": [{"text": "The first publicly available photograph was published in National Geographic magazine.", "userDefined": false}], "isTemplate": false, "count": 0, "lang": "en", "updated": 0}, {"id": "dc08611b-da1f-48ce-a74f-66925b93ac3f", "data": [{"text": "Thomas Moran depicted the mountain in an oil painting, which now is part of the collection of the Museum of the American West, part of the Autry National Center in Los Angeles , California.", "userDefined": false}], "isTemplate": false, "count": 0, "lang": "en", "updated": 0}, {"id": "d0daf733-9340-464e-aa1d-3af0fb75fede", "data": [{"text": "It is still much photographed but it is not as well known today as it was in the past.", "userDefined": false}], "isTemplate": false, "count": 0, "lang": "en", "updated": 0}, {"id": "2eef75e6-7007-4f5c-a7c2-c7c6e2163b71", "data": [{"text": "Nearby features include Bowl of Tears Lake, directly under the east face of the peak, Tuhare Lakes, in a cirque that lies south of a significant subpeak, and several other lakes.", "userDefined": false}], "isTemplate": false, "count": 0, "lang": "en", "updated": 0}, {"id": "772a3835-12d9-410a-9b02-015a6134c1ff", "data": [{"text": "Notable locations within include the Dotsero volcano (near Interstate 70 ), Vail and Aspen .", "userDefined": false}], "isTemplate": false, "count": 0, "lang": "en", "updated": 0}, {"id": "aa96aac6-7461-40b6-99e5-756b7b39492b", "data": [{"text": "US 24 runs near the peak through Gilman .", "userDefined": false}], "isTemplate": false, "count": 0, "lang": "en", "updated": 0}, {"id": "3a1fab28-8ba6-426e-bf57-825d1cd44c6a", "data": [{"text": "Photochrom print of Mount of the Holy Cross c. 1900.", "userDefined": false}], "isTemplate": false, "count": 0, "lang": "en", "updated": 0}, {"id": "b159e37d-dab8-4290-bc12-52d09d707b98", "data": [{"text": "This image is a reversed view of the mountain compared to how it actually appears.", "userDefined": false}], "isTemplate": false, "count": 0, "lang": "en", "updated": 0}, {"id": "9ad57452-8aa8-4daa-93b7-4c86d88c14b6", "data": [{"text": "The first recorded ascent of Holy Cross was in 1873, by F. V. Hayden and photographer W. H. Jackson during one of Hayden's geographical surveys .", "userDefined": false}], "isTemplate": false, "count": 0, "lang": "en", "updated": 0}, {"id": "256bdeae-afd6-4cde-94c1-59358ad3b00b", "data": [{"text": "However, the peak may well have been ascended previously by miners or American Indians .", "userDefined": false}], "isTemplate": false, "count": 0, "lang": "en", "updated": 0}, {"id": "8cdd8b08-7d91-445f-9183-0513ea080718", "data": [{"text": "The first winter ascent of the peak was made in 1943 by Russel Keene and Howard Freedman of the 10th Mountain Division , then stationed at Camp Hale .", "userDefined": false}], "isTemplate": false, "count": 0, "lang": "en", "updated": 0}, {"id": "7101164d-92cb-469c-b96d-b2db09f1aa43", "data": [{"text": "Holy Cross can be climbed by at least four different routes, with the easiest and most common route being the North Ridge, which involves of vertical gain over and is rated YDS Class 2 for moderate scrambling .", "userDefined": false}], "isTemplate": false, "count": 0, "lang": "en", "updated": 0}, {"id": "f88fe987-f0b9-4c9e-8559-8703e129a68a", "data": [{"text": "The Cross Couloir route forms the vertical portion of the famous cross feature, and provides an advanced snow climb or extreme ski descent.", "userDefined": false}], "isTemplate": false, "count": 0, "lang": "en", "updated": 0}, {"id": "89aa6a47-ef74-4eef-8e10-3f28b1d6fde1", "data": [{"text": "Mount of the Holy Cross has a history of endangering the lives of many hikers.", "userDefined": false}], "isTemplate": false, "count": 0, "lang": "en", "updated": 0}, {"id": "0e5b4e42-542b-4172-8343-5ec3606774b1", "data": [{"text": "Primarily, the hikers who require rescue are unfamiliar with the risks of entering wilderness areas and do not bring adequate equipment and supplies to respond to emergency conditions.", "userDefined": false}], "isTemplate": false, "count": 0, "lang": "en", "updated": 0}]