[{"id": "05c177e9-2594-49bd-9da9-8762fb8abc6b", "data": [{"text": "Ab\u016b al-Q\u0101sim Mu\u1e25ammad ibn \u02bfAbd All\u0101h ibn \u02bfAbd al-Mu\u1e6d\u1e6dalib ibn H\u0101shim () ( circa| 570 \u2013 circa| 8 June 632), also transliterated as Muhammad (), was a religious, political, and military leader from Mecca who unified Arabia into a single religious polity under Islam .", "userDefined": false}], "isTemplate": false, "count": 0, "lang": "en", "updated": 0}, {"id": "49d24fea-1c5b-4943-8ecd-28f5d5716496", "data": [{"text": "He is believed by Muslims and Bah\u00e1'\u00eds to be a messenger and prophet of God .", "userDefined": false}], "isTemplate": false, "count": 0, "lang": "en", "updated": 0}, {"id": "deff9022-a1d6-4170-91db-b7e4a76e4ce1", "data": [{"text": "Muhammad is almost universally considered by Muslims as the last prophet sent by God for mankind.", "userDefined": false}], "isTemplate": false, "count": 0, "lang": "en", "updated": 0}, {"id": "efad4e51-ffbc-4217-9430-3ccc185baf1a", "data": [{"text": "Non-Muslims regard Muhammad as the founder of Islam.", "userDefined": false}], "isTemplate": false, "count": 0, "lang": "en", "updated": 0}, {"id": "e3757f51-bce3-4abf-85ef-23abd96bb520", "data": [{"text": "Muslims consider him to be the restorer of an unaltered original monotheistic faith of Adam , Noah , Abraham , Moses , Jesus , and other prophets .", "userDefined": false}], "isTemplate": false, "count": 0, "lang": "en", "updated": 0}, {"id": "8c3c932a-0e27-4e43-a9f9-6873d270abe4", "data": [{"text": "Born in about 570 CE in the Arabian city of Mecca , he was orphaned at an early age and brought up under the care of his uncle Abu Talib .", "userDefined": false}], "isTemplate": false, "count": 0, "lang": "en", "updated": 0}, {"id": "d6eff42e-e470-429a-9461-10e920ce5617", "data": [{"text": "He later worked mostly as a merchant, as well as a shepherd, and was first married by age 25.", "userDefined": false}], "isTemplate": false, "count": 0, "lang": "en", "updated": 0}, {"id": "ee959b2b-50d4-4d2a-9ae9-6b454c47b4de", "data": [{"text": "Being in the habit of periodically retreating to a cave in the surrounding mountains for several nights of seclusion and prayer, he later reported that it was there, at age 40, that he received his first revelation from God.", "userDefined": false}], "isTemplate": false, "count": 0, "lang": "en", "updated": 0}, {"id": "c25e6ab0-6938-4c00-a61c-2cc275ac06b7", "data": [{"text": "Three years after this event Muhammad started preaching these revelations publicly, proclaiming that \" God is One \", that complete \"surrender\" to Him (lit.", "userDefined": false}], "isTemplate": false, "count": 0, "lang": "en", "updated": 0}, {"id": "32bcc3eb-6ff1-48e6-937a-f57d616d5adb", "data": [{"text": "isl\u0101m ) is the only way ( d\u012bn ) acceptable to God, and that he himself was a prophet and messenger of God, in the same vein as other Islamic prophets .", "userDefined": false}], "isTemplate": false, "count": 0, "lang": "en", "updated": 0}, {"id": "9c0b45a3-26e7-4ccc-b739-bd39413a9ec2", "data": [{"text": "Muhammad gained few followers early on, and was met with hostility from some Meccan tribes ; he and his followers were treated harshly.", "userDefined": false}], "isTemplate": false, "count": 0, "lang": "en", "updated": 0}, {"id": "d06e94ad-9792-4ff8-b730-f93b896e1818", "data": [{"text": "To escape persecution, Muhammad sent some of his followers to Abyssinia before he and his followers in Mecca migrated to Medina (then known as Yathrib) in the year 622.", "userDefined": false}], "isTemplate": false, "count": 0, "lang": "en", "updated": 0}, {"id": "a0239347-a0fc-49c3-82d2-a6e2421876ff", "data": [{"text": "This event, the Hijra , marks the beginning of the Islamic calendar , which is also known as the Hijri Calendar.", "userDefined": false}], "isTemplate": false, "count": 0, "lang": "en", "updated": 0}, {"id": "5e7980fc-a38a-4c5f-b086-6bae2dcde231", "data": [{"text": "In Medina, Muhammad united the tribes under the Constitution of Medina .", "userDefined": false}], "isTemplate": false, "count": 0, "lang": "en", "updated": 0}, {"id": "d5b04488-9ce8-480a-ac14-814b5278e470", "data": [{"text": "After eight years of fighting with the Meccan tribes, his followers, who by then had grown to 10,000, took control of Mecca in the largely peaceful Conquest of Mecca .", "userDefined": false}], "isTemplate": false, "count": 0, "lang": "en", "updated": 0}, {"id": "276fd5b7-9c19-4a28-8520-b03eeb122b94", "data": [{"text": "He destroyed the pagan idols in the city and then sent his followers out to destroy all of the remaining pagan temples in Eastern Arabia.", "userDefined": false}], "isTemplate": false, "count": 0, "lang": "en", "updated": 0}, {"id": "96c2bd92-dbcc-4e71-8fb8-2f4e3cd7a5a5", "data": [{"text": "In 632, a few months after returning to Medina from The Farewell Pilgrimage , Muhammad fell ill and died.", "userDefined": false}], "isTemplate": false, "count": 0, "lang": "en", "updated": 0}, {"id": "c730f799-85c0-4592-acbe-267a7ba5232a", "data": [{"text": "By the time of his death, most of the Arabian Peninsula had converted to Islam , and he had united Arabia into a single Muslim religious polity .", "userDefined": false}], "isTemplate": false, "count": 0, "lang": "en", "updated": 0}]