[{"id": "434e09d8-3c88-446b-82ba-65609399789c", "data": [{"text": "Native Americans in the United States are the indigenous peoples in North America within the boundaries of the present-day continental United States , Alaska , and the island state of Hawaii .", "userDefined": false}], "isTemplate": false, "count": 0, "lang": "en", "updated": 0}, {"id": "ca8a64b1-e281-4819-9b81-f91013e31205", "data": [{"text": "They are composed of numerous, distinct Native American tribes and ethnic groups , many of which survive as intact political communities.", "userDefined": false}], "isTemplate": false, "count": 0, "lang": "en", "updated": 0}, {"id": "96f2eb27-e53b-490f-91cb-8ff3547412a9", "data": [{"text": "The terms used to refer to Native Americans have been controversial .", "userDefined": false}], "isTemplate": false, "count": 0, "lang": "en", "updated": 0}, {"id": "bc42cdec-d6cd-4592-9526-4fc57fd54b1b", "data": [{"text": "According to a 1995 U.S. Census Census_Bureau Bureau Census_Bureau set of home interviews, most of the respondents with an expressed preference refer to themselves as American Indians (or simply Indians), and this term has been adopted by major newspapers and some academic groups; however, this term does not typically include Native Hawaiians or certain Alaskan Natives , such as Aleut , Yup'ik , or Inuit peoples.", "userDefined": false}], "isTemplate": false, "count": 0, "lang": "en", "updated": 0}, {"id": "9847c24a-3910-496b-b59b-0b01a192c7ff", "data": [{"text": "Since the end of the 15th century, the migration of Europeans to the Americas, and their importation of Africans as slaves , has led to centuries of conflict and adjustment between Old and New World societies.", "userDefined": false}], "isTemplate": false, "count": 0, "lang": "en", "updated": 0}, {"id": "851d3a80-41c8-425b-a563-809d96822365", "data": [{"text": "Europeans created most of the early written historical record about Native Americans after the colonists' immigration to the Americas.", "userDefined": false}], "isTemplate": false, "count": 0, "lang": "en", "updated": 0}, {"id": "1706c887-b73b-4d86-94e7-8456dc12b15f", "data": [{"text": "Many Native Americans lived as hunter-gatherer societies and told their histories by oral traditions.", "userDefined": false}], "isTemplate": false, "count": 0, "lang": "en", "updated": 0}, {"id": "4fb09a1f-5767-4016-9b09-6e7a655bdbb1", "data": [{"text": "In many groups, women carried out sophisticated cultivation of numerous varieties of staple crops: maize, beans and squash.", "userDefined": false}], "isTemplate": false, "count": 0, "lang": "en", "updated": 0}, {"id": "23cc11ad-e403-4327-8bdf-21b5edd7199d", "data": [{"text": "The indigenous cultures were quite different from those of the agrarian , proto-industrial, mostly Christian immigrants from western Eurasia .", "userDefined": false}], "isTemplate": false, "count": 0, "lang": "en", "updated": 0}, {"id": "e07c44f7-7616-44cf-8739-d9634f7898e1", "data": [{"text": "Many Native cultures were matrilineal ; the people occupied lands for use of the entire community, for hunting or agriculture.", "userDefined": false}], "isTemplate": false, "count": 0, "lang": "en", "updated": 0}, {"id": "f83d83d1-66f1-4257-a50b-3e75740f527d", "data": [{"text": "Europeans at that time had patriarchal cultures and had developed concepts of individual property rights with respect to land that were extremely different.", "userDefined": false}], "isTemplate": false, "count": 0, "lang": "en", "updated": 0}, {"id": "0482957e-ea55-4e32-a01b-db1a2a063a17", "data": [{"text": "The differences in cultures between the established Native Americans and immigrant Europeans, as well as shifting alliances among different nations of each culture through the centuries, caused extensive political tension, ethnic violence and social disruption.", "userDefined": false}], "isTemplate": false, "count": 0, "lang": "en", "updated": 0}, {"id": "a4bc7ba7-de02-4f5e-866e-b342010d5e39", "data": [{"text": "The Native Americans suffered high fatalities from the contact with infectious Eurasian diseases, to which they had no acquired immunity .", "userDefined": false}], "isTemplate": false, "count": 0, "lang": "en", "updated": 0}, {"id": "b2575b94-5c4c-4706-ae91-474e2c00864c", "data": [{"text": "Epidemics after European contact caused the greatest loss of life for indigenous populations.", "userDefined": false}], "isTemplate": false, "count": 0, "lang": "en", "updated": 0}, {"id": "12979782-00c7-4aa7-93fd-4d624ddaca1b", "data": [{"text": "Estimates of the pre-Columbian population of what today constitutes the U.S. vary significantly, ranging from 1 million to 18 million.", "userDefined": false}], "isTemplate": false, "count": 0, "lang": "en", "updated": 0}, {"id": "3388633f-9bab-453f-91f0-2cd339aaf5a2", "data": [{"text": "After the colonies revolted against Great Britain and established the United States of America, President George Washington and Henry Knox conceived of the idea of \"civilizing\" Native Americans in preparation for assimilation as U.S. citizens.", "userDefined": false}], "isTemplate": false, "count": 0, "lang": "en", "updated": 0}, {"id": "20c621fa-8bd3-4257-be5c-5dd2c7d66d4f", "data": [{"text": "Assimilation (whether voluntary as with the Choctaw , or forced) became a consistent policy through American administrations.", "userDefined": false}], "isTemplate": false, "count": 0, "lang": "en", "updated": 0}, {"id": "6a1f941a-50d0-4681-9a82-2a2b2fe06de4", "data": [{"text": "During the 19th century, the ideology of manifest destiny became integral to the American nationalist movement.", "userDefined": false}], "isTemplate": false, "count": 0, "lang": "en", "updated": 0}, {"id": "144ffab6-0617-4e76-9bdf-b4504529331a", "data": [{"text": "Expansion of European-American populations to the west after the American Revolution resulted in increasing pressure on Native American lands, warfare between the groups, and rising tensions.", "userDefined": false}], "isTemplate": false, "count": 0, "lang": "en", "updated": 0}, {"id": "5cb35842-dd0b-4745-b35e-5784bd1e27b0", "data": [{"text": "In 1830, the U.S. Congress passed the Indian Removal Act , authorizing the government to relocate Native Americans from their homelands within established states to lands west of the Mississippi River , accommodating European-American expansion.", "userDefined": false}], "isTemplate": false, "count": 0, "lang": "en", "updated": 0}, {"id": "274bb3f5-de25-429a-ab44-1389376227d7", "data": [{"text": "The first European Americans to encounter the western interior tribes were generally fur traders and trappers.", "userDefined": false}], "isTemplate": false, "count": 0, "lang": "en", "updated": 0}, {"id": "84d5301e-17a9-4973-8f8d-4744034ac8b0", "data": [{"text": "There were also Jesuit missionaries active in the Northern Tier.", "userDefined": false}], "isTemplate": false, "count": 0, "lang": "en", "updated": 0}, {"id": "82e94402-34a2-4cd6-8b10-0831e2ea48f9", "data": [{"text": "As United States expansion reached into the American West , settler and miner migrants came into increasing conflict with the Great Basin , Great Plains , and other Western tribes.", "userDefined": false}], "isTemplate": false, "count": 0, "lang": "en", "updated": 0}, {"id": "6108b216-4c1f-4be3-8df1-4fe1cc280557", "data": [{"text": "These were complex nomadic cultures based on horse culture and seasonal bison hunting.", "userDefined": false}], "isTemplate": false, "count": 0, "lang": "en", "updated": 0}]