[{"id": "0f0fc1b1-f742-40bf-8bbf-ddeffbde9300", "data": [{"text": "New Guinea (also, Tok Pisin: Niugini, Dutch: Nieuw Guinea, and ; historically: Papua) is the world's second largest island , after Greenland , covering a land area of 786,000 km2.", "userDefined": false}], "isTemplate": false, "count": 0, "lang": "en", "updated": 0}, {"id": "68b07892-fa8f-474b-9ee6-05095e5c4b06", "data": [{"text": "Located in the southwest Pacific Ocean , it lies geographically to the east of the Malay Archipelago , with which it is sometimes included as part of a greater Indo-Australian Archipelago .", "userDefined": false}], "isTemplate": false, "count": 0, "lang": "en", "updated": 0}, {"id": "b2276d76-4cbd-4b3a-b3c1-58d5976daa13", "data": [{"text": "Geologically it is a part of the same tectonic plate as Australia.", "userDefined": false}], "isTemplate": false, "count": 0, "lang": "en", "updated": 0}, {"id": "c9823578-cec1-4b85-bab4-cebb6ae072ce", "data": [{"text": "When world sea levels were low, the two shared shorelines (which now lie 100 to 140 metres below sea level), combining with lands now inundated into the tectonic continent of Sahul , also known as Greater Australia .", "userDefined": false}], "isTemplate": false, "count": 0, "lang": "en", "updated": 0}, {"id": "20d703b3-50f8-442b-8977-684cc3c898a5", "data": [{"text": "The two landmasses became separated when the area now known as the Torres Strait flooded after the end of the last glacial period .", "userDefined": false}], "isTemplate": false, "count": 0, "lang": "en", "updated": 0}, {"id": "14ba627e-a9b6-486f-8ea7-bdbbc96528f3", "data": [{"text": "Anthropologically, New Guinea is considered part of Melanesia .", "userDefined": false}], "isTemplate": false, "count": 0, "lang": "en", "updated": 0}, {"id": "5934aed3-b176-4ee9-b9b8-a1137fca868c", "data": [{"text": "Politically, the western half of the island comprises two Indonesian provinces: Papua and West Papua .", "userDefined": false}], "isTemplate": false, "count": 0, "lang": "en", "updated": 0}, {"id": "eed26865-dd11-49c3-9f63-e0ff8697f18c", "data": [{"text": "The eastern half forms the mainland of the country of Papua New Guinea .", "userDefined": false}], "isTemplate": false, "count": 0, "lang": "en", "updated": 0}, {"id": "ddf94a4f-4ad8-464d-af58-37e0945bfbb4", "data": [{"text": "The island has a population of about 7.5 million, with a very low population density of only 8 inh/km2.", "userDefined": false}], "isTemplate": false, "count": 0, "lang": "en", "updated": 0}, {"id": "5848d235-ae70-4fcf-bb66-a7455ff6fa14", "data": [{"text": "New Guinea is differentiated from its drier, flatter, and less fertile southern counterpart, Australia, by its much higher rainfall and its active volcanic geology, with its highest point, Puncak Jaya , reaching an elevation of 4,884 m (16,023 ft).", "userDefined": false}], "isTemplate": false, "count": 0, "lang": "en", "updated": 0}, {"id": "43ddb3ff-3442-4e86-bcfb-f5dd95c151f9", "data": [{"text": "Yet the two land masses share a similar animal fauna, with marsupials, including wallabies and possums , and the egg-laying monotreme, the spiny anteater , or echidna .", "userDefined": false}], "isTemplate": false, "count": 0, "lang": "en", "updated": 0}, {"id": "62f679d1-82a5-47eb-91e0-ed19a2055a1a", "data": [{"text": "Other than bats and some two dozen indigenous rodent genera, there are no pre-human indigenous placental mammals .", "userDefined": false}], "isTemplate": false, "count": 0, "lang": "en", "updated": 0}, {"id": "5dd6052e-c274-4911-b17b-bdc81d88d093", "data": [{"text": "Pigs, several additional species of rats, and the ancestor of the New Guinea Singing Dog were introduced with human colonization.", "userDefined": false}], "isTemplate": false, "count": 0, "lang": "en", "updated": 0}, {"id": "3f4f977b-404d-448d-941d-4a3b10a31961", "data": [{"text": "The human presence on the island dates back at least 40,000 years to the oldest human migrations out of Africa.", "userDefined": false}], "isTemplate": false, "count": 0, "lang": "en", "updated": 0}, {"id": "06b3bbd9-c40e-47f2-bb4b-34903ef8d90c", "data": [{"text": "Research indicates that the highlands were an early and independent center of agriculture, with evidence of irrigation going back at least 10,000 years.", "userDefined": false}], "isTemplate": false, "count": 0, "lang": "en", "updated": 0}, {"id": "a0ee7677-e26b-471e-bfee-9db89bf885f7", "data": [{"text": "Because of the time depth of its inhabitation and its highly fractured landscape, an unusually high number of languages are spoken on the island, with some 1,000 languages (a figure higher than that of most continents) having been catalogued out of an estimated world-wide pre-Columbian total of 6,000 human dialects.", "userDefined": false}], "isTemplate": false, "count": 0, "lang": "en", "updated": 0}, {"id": "7c6b00f9-36ac-4159-a492-6abaf67e5132", "data": [{"text": "Most are classified as Papuan languages , a generally accepted geographical term which a minority of authors hold to be a genetic one.", "userDefined": false}], "isTemplate": false, "count": 0, "lang": "en", "updated": 0}, {"id": "146bd526-584c-4f9e-a76f-74421e728a01", "data": [{"text": "A number of Austronesian languages are spoken on the coast and on offshore islands.", "userDefined": false}], "isTemplate": false, "count": 0, "lang": "en", "updated": 0}, {"id": "43b96739-a761-46e4-bff0-31d28460cfc5", "data": [{"text": "In the 16th century Spanish explorers discovered the island and called it Nueva Guinea.", "userDefined": false}], "isTemplate": false, "count": 0, "lang": "en", "updated": 0}]