[{"id": "c8e1c1da-94fe-4705-89bf-6f180c200f9e", "data": [{"text": "New York City Cruise Liner Terminal in Hell's Kitchen at 52nd Street .", "userDefined": false}], "isTemplate": false, "count": 0, "lang": "en", "updated": 0}, {"id": "33cdac41-ef08-4eb9-8b9f-bc42d3f97358", "data": [{"text": "The New York Passenger Ship Terminal (also known as the Luxury Liner Row or Manhattan Cruise Terminal or New York Cruise Terminal) is a terminal for ocean-going passenger ships on Manhattan's west side .", "userDefined": false}], "isTemplate": false, "count": 0, "lang": "en", "updated": 0}, {"id": "de8068ef-acc9-4364-aaa6-76773f5d167b", "data": [{"text": "The terminal consists of North River Piers 88, 90, 92 and 94 on the Hudson River between West 46th and West 54th Street .", "userDefined": false}], "isTemplate": false, "count": 0, "lang": "en", "updated": 0}, {"id": "87f62853-939e-41b6-811a-02c590e8a080", "data": [{"text": "(As a general rule, pier numbers in Manhattan can be determined by adding 40 to the corresponding cross-street.)", "userDefined": false}], "isTemplate": false, "count": 0, "lang": "en", "updated": 0}, {"id": "db7e22d6-349b-4b80-b414-b9f97275f06b", "data": [{"text": "Ships now dock at Piers 88, 90 and 92.", "userDefined": false}], "isTemplate": false, "count": 0, "lang": "en", "updated": 0}, {"id": "78292280-398d-49d4-af8a-1312f2614fbd", "data": [{"text": "Pier 94 on the north side is now used for exhibition space.", "userDefined": false}], "isTemplate": false, "count": 0, "lang": "en", "updated": 0}, {"id": "c6dbd8c2-f4ec-4f5a-afa8-1c83a9ddd843", "data": [{"text": "Pier 86, once used by United States Lines , is now home to the USS Intrepid .", "userDefined": false}], "isTemplate": false, "count": 0, "lang": "en", "updated": 0}, {"id": "abc60ec3-ee52-48d2-9400-1b843ed2677d", "data": [{"text": "In 2003, the terminal handled 900,000 passengers.", "userDefined": false}], "isTemplate": false, "count": 0, "lang": "en", "updated": 0}, {"id": "51d19a38-87f8-4499-8365-7ad6bb05dd06", "data": [{"text": "The city is forecasting that 1.5 million will use the terminal by 2017.", "userDefined": false}], "isTemplate": false, "count": 0, "lang": "en", "updated": 0}, {"id": "d8cd3fde-fa4a-497d-b71b-6d6f83a7abc9", "data": [{"text": "The piers are long and apart.", "userDefined": false}], "isTemplate": false, "count": 0, "lang": "en", "updated": 0}, {"id": "125ef33e-debd-472b-a8fc-59374a4e0476", "data": [{"text": "They were first completed in 1935 to replace the Chelsea Piers as the city's luxury liner terminal.", "userDefined": false}], "isTemplate": false, "count": 0, "lang": "en", "updated": 0}, {"id": "e6693f14-c5f5-45b9-9669-fc38a878d935", "data": [{"text": "The new terminal was built to handle bigger ships that had outgrown the Chelsea Piers.", "userDefined": false}], "isTemplate": false, "count": 0, "lang": "en", "updated": 0}, {"id": "f2d0bf11-bb26-4ea8-a2a2-4f13e00a2b6c", "data": [{"text": "The piers were renovated in 1970 and are currently undergoing another $150 million renovation.", "userDefined": false}], "isTemplate": false, "count": 0, "lang": "en", "updated": 0}, {"id": "3c540c75-4cbf-4139-be2c-09787b5bf94f", "data": [{"text": "The renovated plans call for it to handle three large ships at a time.", "userDefined": false}], "isTemplate": false, "count": 0, "lang": "en", "updated": 0}, {"id": "f54cf303-c6bd-4f9b-9adf-8755ba5a2bcc", "data": [{"text": "In doing renovations, the city is also considering decommissioning Pier 92.", "userDefined": false}], "isTemplate": false, "count": 0, "lang": "en", "updated": 0}, {"id": "d1968f22-ea3d-4128-9a4e-8cfcf36991ab", "data": [{"text": "Logo of the New York Cruise Terminal.For", "userDefined": false}], "isTemplate": false, "count": 0, "lang": "en", "updated": 0}, {"id": "0dd78b69-0cc1-4117-a630-5fe0318826ac", "data": [{"text": "decades the terminal was the only ocean-going passenger terminal in New York harbor .", "userDefined": false}], "isTemplate": false, "count": 0, "lang": "en", "updated": 0}, {"id": "7c07276a-4103-494e-96e9-13f7ecd4de38", "data": [{"text": "With an upsurge in cruise ship traffic and the terminal's ability to handle comfortably only three large ships at a time, two new terminals have opened in the harbor \u2014 the Cape Liberty Cruise Port opened in 2004 in Bayonne, New Jersey (used by Royal Caribbean Cruise Line , Celebrity Cruises and Azamara Cruises ), and the Brooklyn Cruise Terminal (used by the Queen Mary 2 and other ships of the Carnival Corporation cruise brands) opened in 2006 in Brooklyn, New York .", "userDefined": false}], "isTemplate": false, "count": 0, "lang": "en", "updated": 0}, {"id": "b9b918c4-0f63-44b8-b2b6-05f9ab82da8d", "data": [{"text": "The West Side Highway takes a small jog east from the piers to below West 42nd Street because when the terminal was built land had to be taken away from Manhattan to allow for longer piers.", "userDefined": false}], "isTemplate": false, "count": 0, "lang": "en", "updated": 0}, {"id": "d1fd429d-346c-4340-aa16-e2470a86fb76", "data": [{"text": "The US Army Corps of Engineers , who control the waterfront dimension, would not extend the pierhead line farther into the river, so the city extended the pier by cutting away at the land.", "userDefined": false}], "isTemplate": false, "count": 0, "lang": "en", "updated": 0}, {"id": "d3636d45-6ec3-4ffb-aa8b-40e105ddab86", "data": [{"text": "The city earlier did this for the Chelsea Piers ; however in Chelsea only landfill was taken away.", "userDefined": false}], "isTemplate": false, "count": 0, "lang": "en", "updated": 0}, {"id": "abfccfac-f1f7-4c10-bc19-c6ab85198338", "data": [{"text": "At the Passenger Terminal actual Manhattan schist was taken away.", "userDefined": false}], "isTemplate": false, "count": 0, "lang": "en", "updated": 0}]