[{"id": "03d6d2aa-a98c-4868-8667-9ad077c59567", "data": [{"text": "Nikita Sergeyevich Khrushchev ( \u2013 September 11, 1971) led the Soviet Union during part of the Cold War .", "userDefined": false}], "isTemplate": false, "count": 0, "lang": "en", "updated": 0}, {"id": "6b6da8ff-1234-4942-9b47-11d64a664304", "data": [{"text": "He served as First Secretary of the Communist Party of the Soviet Union from 1953 to 1964, and as Chairman of the Council of Ministers , or Premier, from 1958 to 1964.", "userDefined": false}], "isTemplate": false, "count": 0, "lang": "en", "updated": 0}, {"id": "95c805d1-d883-4004-8acb-d3f077cf4e62", "data": [{"text": "Khrushchev was responsible for the partial de-Stalinization of the Soviet Union, for backing the progress of the early Soviet space program , and for several relatively liberal reforms in areas of domestic policy.", "userDefined": false}], "isTemplate": false, "count": 0, "lang": "en", "updated": 0}, {"id": "063cc794-f74b-4c7f-9153-fe717e3ccab8", "data": [{"text": "Khrushchev's party colleagues removed him from power in 1964, replacing him with Leonid Brezhnev as First Secretary and Alexei Kosygin as Premier.", "userDefined": false}], "isTemplate": false, "count": 0, "lang": "en", "updated": 0}, {"id": "30e99448-df76-41f9-bb6c-c5e2d185c95f", "data": [{"text": "Khrushchev was born in the Russian village of Kalinovka in 1894, close to the present-day border between Russia and Ukraine .", "userDefined": false}], "isTemplate": false, "count": 0, "lang": "en", "updated": 0}, {"id": "278fcabf-e3f1-487c-8373-47cf92013958", "data": [{"text": "He was employed as a metalworker in his youth, and during the Russian Civil War was a political commissar .", "userDefined": false}], "isTemplate": false, "count": 0, "lang": "en", "updated": 0}, {"id": "1f435d78-041e-45dd-b475-ff10b998d1b7", "data": [{"text": "With the help of Lazar Kaganovich , he worked his way up the Soviet hierarchy.", "userDefined": false}], "isTemplate": false, "count": 0, "lang": "en", "updated": 0}, {"id": "0ac650d3-e2fa-4f04-97e4-66492d0173ed", "data": [{"text": "He supported Joseph Stalin 's purges , and approved thousands of arrests.", "userDefined": false}], "isTemplate": false, "count": 0, "lang": "en", "updated": 0}, {"id": "f67091b5-2cc2-4686-acc5-f6f5359920e4", "data": [{"text": "In 1939, Stalin sent him to govern Ukraine , and he continued the purges there.", "userDefined": false}], "isTemplate": false, "count": 0, "lang": "en", "updated": 0}, {"id": "fb200f62-628f-4786-828b-5ab30bb5e406", "data": [{"text": "During what was known in the Soviet Union as the Great Patriotic War ( Eastern Front of World War II ), Khrushchev was again a commissar, serving as an intermediary between Stalin and his generals.", "userDefined": false}], "isTemplate": false, "count": 0, "lang": "en", "updated": 0}, {"id": "8fca1f23-f4b8-454a-91a5-b444c22d999f", "data": [{"text": "Khrushchev was present at the bloody defense of Stalingrad , a fact he took great pride in throughout his life.", "userDefined": false}], "isTemplate": false, "count": 0, "lang": "en", "updated": 0}, {"id": "3398c94d-1e8f-4649-9246-063405eb884e", "data": [{"text": "After the war, he returned to Ukraine before being recalled to Moscow as one of Stalin's close advisers.", "userDefined": false}], "isTemplate": false, "count": 0, "lang": "en", "updated": 0}, {"id": "d7d10ea5-2dd7-4827-bdec-5188bd7db9a4", "data": [{"text": "In the power struggle triggered by Stalin's death in 1953, Khrushchev, after several years, emerged victorious.", "userDefined": false}], "isTemplate": false, "count": 0, "lang": "en", "updated": 0}, {"id": "1fa71767-a4af-404d-bcaf-83bb46a14591", "data": [{"text": "On February 25, 1956, at the 20th Party Congress , he delivered the \" Secret Speech ,\" denouncing Stalin's purges and ushering in a less repressive era in the Soviet Union.", "userDefined": false}], "isTemplate": false, "count": 0, "lang": "en", "updated": 0}, {"id": "95e0da2a-5721-4680-a24f-88233bc4fef1", "data": [{"text": "His domestic policies, aimed at bettering the lives of ordinary citizens, were often ineffective, especially in the area of agriculture.", "userDefined": false}], "isTemplate": false, "count": 0, "lang": "en", "updated": 0}, {"id": "a39d5064-88ca-42e4-9521-904c5563699c", "data": [{"text": "Hoping eventually to rely on missiles for national defense, Khrushchev ordered major cuts in conventional forces.", "userDefined": false}], "isTemplate": false, "count": 0, "lang": "en", "updated": 0}, {"id": "7bb034b5-a789-4f72-ae29-9ba8dc9b2fc4", "data": [{"text": "Despite the cuts, Khrushchev's rule saw the tensest years of the Cold War, culminating in the Cuban Missile Crisis .", "userDefined": false}], "isTemplate": false, "count": 0, "lang": "en", "updated": 0}]