[{"id": "20617a87-35af-4972-8e02-8db07bab5346", "data": [{"text": "Surface of the Atlantic ocean meeting the Earth's planetary boundary layer and troposphere .", "userDefined": false}], "isTemplate": false, "count": 0, "lang": "en", "updated": 0}, {"id": "a1a900b7-bc65-48f9-a3eb-086746833552", "data": [{"text": "Waves on an ocean coast .", "userDefined": false}], "isTemplate": false, "count": 0, "lang": "en", "updated": 0}, {"id": "c3ccc115-ea0b-4127-8643-9b586aaf20a4", "data": [{"text": "This animation uses Earth science data from a variety of sensors on NASA Earth observing satellites to measure physical oceanography parameters such as ocean currents, ocean winds, sea surface height and sea surface temperature.", "userDefined": false}], "isTemplate": false, "count": 0, "lang": "en", "updated": 0}, {"id": "abf333ab-2419-47a1-8e2b-03ef5b166493", "data": [{"text": "An ocean (; the World Ocean of classical antiquity ) is a body of saline water that composes a large part of a planet 's hydrosphere .", "userDefined": false}], "isTemplate": false, "count": 0, "lang": "en", "updated": 0}, {"id": "8ac79025-b0fc-4770-a23b-72be78855582", "data": [{"text": "In the context of Earth , it refers to one or all of the major divisions of the planet's World Ocean \u2013 they are, in descending order of area, the Pacific , Atlantic , Indian , Southern (Antarctic) , and Arctic Oceans.", "userDefined": false}], "isTemplate": false, "count": 0, "lang": "en", "updated": 0}, {"id": "ac8eec61-1478-4750-a680-1b8667561520", "data": [{"text": "The word \" sea \" is often used interchangeably with \"ocean\", but strictly speaking a sea is a body of saline water (possibly a division of the World Ocean) partly or fully enclosed by land.", "userDefined": false}], "isTemplate": false, "count": 0, "lang": "en", "updated": 0}, {"id": "7a5537de-222d-4549-a8dc-5a54a88a1cef", "data": [{"text": "Earth is the only planet known to have an ocean (or any large amounts of open liquid water).", "userDefined": false}], "isTemplate": false, "count": 0, "lang": "en", "updated": 0}, {"id": "ce3dc855-11ab-413f-808a-0c599d9eb335", "data": [{"text": "Approximately 72% of the planet's surface (~3.6x108 km2) is covered by saline water that is customarily divided into several principal oceans and smaller seas, with the ocean covering approximately 71% of the Earth's surface.", "userDefined": false}], "isTemplate": false, "count": 0, "lang": "en", "updated": 0}, {"id": "7b65a525-f0ed-44af-abe8-03c7f50427c9", "data": [{"text": "In terms of the hydrosphere of the Earth, the ocean contains 97% of the Earth's water.", "userDefined": false}], "isTemplate": false, "count": 0, "lang": "en", "updated": 0}, {"id": "2a432e73-12b5-464d-b2de-91301c14979b", "data": [{"text": "Oceanographers have stated that out of 97%, only 5% of the ocean as a whole on Earth has been explored.", "userDefined": false}], "isTemplate": false, "count": 0, "lang": "en", "updated": 0}, {"id": "998fc2b8-b108-4f2c-8ff7-d12af8f80621", "data": [{"text": "Because it is the principal component of Earth's hydrosphere, the world ocean is integral to all known life , forms part of the carbon cycle , and influences climate and weather patterns.", "userDefined": false}], "isTemplate": false, "count": 0, "lang": "en", "updated": 0}, {"id": "552d25f5-7589-4b6a-9e36-60a1eb360b9b", "data": [{"text": "The total volume is approximately 1.3 billion cubic kilometres (310 million cu mi) with an average depth of .", "userDefined": false}], "isTemplate": false, "count": 0, "lang": "en", "updated": 0}, {"id": "efe927bf-c6d4-4efe-b37d-83e367eaa772", "data": [{"text": "It is the habitat of 230,000 known species , although much of the ocean's depths remain unexplored and it is estimated that over two million marine species exist.", "userDefined": false}], "isTemplate": false, "count": 0, "lang": "en", "updated": 0}, {"id": "80894328-aec5-47e1-b716-9dc6a7cfd712", "data": [{"text": "The origin of Earth's oceans is still unknown, but oceans are believed to have formed in the Hadean period and may have been the impetus for the emergence of life .", "userDefined": false}], "isTemplate": false, "count": 0, "lang": "en", "updated": 0}, {"id": "f2c88697-5032-4162-b460-c2cc42c83bd9", "data": [{"text": "Extraterrestrial oceans may be composed of a wide range of elements and compounds .", "userDefined": false}], "isTemplate": false, "count": 0, "lang": "en", "updated": 0}, {"id": "b3bcc6aa-c1e5-4d7c-b5e8-70ee814fc866", "data": [{"text": "The only confirmed large stable bodies of extraterrestrial surface liquids are the lakes of Titan , although there is evidence for the existence of oceans elsewhere in the Solar System .", "userDefined": false}], "isTemplate": false, "count": 0, "lang": "en", "updated": 0}, {"id": "d8d57a65-d550-4579-829c-9115945e6900", "data": [{"text": "Early in their geologic histories, Mars and Venus are theorized to have had large water oceans.", "userDefined": false}], "isTemplate": false, "count": 0, "lang": "en", "updated": 0}, {"id": "65391641-c089-4d72-9b0a-9cb54c7dfb3b", "data": [{"text": "The Mars ocean hypothesis suggests that nearly a third of the surface of Mars was once covered by water, though the water on Mars is no longer oceanic, and a runaway greenhouse effect may have boiled away the global ocean of Venus.", "userDefined": false}], "isTemplate": false, "count": 0, "lang": "en", "updated": 0}]