[{"id": "54796828-f8b3-4eb4-90a8-11c290a96be5", "data": [{"text": "A schematic presentation of the plum pudding model of the atom ; in Thomson's mathematical model the \"corpuscles\" (or modern electrons ) were arranged non-randomly, in rotating rings", "userDefined": false}], "isTemplate": false, "count": 0, "lang": "en", "updated": 0}, {"id": "ae633afe-1190-43cb-9c70-6fe5872720b4", "data": [{"text": "The current model of the sub-atomic structure involves a dense nucleus surrounded by a probabilistic \"cloud\" of electrons", "userDefined": false}], "isTemplate": false, "count": 0, "lang": "en", "updated": 0}, {"id": "de3d9b6d-53bc-4909-b2c4-e2dd343053eb", "data": [{"text": "The plum pudding model of the atom by J. J. Thomson , who discovered the electron in 1897, was proposed in 1904 before the discovery of the atomic nucleus in order to add the electron to the atomic model.", "userDefined": false}], "isTemplate": false, "count": 0, "lang": "en", "updated": 0}, {"id": "910950ce-365a-4542-85d7-33b637c10a95", "data": [{"text": "In this model, the atom is composed of electrons (which Thomson still called \"corpuscles\", though G. J. Stoney had proposed that atoms of electricity be called electrons in 1894) surrounded by a soup of positive charge to balance the electrons' negative charges, like negatively charged \" plums \" surrounded by positively charged \" pudding \".", "userDefined": false}], "isTemplate": false, "count": 0, "lang": "en", "updated": 0}, {"id": "c30f7dca-9a35-47b4-b041-e7727d269638", "data": [{"text": "The electrons (as we know them today) were thought to be positioned throughout the atom, but with many structures possible for positioning multiple electrons, particularly rotating rings of electrons (see below).", "userDefined": false}], "isTemplate": false, "count": 0, "lang": "en", "updated": 0}, {"id": "4e76354a-bd15-4c20-ac19-a58f35ebc1b1", "data": [{"text": "Instead of a soup, the atom was also sometimes said to have had a \"cloud\" of positive charge.", "userDefined": false}], "isTemplate": false, "count": 0, "lang": "en", "updated": 0}, {"id": "a9b0cef1-f67e-47d5-87be-2e53a952b18c", "data": [{"text": "With this model, Thomson abandoned his earlier \"nebular atom\" hypothesis in which the atom was composed of immaterial vortices.", "userDefined": false}], "isTemplate": false, "count": 0, "lang": "en", "updated": 0}, {"id": "3e6dac07-84bc-4b75-a87a-d1fc680ab4f6", "data": [{"text": "Now, at least part of the atom was to be composed of Thomson's particulate negative corpuscles, although the rest of the positively charged part of the atom remained somewhat nebulous and ill-defined.", "userDefined": false}], "isTemplate": false, "count": 0, "lang": "en", "updated": 0}, {"id": "6b8e04be-eb88-4351-ac26-97d8281c92da", "data": [{"text": "The 1904 Thomson model was disproved by the 1909 gold foil experiment of Hans Geiger and Ernest Marsden .", "userDefined": false}], "isTemplate": false, "count": 0, "lang": "en", "updated": 0}, {"id": "2d8e1b21-c768-4d14-9e53-ab4ed1046fdc", "data": [{"text": "This was interpreted by Ernest Rutherford in 1911", "userDefined": false}], "isTemplate": false, "count": 0, "lang": "en", "updated": 0}, {"id": "68f4d6bf-a138-41d9-8562-fb6d19e8160f", "data": [{"text": "to imply a very small nucleus of the atom containing a very high positive charge (in the case of gold, enough to balance about 100 electrons), thus leading to the Rutherford model of the atom.", "userDefined": false}], "isTemplate": false, "count": 0, "lang": "en", "updated": 0}, {"id": "283aeeb8-5511-4c08-ac28-44b06f4cf990", "data": [{"text": "Although gold has an atomic number of 79, immediately after Rutherford's paper appeared in 1911 Antonius Van den Broek made the intuitive suggestion that atomic number is nuclear charge.", "userDefined": false}], "isTemplate": false, "count": 0, "lang": "en", "updated": 0}, {"id": "c2f164f5-efb4-4037-ab7d-fe1c40cae6f5", "data": [{"text": "The matter required experiment to decide.", "userDefined": false}], "isTemplate": false, "count": 0, "lang": "en", "updated": 0}, {"id": "705a1c92-3171-41aa-ad7f-9d24b8c8e7ba", "data": [{"text": "Henry Moseley 's work showed experimentally in 1913 (see Moseley's law ) that the effective nuclear charge was very close to the atomic number (Moseley found only one unit difference), and Moseley referenced only the papers of Van den Broek and Rutherford.", "userDefined": false}], "isTemplate": false, "count": 0, "lang": "en", "updated": 0}, {"id": "fa06b90c-ed89-4598-b647-6e955bdc1b6e", "data": [{"text": "This work culminated in the solar-system-like (but quantum-limited) Bohr model of the atom in the same year, in which a nucleus containing an atomic number of positive charge is surrounded by an equal number of electrons in orbital shells.", "userDefined": false}], "isTemplate": false, "count": 0, "lang": "en", "updated": 0}, {"id": "3f04d14e-5d8d-4cef-bf5c-df83d8b63773", "data": [{"text": "Bohr had also inspired Moseley's work.", "userDefined": false}], "isTemplate": false, "count": 0, "lang": "en", "updated": 0}, {"id": "9ae9723a-3307-4d9b-bec0-ed6e736dd36d", "data": [{"text": "Thomson's model was compared (though not by Thomson) to a British dessert called plum pudding , hence the name.", "userDefined": false}], "isTemplate": false, "count": 0, "lang": "en", "updated": 0}, {"id": "0657780d-914b-4c9b-a94c-0a27ef3c87b2", "data": [{"text": "Thomson's paper was published in the March 1904 edition of the Philosophical Magazine , the leading British science journal of the day.", "userDefined": false}], "isTemplate": false, "count": 0, "lang": "en", "updated": 0}, {"id": "ce177374-5926-4625-880f-2101b9f19c03", "data": [{"text": "In Thomson's view: ... the atoms of the elements consist of a number of negatively electrified corpuscles enclosed in a sphere of uniform positive electrification, ...", "userDefined": false}], "isTemplate": false, "count": 0, "lang": "en", "updated": 0}]