[{"id": "f9fe7361-187a-422b-8a71-7ac54cb97de1", "data": [{"text": "Benedict XVI (, , ; born Joseph Aloisius Ratzinger on 16 April 1927) is Pope emeritus of the Catholic Church .", "userDefined": false}], "isTemplate": false, "count": 0, "lang": "en", "updated": 0}, {"id": "3b3d68de-6488-42d4-b1c8-be46d0983f5e", "data": [{"text": "He served as Pope from 2005 to 2013.", "userDefined": false}], "isTemplate": false, "count": 0, "lang": "en", "updated": 0}, {"id": "ea442cf1-a828-4b97-b7fd-5c3841b76d7b", "data": [{"text": "In that position, he was both the leader of the Catholic Church and Sovereign of the Vatican City State.", "userDefined": false}], "isTemplate": false, "count": 0, "lang": "en", "updated": 0}, {"id": "31b9d2db-777f-4adb-a8f9-2cd489408e3c", "data": [{"text": "Benedict was elected on 19 April 2005 in a papal conclave , celebrated his Papal Inauguration Mass on 24 April 2005, and took possession of his cathedral, the Archbasilica of St. John Lateran , on 7 May 2005.", "userDefined": false}], "isTemplate": false, "count": 0, "lang": "en", "updated": 0}, {"id": "8dfce43c-c6c5-47ef-b69b-e522d1b13a9c", "data": [{"text": "Ordained as a priest in 1951 in his native Bavaria , Ratzinger established himself as a highly regarded university theologian by the late 1950s and was appointed a full professor in 1958.", "userDefined": false}], "isTemplate": false, "count": 0, "lang": "en", "updated": 0}, {"id": "b17744aa-0dd8-4b33-b896-6a0ef105e83c", "data": [{"text": "After a long career as an academic, serving as a professor of theology at several German universities\u2014the last being the University of Regensburg , where he served as Vice President of the university in 1976 and 1977\u2014he was appointed Archbishop of Munich and Freising and cardinal by Pope Paul VI in 1977, an unusual promotion for someone with little pastoral experience.", "userDefined": false}], "isTemplate": false, "count": 0, "lang": "en", "updated": 0}, {"id": "c2df8ed9-1705-4bb4-b84a-a5e826b9c062", "data": [{"text": "In 1981, he settled in Rome when he became Prefect of the Congregation for the Doctrine of the Faith , one of the most important dicasteries of the Roman Curia .", "userDefined": false}], "isTemplate": false, "count": 0, "lang": "en", "updated": 0}, {"id": "60a3c3c7-72ce-4013-915f-b84eb6abbbec", "data": [{"text": "From 2002 until his election as pope, he was also Dean of the College of Cardinals , and as such, the primus inter pares among the cardinals.", "userDefined": false}], "isTemplate": false, "count": 0, "lang": "en", "updated": 0}, {"id": "5c0e80b6-b5cf-4a82-90ba-49c6d971e5da", "data": [{"text": "Prior to becoming pope, he was \"a major figure on the Vatican stage for a quarter of a century\" as \"one of the most respected, influential and controversial members of the College of Cardinals\"; he had an influence \"second to none when it came to setting church priorities and directions\" as one of Pope John Paul II 's closest confidants.", "userDefined": false}], "isTemplate": false, "count": 0, "lang": "en", "updated": 0}, {"id": "95f8cb84-4aad-4ec4-942f-54403d512038", "data": [{"text": "He was originally a liberal theologian, but adopted conservative views after 1968.", "userDefined": false}], "isTemplate": false, "count": 0, "lang": "en", "updated": 0}, {"id": "434f18cb-ccd6-4c11-a767-f3e10a4981ab", "data": [{"text": "His prolific writings defend traditional Catholic doctrine and values.", "userDefined": false}], "isTemplate": false, "count": 0, "lang": "en", "updated": 0}, {"id": "73036479-aef0-419a-91ca-0cde32dc63ae", "data": [{"text": "During his papacy, Benedict XVI advocated a return to fundamental Christian values to counter the increased secularisation of many Western countries .", "userDefined": false}], "isTemplate": false, "count": 0, "lang": "en", "updated": 0}, {"id": "97ba74e4-a925-40ac-98e8-c3b449a164e0", "data": [{"text": "He views relativism 's denial of objective truth , and the denial of moral truths in particular, as the central problem of the 21st century.", "userDefined": false}], "isTemplate": false, "count": 0, "lang": "en", "updated": 0}, {"id": "af4d6c1e-0618-4530-91e4-e34f661db816", "data": [{"text": "He taught the importance of both the Catholic Church and an understanding of God's redemptive love.", "userDefined": false}], "isTemplate": false, "count": 0, "lang": "en", "updated": 0}, {"id": "f23cbf4e-1a0b-4421-9113-ee3af751eb82", "data": [{"text": "Pope Benedict also revived a number of traditions including elevating the Tridentine Mass to a more prominent position.", "userDefined": false}], "isTemplate": false, "count": 0, "lang": "en", "updated": 0}, {"id": "69a9ab44-1d56-4f07-9084-6c4a50d37cf0", "data": [{"text": "He renewed the relationship between the Catholic Church and art, viewing the use of beauty as a path to the sacred, promoted the use of Latin , and reintroduced traditional papal garments, for which reason he was called \"the pope of aesthetics\".", "userDefined": false}], "isTemplate": false, "count": 0, "lang": "en", "updated": 0}, {"id": "51f09867-52d1-4ead-a141-4fd6cb26772e", "data": [{"text": "He has been described as \"the main intellectual force in the Church\" since the mid-1980s.", "userDefined": false}], "isTemplate": false, "count": 0, "lang": "en", "updated": 0}, {"id": "dc0f2634-fa4d-4eba-a495-4de939ad76e0", "data": [{"text": "Several of Pope Benedict's students from his academic career are also prominent churchmen today and confidantes of him, notably Christoph Sch\u00f6nborn .", "userDefined": false}], "isTemplate": false, "count": 0, "lang": "en", "updated": 0}]