[{"id": "bbcdaa4c-1929-434a-8307-52cbfb9b7583", "data": [{"text": "Princess cut diamond set in a ring", "userDefined": false}], "isTemplate": false, "count": 0, "lang": "en", "updated": 0}, {"id": "f5c5e114-7080-4cc3-afba-2578f4fc691d", "data": [{"text": "The Princess cut is the second most popular cut shape for diamonds , next to a round brilliant .", "userDefined": false}], "isTemplate": false, "count": 0, "lang": "en", "updated": 0}, {"id": "2893668e-be21-446a-a27a-510caf534c64", "data": [{"text": "The face-up shape of the princess cut is square or rectangular and the profile or side-on shape is similar to that of an inverted pyramid with four beveled sides.", "userDefined": false}], "isTemplate": false, "count": 0, "lang": "en", "updated": 0}, {"id": "82b31b12-1be4-4ff5-a114-9b6c2a34a906", "data": [{"text": "The princess cut is a relatively new diamond cut, having been created in the 1960s.", "userDefined": false}], "isTemplate": false, "count": 0, "lang": "en", "updated": 0}, {"id": "ce08f3ae-6409-4aaa-a6c7-f903244c715f", "data": [{"text": "It has gained in popularity in recent years as a more distinctive alternative to the more popular round brilliant cut , in which the top of diamond, called the crown, is cut with a round face-up shape and the bottom, called the pavilion, is shaped similar to a cone .", "userDefined": false}], "isTemplate": false, "count": 0, "lang": "en", "updated": 0}, {"id": "7c2320e6-274c-43e7-b33f-81506eaf84a8", "data": [{"text": "A princess cut with the same width as the diameter of a round brilliant will weigh more as it has four corners which would otherwise have been cut off and rounded to form a round brilliant.", "userDefined": false}], "isTemplate": false, "count": 0, "lang": "en", "updated": 0}, {"id": "644300bc-8f06-4307-a725-fd131cf2f85f", "data": [{"text": "The princess cut is sometimes referred to as a square modified brilliant.", "userDefined": false}], "isTemplate": false, "count": 0, "lang": "en", "updated": 0}, {"id": "24cb13f4-4e81-4c4b-b685-83a548881779", "data": [{"text": "However, while displaying the same high degree of brilliance, its faceting style is unique and completely different from that of a round brilliant.", "userDefined": false}], "isTemplate": false, "count": 0, "lang": "en", "updated": 0}, {"id": "3cd89083-eca9-4fdd-ba59-c0ce29417fa9", "data": [{"text": "The Princess cut had its origins in the early \"French\" cut, having a step-modified \"Double-French\" or \"Cross\" cut crown and a series of unique, chevron-shaped facets in the pavilion which combine to give a distinct cross-shaped reflection when the stone is viewed directly through the table.", "userDefined": false}], "isTemplate": false, "count": 0, "lang": "en", "updated": 0}, {"id": "e485fff0-9fd7-4f2c-a65f-ae07ac92d1e2", "data": [{"text": "Effectively, the Princess cut combines the high degree of light return of a round brilliant cut with a distinctive square or rectangular shape.", "userDefined": false}], "isTemplate": false, "count": 0, "lang": "en", "updated": 0}, {"id": "5223554a-00ca-4177-87cc-1d3608d0c201", "data": [{"text": "The square princess cut diamond is usually slightly cheaper than round brilliant cut diamonds of the same carat weight because it retains about 80% of the rough diamond, as opposed to the round brilliant which retains only about 50% of the rough.", "userDefined": false}], "isTemplate": false, "count": 0, "lang": "en", "updated": 0}, {"id": "f82c3656-98d3-4fbc-92f4-0809f26d91f8", "data": [{"text": "The ability to retain more crystal weight makes this shape popular amongst diamond cutters.", "userDefined": false}], "isTemplate": false, "count": 0, "lang": "en", "updated": 0}, {"id": "8627ee22-9105-4dff-95fa-80e3f58c9a34", "data": [{"text": "Accredited Gem Appraisers (AGA) and American Gem Society Laboratory (AGSL) and European Gem Laboratories-USA (EGL-USA) are currently the only labs that grade the Princess cut for cut.", "userDefined": false}], "isTemplate": false, "count": 0, "lang": "en", "updated": 0}, {"id": "59768b18-c7a9-4baa-a448-8a5a80f9bb9f", "data": [{"text": "There is no universal definition of what measurements make an ideal princess cut diamond and many diamond manufacturers market ideal diamonds with differing facet patterns and angles as \"ideal cut\".", "userDefined": false}], "isTemplate": false, "count": 0, "lang": "en", "updated": 0}, {"id": "af3afe5d-75c1-4a1c-8475-05b25e56f8d3", "data": [{"text": "In contrast to the AGSL, AGA, and EGL-USA the Gemological Institute of America (GIA) has stated that there is not enough industry consensus or empirical data to specify cut grading standards for Princess cut diamonds and to do so is at the risk of consumers who may be deceived by diamonds accompanied by unqualified Ideal or Excellent cut grades.", "userDefined": false}], "isTemplate": false, "count": 0, "lang": "en", "updated": 0}, {"id": "372e7acd-6d21-4a94-ba60-9f220e3e4a78", "data": [{"text": "The name \"Princess Cut\" was originally used in connection with another diamond cut, otherwise known as the \"Profile\" cut, designed by Arpad Nagy, a London cutter, in 1961.", "userDefined": false}], "isTemplate": false, "count": 0, "lang": "en", "updated": 0}, {"id": "4579da61-42c9-4122-b881-00f0e337b120", "data": [{"text": "The same name was later used and made popular by Ygal Perlman, Betzalel Ambar, and Israel Itzkowitz in Israel in 1979.", "userDefined": false}], "isTemplate": false, "count": 0, "lang": "en", "updated": 0}, {"id": "78a3a3af-cc5c-4424-a97e-4803beeef6e6", "data": [{"text": "A similar cut with only 49 facets, as opposed to the original 58 facets of the princess cut, was later branded the \"Quadrillion\" and initially distributed by Ambar Diamonds in Los Angeles.", "userDefined": false}], "isTemplate": false, "count": 0, "lang": "en", "updated": 0}, {"id": "de84ed05-0059-4fab-af61-e765f71e01b7", "data": [{"text": "Three years of optical research yielded a square stone with faceting similar to that of a round brilliant cut diamond.", "userDefined": false}], "isTemplate": false, "count": 0, "lang": "en", "updated": 0}, {"id": "fbb6f416-95f2-4a31-b5f4-bee24f138f4a", "data": [{"text": "A Comparison", "userDefined": false}], "isTemplate": false, "count": 0, "lang": "en", "updated": 0}]