[{"id": "6e6111c0-2c19-4b38-8f35-3fe6dd0c9240", "data": [{"text": "Alpha decay is one example type of radioactive decay, in which an atomic nucleus emits an alpha particle , and thereby transforms (or 'decays') into an atom with a mass number 4 less and atomic number 2 less.", "userDefined": false}], "isTemplate": false, "count": 0, "lang": "en", "updated": 0}, {"id": "dd105884-af6f-4aa0-a4a2-1a4dde1e7ab9", "data": [{"text": "Many other types of decays are possible.", "userDefined": false}], "isTemplate": false, "count": 0, "lang": "en", "updated": 0}, {"id": "d3439bc3-ef96-4ae5-8e37-ed9a739fc934", "data": [{"text": "Radioactive decay, also known as nuclear decay or radioactivity, is the process by which a nucleus of an unstable atom loses energy by emitting particles of ionizing radiation .", "userDefined": false}], "isTemplate": false, "count": 0, "lang": "en", "updated": 0}, {"id": "884e148b-c5e6-430c-b7cb-4a05bc3cb8c9", "data": [{"text": "A material that spontaneously emits this kind of radiation \u2014 which includes the emission of energetic alpha particles , beta particles , and gamma rays \u2014 is considered radioactive.", "userDefined": false}], "isTemplate": false, "count": 0, "lang": "en", "updated": 0}, {"id": "0a205e55-2a6b-4269-8ec5-b4824c4a65a6", "data": [{"text": "There are many different types of radioactive decay (see table below).", "userDefined": false}], "isTemplate": false, "count": 0, "lang": "en", "updated": 0}, {"id": "fe4124b6-7476-4d34-af07-fea15465167c", "data": [{"text": "A decay, or loss of energy, results when an atom with one type of nucleus, called the parent radionuclide , transforms to an atom with a nucleus in a different state, or to a different nucleus containing different numbers of protons and neutrons .", "userDefined": false}], "isTemplate": false, "count": 0, "lang": "en", "updated": 0}, {"id": "c9890adf-aefa-4add-aff7-2f833fb02dc6", "data": [{"text": "Either of these products is named the daughter nuclide.", "userDefined": false}], "isTemplate": false, "count": 0, "lang": "en", "updated": 0}, {"id": "9bdd64e5-4067-4050-8724-2c745ff4d04a", "data": [{"text": "In some decays the parent and daughter are different chemical elements , and thus the decay process results in nuclear transmutation (creation of an atom of a new element).", "userDefined": false}], "isTemplate": false, "count": 0, "lang": "en", "updated": 0}, {"id": "3677d3ce-c476-4169-b789-7ef43d1ac9d5", "data": [{"text": "The first decay processes to be discovered were alpha decay , beta decay , and gamma decay .", "userDefined": false}], "isTemplate": false, "count": 0, "lang": "en", "updated": 0}, {"id": "e2c79213-9127-4d7e-97e4-a8e6b97e1fd7", "data": [{"text": "Alpha decay occurs when the nucleus ejects an alpha particle (helium nucleus).", "userDefined": false}], "isTemplate": false, "count": 0, "lang": "en", "updated": 0}, {"id": "132f84ce-fac9-42e9-95e2-c732e5492e58", "data": [{"text": "This is the most common process of emitting nucleons , but in rarer types of decays, nuclei can eject protons , or specific nuclei of other elements (in the process called cluster decay ).", "userDefined": false}], "isTemplate": false, "count": 0, "lang": "en", "updated": 0}, {"id": "3fb2eff2-a281-4ddd-9776-4e68d9ffe1bb", "data": [{"text": "Beta decay occurs when the nucleus emits an electron or positron and a type of neutrino , in a process that changes a proton to a neutron or the other way around.", "userDefined": false}], "isTemplate": false, "count": 0, "lang": "en", "updated": 0}, {"id": "e928c033-19b3-48ea-8e83-86efff5d9622", "data": [{"text": "The nucleus may capture an orbiting electron, converting a proton into a neutron ( electron capture ).", "userDefined": false}], "isTemplate": false, "count": 0, "lang": "en", "updated": 0}, {"id": "f7f75b5f-7ecf-47ff-bb79-9ee3f4db8ae6", "data": [{"text": "All of these processes result in nuclear transmutation.", "userDefined": false}], "isTemplate": false, "count": 0, "lang": "en", "updated": 0}, {"id": "9a0544fe-c69e-454f-a681-d21dca032f6a", "data": [{"text": "By contrast, there exist radioactive decay processes that do not result in transmutation.", "userDefined": false}], "isTemplate": false, "count": 0, "lang": "en", "updated": 0}, {"id": "bd7ed31a-4f6d-4fca-bf3b-7715cfbb9d19", "data": [{"text": "The energy of an excited nucleus may be emitted as a gamma ray in gamma decay, or used to eject an orbital electron by interaction with the excited nucleus in a process called internal conversion .", "userDefined": false}], "isTemplate": false, "count": 0, "lang": "en", "updated": 0}, {"id": "cd2787a7-621a-4448-95e5-1ed9cb94a4d0", "data": [{"text": "Radioisotopes occasionally emit neutrons, and this results in a change in an element from one isotope to another.", "userDefined": false}], "isTemplate": false, "count": 0, "lang": "en", "updated": 0}, {"id": "56530cb7-b3b0-4b94-a8a4-f0e20f2f9317", "data": [{"text": "One type of radioactive decay results in products which are not defined, but appear in a range of \"pieces\" of the original nucleus.", "userDefined": false}], "isTemplate": false, "count": 0, "lang": "en", "updated": 0}]