[{"id": "abc4ee68-57f0-44c2-b7f0-0fca0ff66cb8", "data": [{"text": "The ribosome assembles polymeric protein molecules whose sequence is controlled by the sequence of messenger RNA molecules.", "userDefined": false}], "isTemplate": false, "count": 0, "lang": "en", "updated": 0}, {"id": "52bb7496-d433-47db-a3ac-b2de472ac07c", "data": [{"text": "This is required by all living cells and associated viruses.", "userDefined": false}], "isTemplate": false, "count": 0, "lang": "en", "updated": 0}, {"id": "dc22ff32-5450-4c3a-932d-8ea89376b2bd", "data": [{"text": "The ribosome (from ribonucleic acid and the Greek soma, meaning \"body\") is a large and complex molecular machine, found within all living cells, that serves as the primary site of biological protein synthesis (translation).", "userDefined": false}], "isTemplate": false, "count": 0, "lang": "en", "updated": 0}, {"id": "6401f71d-db47-4d5d-a2a5-b2c886de30b2", "data": [{"text": "Ribosomes link amino acids together in the order specified by messenger RNA (mRNA) molecules.", "userDefined": false}], "isTemplate": false, "count": 0, "lang": "en", "updated": 0}, {"id": "fa743c84-98c2-41c5-a18a-ac23ef70a4fa", "data": [{"text": "Ribosomes consist of two major subunits\u2014the small ribosomal subunit reads the mRNA, while the large subunit joins amino acids to form a polypeptide chain.", "userDefined": false}], "isTemplate": false, "count": 0, "lang": "en", "updated": 0}, {"id": "902125ca-db84-47d8-8e4f-b7947e194d87", "data": [{"text": "Each subunit is composed of one or more ribosomal RNA (rRNA) molecules and a variety of proteins.", "userDefined": false}], "isTemplate": false, "count": 0, "lang": "en", "updated": 0}, {"id": "fed44816-cdc4-4d38-bec7-36d8b67c99ce", "data": [{"text": "The sequence of DNA encoding for a protein may be copied many times into messenger RNA (mRNA) chains of a similar sequence.", "userDefined": false}], "isTemplate": false, "count": 0, "lang": "en", "updated": 0}, {"id": "c42d1ee5-e649-4d0b-b353-88c9d347d18f", "data": [{"text": "Ribosomes can bind to an mRNA chain and use it as a template for determining the correct sequence of amino acids in a particular protein.", "userDefined": false}], "isTemplate": false, "count": 0, "lang": "en", "updated": 0}, {"id": "ac1f5e6a-be25-4dfb-b629-9befd0810d1a", "data": [{"text": "Amino acids are selected, collected and carried to the ribosome by transfer RNA (tRNA molecules), which enter one part of the ribosome and bind to the messenger RNA chain.", "userDefined": false}], "isTemplate": false, "count": 0, "lang": "en", "updated": 0}, {"id": "3f991c1b-bbdc-435a-b559-56511b70a88c", "data": [{"text": "The attached amino acids are then linked together by another part of the ribosome.", "userDefined": false}], "isTemplate": false, "count": 0, "lang": "en", "updated": 0}, {"id": "67a68628-c378-4355-a1a0-94aba6f605d6", "data": [{"text": "Once the protein is produced, it can then 'fold' to produce a specific functional three-dimensional structure.", "userDefined": false}], "isTemplate": false, "count": 0, "lang": "en", "updated": 0}, {"id": "e064421e-04b4-463e-9f40-226560380298", "data": [{"text": "A ribosome is made from complexes of RNAs and proteins and is therefore a ribonucleoprotein .", "userDefined": false}], "isTemplate": false, "count": 0, "lang": "en", "updated": 0}, {"id": "f4c6dc22-e389-4729-8c2a-9c287529cf1a", "data": [{"text": "Each ribosome is divided into two subunits: the smaller subunit binds to the mRNA pattern, while the larger subunit binds to the tRNA and the amino acids.", "userDefined": false}], "isTemplate": false, "count": 0, "lang": "en", "updated": 0}, {"id": "adc3fb55-37de-469e-9463-215018113315", "data": [{"text": "When a ribosome finishes reading an mRNA molecule, these two subunits split apart.", "userDefined": false}], "isTemplate": false, "count": 0, "lang": "en", "updated": 0}, {"id": "37409f83-3410-4b08-9130-6054afe8cb8b", "data": [{"text": "Ribosomes are ribozymes , because the catalytic peptidyl transferase activity that links amino acids together is performed by the ribosomal RNA .", "userDefined": false}], "isTemplate": false, "count": 0, "lang": "en", "updated": 0}, {"id": "2f3c2e2c-532d-4ee6-82a7-9f150104c400", "data": [{"text": "Ribosomes from bacteria , archaea and eukaryotes (the three domains of life on Earth ) differ in their size, sequence, structure, and the ratio of protein to RNA.", "userDefined": false}], "isTemplate": false, "count": 0, "lang": "en", "updated": 0}, {"id": "0b50ec06-4dcf-4667-b2dd-9c45bdc23392", "data": [{"text": "The differences in structure allow some antibiotics to kill bacteria by inhibiting their ribosomes, while leaving human ribosomes unaffected.", "userDefined": false}], "isTemplate": false, "count": 0, "lang": "en", "updated": 0}]