[{"id": "d8485119-b38d-4c26-a239-6158bca21847", "data": [{"text": "Richard Milhous Nixon (January 9, 1913 \u2013 April 22, 1994) was the 37th President of the United States , serving from 1969 to 1974, when he became the only president to resign the office.", "userDefined": false}], "isTemplate": false, "count": 0, "lang": "en", "updated": 0}, {"id": "4abe603d-75a6-4af1-847a-52eb97483872", "data": [{"text": "Nixon had previously served as a Republican U.S. representative and senator from California and as the 36th Vice President of the United States from 1953 to 1961.", "userDefined": false}], "isTemplate": false, "count": 0, "lang": "en", "updated": 0}, {"id": "bde46350-95fe-4648-b291-72ddb29e08f0", "data": [{"text": "Nixon was born in Yorba Linda , California.", "userDefined": false}], "isTemplate": false, "count": 0, "lang": "en", "updated": 0}, {"id": "29f17e6c-35e8-4a38-ab6e-95e5ecd935a3", "data": [{"text": "He graduated from Whittier College in 1934 and Duke University School of Law in 1937, returning to California to practice law.", "userDefined": false}], "isTemplate": false, "count": 0, "lang": "en", "updated": 0}, {"id": "7e68143b-6def-46d1-9d10-c3ab31520dbe", "data": [{"text": "He and his wife, Pat Nixon , moved to Washington to work for the federal government in 1942.", "userDefined": false}], "isTemplate": false, "count": 0, "lang": "en", "updated": 0}, {"id": "ad5324ba-ba17-4d34-94a6-de6f6f8f880f", "data": [{"text": "He subsequently served in the United States Navy during World War II .", "userDefined": false}], "isTemplate": false, "count": 0, "lang": "en", "updated": 0}, {"id": "50ae247a-1e48-4afe-9fa7-35dafec63835", "data": [{"text": "Nixon was elected in California to the House of Representatives in 1946 and to the Senate in 1950 .", "userDefined": false}], "isTemplate": false, "count": 0, "lang": "en", "updated": 0}, {"id": "97a0ced4-85ed-41f9-a96e-927a9d24ef5f", "data": [{"text": "His pursuit of the Alger Hiss case established his reputation as a leading anti-communist , and elevated him to national prominence.", "userDefined": false}], "isTemplate": false, "count": 0, "lang": "en", "updated": 0}, {"id": "c8f8c1c9-42bd-4c38-b53d-98625e484091", "data": [{"text": "He was the running mate of Dwight D. Eisenhower , the Republican Party presidential nominee in the 1952 election .", "userDefined": false}], "isTemplate": false, "count": 0, "lang": "en", "updated": 0}, {"id": "b91c4213-625c-4f2c-9087-244205b95a4b", "data": [{"text": "Nixon served for eight years as vice president.", "userDefined": false}], "isTemplate": false, "count": 0, "lang": "en", "updated": 0}, {"id": "423f0925-e37b-441e-b159-a5d276c9fe68", "data": [{"text": "He waged an unsuccessful presidential campaign in 1960 , narrowly losing to John F. Kennedy , and lost a race for Governor of California in 1962 .", "userDefined": false}], "isTemplate": false, "count": 0, "lang": "en", "updated": 0}, {"id": "a319277e-b6a8-46ae-bacc-84e9bed89fc4", "data": [{"text": "In 1968, he ran again for the presidency and was elected .", "userDefined": false}], "isTemplate": false, "count": 0, "lang": "en", "updated": 0}, {"id": "a0212623-0b78-43e4-ab8a-48e6893a409b", "data": [{"text": "Although Nixon initially escalated America's involvement in the Vietnam War , he subsequently ended U.S. involvement in 1973.", "userDefined": false}], "isTemplate": false, "count": 0, "lang": "en", "updated": 0}, {"id": "311f9fd3-e8f4-4f5e-aaa7-027c16ee183c", "data": [{"text": "Nixon's visit to the People's Republic of China in 1972 opened diplomatic relations between the two nations, and he initiated d\u00e9tente and the Anti-Ballistic Missile Treaty with the Soviet Union the same year.", "userDefined": false}], "isTemplate": false, "count": 0, "lang": "en", "updated": 0}, {"id": "35a8d3a4-15b9-4fac-9b99-e6a65ebabf88", "data": [{"text": "Domestically, his administration generally embraced policies that transferred power from Washington to the states.", "userDefined": false}], "isTemplate": false, "count": 0, "lang": "en", "updated": 0}, {"id": "b984372b-ee3a-4fe5-8040-434641f5a3a7", "data": [{"text": "Among other things, he launched initiatives to fight cancer and illegal drugs , imposed wage and price controls, enforced desegregation of some Southern schools, and established the Environmental Protection Agency .", "userDefined": false}], "isTemplate": false, "count": 0, "lang": "en", "updated": 0}, {"id": "38ec96fb-9a72-43d8-9fb1-daaabc86d43a", "data": [{"text": "Though he presided over the lunar landings beginning with Apollo 11 , he scaled back manned space exploration.", "userDefined": false}], "isTemplate": false, "count": 0, "lang": "en", "updated": 0}, {"id": "d4fe86f5-4672-4736-90c1-e4e7ed49eec3", "data": [{"text": "He was re-elected by a landslide in 1972.", "userDefined": false}], "isTemplate": false, "count": 0, "lang": "en", "updated": 0}]