[{"id": "63179a57-7774-44a3-9c0d-e84cf1231ddd", "data": [{"text": "RMS Titanic was a British passenger liner that sank in the North Atlantic Ocean on 15 April 1912 after colliding with an iceberg during her maiden voyage from Southampton , UK to New York City , US.", "userDefined": false}], "isTemplate": false, "count": 0, "lang": "en", "updated": 0}, {"id": "695c15f9-5dec-4d8d-9161-1d555a5e22b5", "data": [{"text": "The sinking of Titanic caused the deaths of 1,502 people in one of the deadliest peacetime maritime disasters in modern history.", "userDefined": false}], "isTemplate": false, "count": 0, "lang": "en", "updated": 0}, {"id": "01703c2c-cacb-4666-8bff-279dbdafe2ea", "data": [{"text": "The RMS Titanic was the largest ship afloat at the time of her maiden voyage.", "userDefined": false}], "isTemplate": false, "count": 0, "lang": "en", "updated": 0}, {"id": "c1fa0473-6e82-409d-baa8-c8c39c463602", "data": [{"text": "She was the second of three Olympic class ocean liners operated by the White Star Line , and she was built by the Harland and Wolff shipyard in Belfast with Thomas Andrews , who perished with the ship, as her naval architect.", "userDefined": false}], "isTemplate": false, "count": 0, "lang": "en", "updated": 0}, {"id": "c45f16f4-a118-4249-aeac-e8c679d40beb", "data": [{"text": "On her maiden voyage, she carried 2,224 passengers and crew.", "userDefined": false}], "isTemplate": false, "count": 0, "lang": "en", "updated": 0}, {"id": "d121d508-bba7-4b37-8513-02cbb1ac4be0", "data": [{"text": "Under the command of Edward Smith , her passengers included some of the wealthiest people in the world, as well as hundreds of emigrants from Great Britain and Ireland , Scandinavia and elsewhere throughout Europe seeking a new life in North America.", "userDefined": false}], "isTemplate": false, "count": 0, "lang": "en", "updated": 0}, {"id": "8aeed412-3668-4e77-8e17-3e226dd00813", "data": [{"text": "The ship was designed to be the last word in comfort and luxury, with an on-board gymnasium, swimming pool, libraries, high-class restaurants and opulent cabins.", "userDefined": false}], "isTemplate": false, "count": 0, "lang": "en", "updated": 0}, {"id": "f5fd3bc3-b836-41a8-85b1-0711330aa891", "data": [{"text": "She also had a powerful wireless telegraph provided for the convenience of passengers as well as for operational use.", "userDefined": false}], "isTemplate": false, "count": 0, "lang": "en", "updated": 0}, {"id": "825b1cc0-27fb-430c-b922-97a2c14b6763", "data": [{"text": "Though she had advanced safety features such as watertight compartments and remotely activated watertight doors, she lacked enough lifeboats to accommodate all of those aboard.", "userDefined": false}], "isTemplate": false, "count": 0, "lang": "en", "updated": 0}, {"id": "41636e01-8b09-4999-b34c-1620277b41d9", "data": [{"text": "Because of outdated maritime safety regulations, she carried only enough lifeboats for 1,178 people\u2014slightly more than half of the number travelling on the maiden voyage, and one-third her total passenger and crew capacity.", "userDefined": false}], "isTemplate": false, "count": 0, "lang": "en", "updated": 0}, {"id": "581fd920-a5a3-40c1-80c0-14ae341277e6", "data": [{"text": "After leaving Southampton on 10 April 1912, Titanic called at Cherbourg in France and Queenstown (now Cobh ) in Ireland before heading westwards towards New York.", "userDefined": false}], "isTemplate": false, "count": 0, "lang": "en", "updated": 0}, {"id": "0db6a73e-ffe0-475d-a51d-341827f7d9d2", "data": [{"text": "On 14 April 1912, four days into the crossing and about 375 miles (600 km) south of Newfoundland , she hit an iceberg at 11:40 pm ship's time.", "userDefined": false}], "isTemplate": false, "count": 0, "lang": "en", "updated": 0}, {"id": "d2057fb0-1b7d-450d-9c87-63d73b642961", "data": [{"text": "The glancing collision caused Titanics hull plates to buckle inwards along her starboard side and opened five of her sixteen watertight compartments to the sea; the ship gradually filled with water.", "userDefined": false}], "isTemplate": false, "count": 0, "lang": "en", "updated": 0}, {"id": "e213b17f-e09f-4dde-b52c-c1df141dbec3", "data": [{"text": "Meanwhile, passengers and some crew members were evacuated in lifeboats, many of which were launched only partly loaded.", "userDefined": false}], "isTemplate": false, "count": 0, "lang": "en", "updated": 0}, {"id": "2a311817-48fe-4f58-a266-3cc68891012f", "data": [{"text": "A disproportionate number of men were left aboard because of a \" women and children first \" protocol followed by some of the officers loading the lifeboats.", "userDefined": false}], "isTemplate": false, "count": 0, "lang": "en", "updated": 0}, {"id": "f9da7a53-fc9d-4f46-92b0-9da3e4b0260e", "data": [{"text": "By 2:20 AM, she broke apart and foundered, with well over one thousand people still aboard.", "userDefined": false}], "isTemplate": false, "count": 0, "lang": "en", "updated": 0}, {"id": "094ea3fd-2031-4613-a0c2-f5602f877ada", "data": [{"text": "Just under two hours after the Titanic foundered, the Cunard liner RMS Carpathia arrived on the scene of the sinking, where she brought aboard an estimated 705 survivors.", "userDefined": false}], "isTemplate": false, "count": 0, "lang": "en", "updated": 0}, {"id": "40e3b580-bb0c-4155-ba22-847a2a631a28", "data": [{"text": "The disaster was greeted with worldwide shock and outrage at the huge loss of life and the regulatory and operational failures that had led to it.", "userDefined": false}], "isTemplate": false, "count": 0, "lang": "en", "updated": 0}, {"id": "45ce2376-e271-437f-afe9-73bdcb87d64a", "data": [{"text": "Public inquiries in Britain and the United States led to major improvements in maritime safety .", "userDefined": false}], "isTemplate": false, "count": 0, "lang": "en", "updated": 0}, {"id": "b0cbf039-573a-477c-a8b0-d9677a507f3d", "data": [{"text": "One of their most important legacies was the establishment in 1914 of the International Convention for the Safety of Life at Sea (SOLAS), which still governs maritime safety today.", "userDefined": false}], "isTemplate": false, "count": 0, "lang": "en", "updated": 0}, {"id": "b4fea3d0-26e4-4704-af55-9be4125e8f8b", "data": [{"text": "Additionally, several new wireless regulations were passed around the world in an effort to learn from the many missteps in wireless communications---which could have saved many more passengers.", "userDefined": false}], "isTemplate": false, "count": 0, "lang": "en", "updated": 0}, {"id": "9bc138c5-af8b-49a2-88c9-c040c9ec78b3", "data": [{"text": "Many of the survivors lost all of their money and possessions and were left destitute; many families, particularly those of crew members from Southampton, lost their primary bread-winners.", "userDefined": false}], "isTemplate": false, "count": 0, "lang": "en", "updated": 0}]