[{"id": "25500c17-03b9-468c-b07b-4d0743b866fd", "data": [{"text": "Scurvy is a disease resulting from a deficiency of vitamin C , which is required for the synthesis of collagen in humans.", "userDefined": false}], "isTemplate": false, "count": 0, "lang": "en", "updated": 0}, {"id": "adef53b9-4ec0-4555-983d-c2b586f45724", "data": [{"text": "The chemical name for vitamin C, ascorbic acid, is derived from the Latin name of scurvy, scorbutus, which also provides the adjective scorbutic (\"of, characterized by or having to do with scurvy\").", "userDefined": false}], "isTemplate": false, "count": 0, "lang": "en", "updated": 0}, {"id": "8ea3fd26-73f2-4464-95b8-3b4f4e4c1b42", "data": [{"text": "Scurvy often presents itself initially as symptoms of malaise and lethargy, followed by formation of spots on the skin, spongy gums, and bleeding from the mucous membranes .", "userDefined": false}], "isTemplate": false, "count": 0, "lang": "en", "updated": 0}, {"id": "bfd39a3a-3856-4ff4-8050-0a723130f53a", "data": [{"text": "Spots are most abundant on the thighs and legs, and a person with the ailment looks pale, feels depressed, and is partially immobilized.", "userDefined": false}], "isTemplate": false, "count": 0, "lang": "en", "updated": 0}, {"id": "67721c7b-2dcc-49d6-826d-29521bd26c09", "data": [{"text": "As scurvy advances, there can be open, suppurating wounds, loss of teeth, jaundice, fever, neuropathy and death.", "userDefined": false}], "isTemplate": false, "count": 0, "lang": "en", "updated": 0}, {"id": "4f70be37-ad4e-40d0-8389-0b3e3278cb16", "data": [{"text": "Scurvy was at one time common among sailors , pirates and others aboard ships at sea longer than perishable fruits and vegetables could be stored (subsisting instead only on cured and salted meats and dried grains ) and by soldiers similarly deprived of these foods for extended periods.", "userDefined": false}], "isTemplate": false, "count": 0, "lang": "en", "updated": 0}, {"id": "75dd12f9-ec3d-4a29-a59b-9ad33264e89b", "data": [{"text": "It was described by Hippocrates (c. 460 BC\u2013c. 380 BC), and herbal cures for scurvy have been known in many native cultures since prehistory.", "userDefined": false}], "isTemplate": false, "count": 0, "lang": "en", "updated": 0}, {"id": "8edeada3-90c2-4566-b6f5-26a602e78d7e", "data": [{"text": "Scurvy was one of the limiting factors of marine travel, often killing large numbers of the passengers and crew on long-distance voyages .", "userDefined": false}], "isTemplate": false, "count": 0, "lang": "en", "updated": 0}, {"id": "bc6e6d4c-9af9-42d7-8eb0-188747147d52", "data": [{"text": "This became a significant issue in Europe from the beginning of the modern era in the Age of Discovery in the 15th century, continuing to play a significant role through World War I in the 20th century.", "userDefined": false}], "isTemplate": false, "count": 0, "lang": "en", "updated": 0}, {"id": "ddc0bb4a-31c5-48da-9372-7471a046c858", "data": [{"text": "While today scurvy is known to be caused by a nutritional deficiency, until the isolation of vitamin C and direct evidence of its link to scurvy in 1932, numerous theories and treatments were proposed, often on little or no experimental data.", "userDefined": false}], "isTemplate": false, "count": 0, "lang": "en", "updated": 0}, {"id": "9a4bfb51-ed27-494a-ab29-171e0ce1363c", "data": [{"text": "This inconsistency is attributed to the lack of vitamin C as a distinct concept, an inability to reliably link different foods (notably present in fresh citrus, watercress, and organ meat) to scurvy.", "userDefined": false}], "isTemplate": false, "count": 0, "lang": "en", "updated": 0}, {"id": "a4ea3fbd-188b-4ab2-bdb6-b3f6c1fad916", "data": [{"text": "An additional concept required to understand scurvy was the degradation of vitamin C by exposure to air and copper and other transition metal salts such as those of iron, thus changing the links of foods to scurvy over time.", "userDefined": false}], "isTemplate": false, "count": 0, "lang": "en", "updated": 0}, {"id": "7543aa2a-585a-4804-9938-eef60accf9b7", "data": [{"text": "Treatment by fresh food, particularly citrus fruit, was periodically implemented, as it had been since antiquity.", "userDefined": false}], "isTemplate": false, "count": 0, "lang": "en", "updated": 0}, {"id": "39bc46cc-787c-4f66-98e9-7b49fb64b617", "data": [{"text": "However until the 1930s, treatment was inconsistent, with many ineffective treatments used into the 20th century.", "userDefined": false}], "isTemplate": false, "count": 0, "lang": "en", "updated": 0}, {"id": "3fe40947-42b5-4168-8d4e-dd744c0cceae", "data": [{"text": "It was a Scottish surgeon in the Royal Navy , James Lind who first proved it could be treated with citrus fruit in experiments he described in his 1753 book, A Treatise of the Scurvy, though his advice was not implemented by the Royal Navy for several decades .", "userDefined": false}], "isTemplate": false, "count": 0, "lang": "en", "updated": 0}, {"id": "23ae1786-6822-4342-b885-4f569123743b", "data": [{"text": "In infants, scurvy is sometimes referred to as Barlow's disease, named after Sir Thomas Barlow , a British physician who described it.", "userDefined": false}], "isTemplate": false, "count": 0, "lang": "en", "updated": 0}, {"id": "0beb0679-bacb-4619-b94e-3b32012fb278", "data": [{"text": "However, Barlow's disease may also refer to mitral valve prolapse .", "userDefined": false}], "isTemplate": false, "count": 0, "lang": "en", "updated": 0}]