[{"id": "97647e31-0711-4cf6-b396-2e0692054755", "data": [{"text": "is a Latin word that means \"thus\" or, in writing, \"it was thus in the source material\".", "userDefined": false}], "isTemplate": false, "count": 0, "lang": "en", "updated": 0}, {"id": "ff5e3039-9dee-4b05-aa6b-f5753f6a6b44", "data": [{"text": "Sic may also refer to:", "userDefined": false}], "isTemplate": false, "count": 0, "lang": "en", "updated": 0}, {"id": "bd67b50c-f025-4f25-bab3-9bcddaef501e", "data": [{"text": "Sic, Cluj , a commune in Romania", "userDefined": false}], "isTemplate": false, "count": 0, "lang": "en", "updated": 0}, {"id": "81854e4a-9965-4fae-bccb-15125de67c71", "data": [{"text": "SIC, the regional code for Sicily", "userDefined": false}], "isTemplate": false, "count": 0, "lang": "en", "updated": 0}, {"id": "7068018a-df04-429e-8b98-dd0d1f0d61a4", "data": [{"text": "Sic (noise artist) , styled as [sic], stage name of Jennifer Morris, a Canadian noise artist", "userDefined": false}], "isTemplate": false, "count": 0, "lang": "en", "updated": 0}, {"id": "1da6c783-7efc-4fff-b0c3-8b29747fc3dd", "data": [{"text": "Sic (band) is a modern Hardcore/Thrash metal band from Torshavn, the capital of the Faroe Islands", "userDefined": false}], "isTemplate": false, "count": 0, "lang": "en", "updated": 0}, {"id": "6cc7c834-b9a6-4ebb-b139-6cdc169126aa", "data": [{"text": "\"(sic)\", a song by American band Slipknot on the album Slipknot", "userDefined": false}], "isTemplate": false, "count": 0, "lang": "en", "updated": 0}, {"id": "2f4497d7-f806-4521-b870-db2124a8ee25", "data": [{"text": "SIC, the initial of Marco Simoncelli .", "userDefined": false}], "isTemplate": false, "count": 0, "lang": "en", "updated": 0}, {"id": "9f8985be-7fd4-43ab-8ecd-ac35b3bbb2a9", "data": [{"text": "SIC as an acronym may stand for:", "userDefined": false}], "isTemplate": false, "count": 0, "lang": "en", "updated": 0}, {"id": "28f69de9-bf11-4254-a204-50a94ab10dc6", "data": [{"text": "SiC, Silicon carbide , a semiconducting material, also used to make metalworking tools", "userDefined": false}], "isTemplate": false, "count": 0, "lang": "en", "updated": 0}, {"id": "139fd510-a313-41c2-99ca-c6873e72e218", "data": [{"text": "SIC (cyclecar) (Societ\u00e0 Italiana Cyclecars)", "userDefined": false}], "isTemplate": false, "count": 0, "lang": "en", "updated": 0}, {"id": "746b7784-ccc1-41f6-bc35-58f9ca64c361", "data": [{"text": "Standard Industrial Classification , a 20th-century U.S. system for classifying industries", "userDefined": false}], "isTemplate": false, "count": 0, "lang": "en", "updated": 0}, {"id": "7cfacea6-5db2-4870-a093-713b283122dd", "data": [{"text": "International Standard Industrial Classification a UN system for economic activities", "userDefined": false}], "isTemplate": false, "count": 0, "lang": "en", "updated": 0}, {"id": "ee42a892-255f-4e75-a24a-1ca4451b1d7f", "data": [{"text": "Shetland Islands Council", "userDefined": false}], "isTemplate": false, "count": 0, "lang": "en", "updated": 0}, {"id": "74aa10b7-9c0b-4455-bab6-acc0ec9fc5c9", "data": [{"text": "the Swiss Interbank Clearing system", "userDefined": false}], "isTemplate": false, "count": 0, "lang": "en", "updated": 0}, {"id": "52334e72-be15-41aa-bbda-23a682fbcb12", "data": [{"text": "San Isidro Club , an Argentine rugby union club", "userDefined": false}], "isTemplate": false, "count": 0, "lang": "en", "updated": 0}, {"id": "e1974cc7-bcf9-4c1f-869f-1ca5f84148d8", "data": [{"text": "Standing Interpretation Committee, a committee dedicated to the interpretation of international accounting standards IFRS", "userDefined": false}], "isTemplate": false, "count": 0, "lang": "en", "updated": 0}, {"id": "21295abd-c4e1-4563-9aa7-13f21be16869", "data": [{"text": "Schwarz information criterion in the field of statistics", "userDefined": false}], "isTemplate": false, "count": 0, "lang": "en", "updated": 0}, {"id": "1d815cc1-f555-4b42-96e8-3b87fd0b8d02", "data": [{"text": "Second-in-command in the field of aviation", "userDefined": false}], "isTemplate": false, "count": 0, "lang": "en", "updated": 0}, {"id": "af081a47-ec1e-4cca-b6b3-a844db241ca8", "data": [{"text": "Sistema Interconectado Central power grid in Chile", "userDefined": false}], "isTemplate": false, "count": 0, "lang": "en", "updated": 0}, {"id": "4ef1fad1-1750-4af4-bdba-0de570c127c8", "data": [{"text": "Sociedade Independente de Comunica\u00e7\u00e3o (SIC), a television channel in Portugal", "userDefined": false}], "isTemplate": false, "count": 0, "lang": "en", "updated": 0}, {"id": "3bb645cf-fc87-40c0-86db-07807b8be3b3", "data": [{"text": "Sea Isle City, New Jersey , a coastal town in the United States", "userDefined": false}], "isTemplate": false, "count": 0, "lang": "en", "updated": 0}, {"id": "3b64d7f1-7328-482d-aed6-beb1a5ea9908", "data": [{"text": "Segmented Integer Counter mode, a mode of operation in cryptography", "userDefined": false}], "isTemplate": false, "count": 0, "lang": "en", "updated": 0}, {"id": "fcccfaf6-1a69-4084-bf9b-34bef8f5dac4", "data": [{"text": "Sepang International Circuit , a high-end racetrack that hosts the Malaysian round of Formula 1", "userDefined": false}], "isTemplate": false, "count": 0, "lang": "en", "updated": 0}]