[{"id": "117a8411-8788-43de-b6b0-f95fee6ba5d7", "data": [{"text": "A close up picture of a rhinoceros skin.", "userDefined": false}], "isTemplate": false, "count": 0, "lang": "en", "updated": 0}, {"id": "4683eb5e-ff2e-4906-8197-4f19114f782d", "data": [{"text": "Skin is the soft outer covering of vertebrates.", "userDefined": false}], "isTemplate": false, "count": 0, "lang": "en", "updated": 0}, {"id": "2292d489-38fd-4496-a8b1-58b8b2a86679", "data": [{"text": "Other animal coverings such as the arthropod exoskeleton have different developmental origin , structure and chemical composition.", "userDefined": false}], "isTemplate": false, "count": 0, "lang": "en", "updated": 0}, {"id": "4a82233b-a5dc-4bd9-a1f4-57c1c87fdbfe", "data": [{"text": "The adjective cutaneous means \"of the skin\" (from Latin cutis, skin).", "userDefined": false}], "isTemplate": false, "count": 0, "lang": "en", "updated": 0}, {"id": "57d462e0-6e6f-4063-b2ac-3235652a866f", "data": [{"text": "In mammals , the skin is the largest organ of the integumentary system made up of multiple layers of ectodermal tissue , and guards the underlying muscles , bones , ligaments and internal organs .", "userDefined": false}], "isTemplate": false, "count": 0, "lang": "en", "updated": 0}, {"id": "cdd4e4ed-6857-4ad3-9a03-4e8e1ab13160", "data": [{"text": "Skin of a different nature exists in amphibians , reptiles , and birds .", "userDefined": false}], "isTemplate": false, "count": 0, "lang": "en", "updated": 0}, {"id": "37136b40-58f1-448c-95e1-bc8a102de06c", "data": [{"text": "All mammals have some hair on their skin, even marine mammals which appear to be hairless.", "userDefined": false}], "isTemplate": false, "count": 0, "lang": "en", "updated": 0}, {"id": "39fd54a3-92a5-4af9-b318-7a4f7b57d38b", "data": [{"text": "The skin interfaces with the environment and is the first line of defense from external factors.", "userDefined": false}], "isTemplate": false, "count": 0, "lang": "en", "updated": 0}, {"id": "1bd1d4f7-9960-4963-871b-dec19782a3c8", "data": [{"text": "For example, the skin plays a key role in protecting the body against pathogens and excessive water loss.", "userDefined": false}], "isTemplate": false, "count": 0, "lang": "en", "updated": 0}, {"id": "e256e1ff-1613-435e-b78d-4fe45112adf6", "data": [{"text": "Its other functions are insulation , temperature regulation, sensation, and the production of vitamin D folates.", "userDefined": false}], "isTemplate": false, "count": 0, "lang": "en", "updated": 0}, {"id": "4899867a-47c6-460e-b95e-b3f301e0b52d", "data": [{"text": "Severely damaged skin may heal by forming scar tissue .", "userDefined": false}], "isTemplate": false, "count": 0, "lang": "en", "updated": 0}, {"id": "24a1a631-2636-4a1f-b42a-9784f93ccea7", "data": [{"text": "This is sometimes discoloured and depigmented.", "userDefined": false}], "isTemplate": false, "count": 0, "lang": "en", "updated": 0}, {"id": "daddf996-914c-4b6f-9c66-cecb18b7ae54", "data": [{"text": "The thickness of skin also varies from location to location on an organism.", "userDefined": false}], "isTemplate": false, "count": 0, "lang": "en", "updated": 0}, {"id": "15560833-b208-4e44-8224-3b202fb91939", "data": [{"text": "In humans for example, the skin located under the eyes and around the eyelids is the thinnest skin in the body at 0.5 mm thick, and is one of the first areas to show signs of aging such as \"crows feet\" and wrinkles.", "userDefined": false}], "isTemplate": false, "count": 0, "lang": "en", "updated": 0}, {"id": "214c588a-a217-44fc-8de9-c819eb8360c6", "data": [{"text": "The skin on the palms and the soles of the feet is 4 mm thick and the thickest skin in the body.", "userDefined": false}], "isTemplate": false, "count": 0, "lang": "en", "updated": 0}, {"id": "7196f56c-bdc8-4e78-8b64-99c5d94c9aa7", "data": [{"text": "Fur is dense hair.", "userDefined": false}], "isTemplate": false, "count": 0, "lang": "en", "updated": 0}, {"id": "20b11cf4-a91f-40ba-872b-a86e00776bc9", "data": [{"text": "Primarily, fur augments the insulation the skin provides but can also serve as a secondary sexual characteristic or as camouflage .", "userDefined": false}], "isTemplate": false, "count": 0, "lang": "en", "updated": 0}]