[{"id": "38888d5c-5a72-4b1c-b3a7-cff157afafaf", "data": [{"text": "Slavery in the United States existed from the early years of the colonial period; it was firmly established by the time the United States sought independence from Great Britain in 1776.", "userDefined": false}], "isTemplate": false, "count": 0, "lang": "en", "updated": 0}, {"id": "59f5decb-86b3-4b1d-8140-a0515bf88c0c", "data": [{"text": "However, by 1804, all states north of the Mason and Dixon Line had either abolished slavery outright or passed laws for the gradual abolition of slavery.", "userDefined": false}], "isTemplate": false, "count": 0, "lang": "en", "updated": 0}, {"id": "94f30ace-a23d-4bdb-8547-27d9b86b4099", "data": [{"text": "In 1787 Congress prohibited slavery in the Northwest Territory .", "userDefined": false}], "isTemplate": false, "count": 0, "lang": "en", "updated": 0}, {"id": "5690480d-6b3c-4068-b380-7a3862d91d2e", "data": [{"text": "But slavery gained new life in the South with the cotton industry after 1800, and expanded into the Southwest.", "userDefined": false}], "isTemplate": false, "count": 0, "lang": "en", "updated": 0}, {"id": "517710bf-9b7c-4423-8da2-0f06af539d03", "data": [{"text": "The nation was polarized into slave and free states along the Mason-Dixon Line , which separated Pennsylvania and Maryland.", "userDefined": false}], "isTemplate": false, "count": 0, "lang": "en", "updated": 0}, {"id": "a753a0ff-30c5-4909-98e6-20935f0cd6ea", "data": [{"text": "The United States and Great Britain both prohibited the international slave trade in 1808, but the domestic trade, with sales to the Deep South , expanded dramatically, and many captives were shipped by the coastwise slave trade .", "userDefined": false}], "isTemplate": false, "count": 0, "lang": "en", "updated": 0}, {"id": "bc358277-b78f-4c13-adb0-3cf16c6fe43b", "data": [{"text": "Before the 1840s, the South was vigorously defending slavery and its expansion into the territories.", "userDefined": false}], "isTemplate": false, "count": 0, "lang": "en", "updated": 0}, {"id": "3c537681-2463-4c85-b5d0-6c998a264bc7", "data": [{"text": "In the North some abolitionists denounced it as sinful, and numerous anti-slavery forces rejected it as detrimental to the rights of free men.", "userDefined": false}], "isTemplate": false, "count": 0, "lang": "en", "updated": 0}, {"id": "aece2bed-328d-4def-88fa-8fda1a6c5e63", "data": [{"text": "After failed compromises and Abraham Lincoln 's election, in 1861 eleven slave states broke away to form the Confederate States of America , leading to the American Civil War .", "userDefined": false}], "isTemplate": false, "count": 0, "lang": "en", "updated": 0}, {"id": "5eeb5946-7714-499d-9a2b-fe3e987fa184", "data": [{"text": "The federal government in 1862 made abolition of slavery a war goal.", "userDefined": false}], "isTemplate": false, "count": 0, "lang": "en", "updated": 0}, {"id": "331c84a8-60b7-4f78-9406-028d3ac45be8", "data": [{"text": "In January 1863 President Lincoln freed slaves in the Confederacy through the Emancipation Proclamation .", "userDefined": false}], "isTemplate": false, "count": 0, "lang": "en", "updated": 0}, {"id": "fb0bdc1c-6f6d-46af-bab8-5ae346d40ccd", "data": [{"text": "After the war, the Thirteenth Amendment , effective December 1865, abolished slavery throughout the entire United States, including the Border states and the Indian territories.", "userDefined": false}], "isTemplate": false, "count": 0, "lang": "en", "updated": 0}, {"id": "5fd3608a-140e-4c97-95b5-94e148b702f3", "data": [{"text": "From the 16th to the 19th centuries, an estimated 12 million Africans were shipped as slaves to the Americas .", "userDefined": false}], "isTemplate": false, "count": 0, "lang": "en", "updated": 0}, {"id": "47cd5e62-4851-472a-aae6-99adc239d0dc", "data": [{"text": "See Slavery in the Americas .", "userDefined": false}], "isTemplate": false, "count": 0, "lang": "en", "updated": 0}, {"id": "4f232706-fafd-43ea-8806-9effb0ecc881", "data": [{"text": "The great majority went to the sugar plantations of the West Indies or Brazil, where mortality was high.", "userDefined": false}], "isTemplate": false, "count": 0, "lang": "en", "updated": 0}, {"id": "a3054223-0e81-4343-ac68-da43ca85359d", "data": [{"text": "About 645,000 were brought to what is now the United States.", "userDefined": false}], "isTemplate": false, "count": 0, "lang": "en", "updated": 0}, {"id": "b9715397-3b20-4f8c-b701-9350fd726f75", "data": [{"text": "By the 1860 United States Census , the slave population in the American South had grown to four million.", "userDefined": false}], "isTemplate": false, "count": 0, "lang": "en", "updated": 0}, {"id": "9eb88360-d61b-4ee0-aa13-6138950b220e", "data": [{"text": "Of all 1,515,605 families in the 15 slave states , nearly 400,000 held slaves (roughly one in four), amounting to 8% of all American families.", "userDefined": false}], "isTemplate": false, "count": 0, "lang": "en", "updated": 0}, {"id": "c8a25a8f-e48c-4685-bb8a-9a44f392b720", "data": [{"text": "While some slaves worked as house servants and urban artisans, the great majority worked on plantations or large farms, cultivating lucrative cash crops, such as rice, tobacco, sugar and, after 1800, chiefly cotton.", "userDefined": false}], "isTemplate": false, "count": 0, "lang": "en", "updated": 0}, {"id": "7914ca4b-8424-4483-9ce3-42dd04c6bd44", "data": [{"text": "By 1860 most slaves were held in the Deep South , where they served in work-gangs; two-thirds worked in cotton.", "userDefined": false}], "isTemplate": false, "count": 0, "lang": "en", "updated": 0}, {"id": "2c8dd88c-c508-45fc-bab0-684e0ef6fc4e", "data": [{"text": "In small operations, they worked with their owners.", "userDefined": false}], "isTemplate": false, "count": 0, "lang": "en", "updated": 0}, {"id": "774a663d-25ca-409d-96ce-4a51f6088cc7", "data": [{"text": "In large plantations they were directed by white paid overseers.", "userDefined": false}], "isTemplate": false, "count": 0, "lang": "en", "updated": 0}, {"id": "749f2270-66af-4d68-913d-32a723e0379c", "data": [{"text": "Under the system that became chattel slavery (ownership of a human being, and of his/her descendants), a racial element was fundamental: slaves were blacks of African descent and owned, almost universally, by whites of European descent.", "userDefined": false}], "isTemplate": false, "count": 0, "lang": "en", "updated": 0}, {"id": "fe623807-282e-429e-b607-50d79995e2c9", "data": [{"text": "In the 17th century, Virginia, followed by other southern colonies, enacted law that children of slave mothers were born into slavery.", "userDefined": false}], "isTemplate": false, "count": 0, "lang": "en", "updated": 0}]