[{"id": "072f42cf-6e09-4ed5-93a1-103bdb3692f4", "data": [{"text": "Spiders ( order Araneae) are air-breathing arthropods that have eight legs and chelicerae with fangs that inject venom .", "userDefined": false}], "isTemplate": false, "count": 0, "lang": "en", "updated": 0}, {"id": "dc9d1344-8b9d-4c6a-80d9-745b8906a113", "data": [{"text": "They are the largest order of arachnids and rank seventh in total species diversity among all other groups of organisms.", "userDefined": false}], "isTemplate": false, "count": 0, "lang": "en", "updated": 0}, {"id": "54f8145b-293e-4cec-8e04-4f5b3131699c", "data": [{"text": "Spiders are found worldwide on every continent except for Antarctica , and have become established in nearly every habitat with the exception of air and sea colonization.", "userDefined": false}], "isTemplate": false, "count": 0, "lang": "en", "updated": 0}, {"id": "f83d60e8-c35e-4ecb-b489-d5d172d913ab", "data": [{"text": "As of 2008, at least 43,678 spider species , and 109 families have been recorded by taxonomists ; however, there has been confusion within the scientific community as to how all these families should be classified, as evidenced by the over 20 different classifications that have been proposed since 1900.", "userDefined": false}], "isTemplate": false, "count": 0, "lang": "en", "updated": 0}, {"id": "adcc630d-27ab-4ccd-ac19-3e354a7b12d5", "data": [{"text": "Anatomically, spiders differ from other arthropods in that the usual body segments are fused into two tagmata , the cephalothorax and abdomen , and joined by a small, cylindrical pedicel .", "userDefined": false}], "isTemplate": false, "count": 0, "lang": "en", "updated": 0}, {"id": "99246cc9-7189-42bc-9c09-398e5a031af8", "data": [{"text": "Unlike insects , spiders do not have antennae .", "userDefined": false}], "isTemplate": false, "count": 0, "lang": "en", "updated": 0}, {"id": "79d8f5e0-414a-41d4-84ea-13d57d6defe9", "data": [{"text": "In all except the most primitive group, the Mesothelae , spiders have the most centralized nervous systems of all arthropods, as all their ganglia are fused into one mass in the cephalothorax.", "userDefined": false}], "isTemplate": false, "count": 0, "lang": "en", "updated": 0}, {"id": "50f995f6-c5fe-4130-bba5-bb91dcb32b4f", "data": [{"text": "Unlike most arthropods, spiders have no extensor muscles in their limbs and instead extend them by hydraulic pressure.", "userDefined": false}], "isTemplate": false, "count": 0, "lang": "en", "updated": 0}, {"id": "2a3cf4ae-6b92-4932-af3d-6fde8822390f", "data": [{"text": "Their abdomens bear appendages that have been modified into spinnerets that extrude silk from up to six types of silk glands within their abdomen.", "userDefined": false}], "isTemplate": false, "count": 0, "lang": "en", "updated": 0}, {"id": "488ca6b8-3f68-4510-ba36-77a63274ef3e", "data": [{"text": "Spider webs vary widely in size, shape and the amount of sticky thread used.", "userDefined": false}], "isTemplate": false, "count": 0, "lang": "en", "updated": 0}, {"id": "c4496359-e9d5-4c13-ab1b-627f295ef431", "data": [{"text": "It now appears that the spiral orb web may be one of the earliest forms, and spiders that produce tangled cobwebs are more abundant and diverse than orb-web spiders .", "userDefined": false}], "isTemplate": false, "count": 0, "lang": "en", "updated": 0}, {"id": "a73cef92-a01a-4475-b60e-882b9e140ed1", "data": [{"text": "Spider-like arachnids with silk-producing spigots appeared in the Devonian period about , but these animals apparently lacked spinnerets.", "userDefined": false}], "isTemplate": false, "count": 0, "lang": "en", "updated": 0}, {"id": "3c24f63a-9a02-43d0-9f6a-0d7e52a920b3", "data": [{"text": "True spiders have been found in Carboniferous rocks from , and are very similar to the most primitive surviving order , the Mesothelae .", "userDefined": false}], "isTemplate": false, "count": 0, "lang": "en", "updated": 0}, {"id": "b7d1f9e8-c4ac-4d21-a440-eae535367df2", "data": [{"text": "The main groups of modern spiders, Mygalomorphae and Araneomorphae , first appeared in the Triassic period, before .", "userDefined": false}], "isTemplate": false, "count": 0, "lang": "en", "updated": 0}, {"id": "56770cba-bd2a-4103-85ce-932c5332bbbd", "data": [{"text": "A herbivorous species, Bagheera kiplingi , was described in 2008, but all other known species are predators , mostly preying on insects and on other spiders, although a few large species also take birds and lizards.", "userDefined": false}], "isTemplate": false, "count": 0, "lang": "en", "updated": 0}, {"id": "47a7d999-ed12-4c4a-a01e-13b8cd55e0b9", "data": [{"text": "Spiders use a wide range of strategies to capture prey: trapping it in sticky webs, lassoing it with sticky bolas , mimicking the prey to avoid detection, or running it down.", "userDefined": false}], "isTemplate": false, "count": 0, "lang": "en", "updated": 0}, {"id": "d795f770-4714-44f2-9f11-150124970ebd", "data": [{"text": "Most detect prey mainly by sensing vibrations, but the active hunters have acute vision, and hunters of the genus Portia show signs of intelligence in their choice of tactics and ability to develop new ones.", "userDefined": false}], "isTemplate": false, "count": 0, "lang": "en", "updated": 0}, {"id": "0c30ba09-3809-4e70-bbbd-f5208976c4ce", "data": [{"text": "Spiders' guts are too narrow to take solids, and they liquidize their food by flooding it with digestive enzymes and grinding it with the bases of their pedipalps , as they do not have true jaws.", "userDefined": false}], "isTemplate": false, "count": 0, "lang": "en", "updated": 0}, {"id": "4dd677c0-01bd-40cc-a408-0177bc8f6da6", "data": [{"text": "Male spiders identify themselves by a variety of complex courtship rituals to avoid being eaten by the females.", "userDefined": false}], "isTemplate": false, "count": 0, "lang": "en", "updated": 0}, {"id": "be5ab04b-f302-4e15-9938-35c161afc516", "data": [{"text": "Males of most species survive a few matings, limited mainly by their short life spans.", "userDefined": false}], "isTemplate": false, "count": 0, "lang": "en", "updated": 0}, {"id": "e1041a9a-6e21-4ca2-b992-c20efd5a2d8b", "data": [{"text": "Females weave silk egg-cases, each of which may contain hundreds of eggs.", "userDefined": false}], "isTemplate": false, "count": 0, "lang": "en", "updated": 0}, {"id": "fe994cbb-6cde-4d24-ab1f-d8e16d5fc15d", "data": [{"text": "Females of many species care for their young, for example by carrying them around or by sharing food with them.", "userDefined": false}], "isTemplate": false, "count": 0, "lang": "en", "updated": 0}]