[{"id": "c5802bee-a685-4c4d-994f-1ec7168295d3", "data": [{"text": "The Stanley Cup () is the championship trophy awarded annually to the National Hockey League (NHL) playoff winner after the conclusion of the Stanley Cup Finals .", "userDefined": false}], "isTemplate": false, "count": 0, "lang": "en", "updated": 0}, {"id": "d16b3b86-aad9-42da-b243-0d2a7cdde51b", "data": [{"text": "Originally commissioned in 1892 as the Dominion Hockey Challenge Cup, the trophy is named for Lord Stanley of Preston , then- Governor General of Canada , who awarded it to Canada's top-ranking amateur ice hockey club, which the entire Stanley family supported, with the sons and daughters playing and promoting the game.", "userDefined": false}], "isTemplate": false, "count": 0, "lang": "en", "updated": 0}, {"id": "8deb13a8-dfd9-4dc7-916f-885483c1a14b", "data": [{"text": "The first Cup was awarded in 1893 to Montreal HC .", "userDefined": false}], "isTemplate": false, "count": 0, "lang": "en", "updated": 0}, {"id": "bd355608-efbd-45ca-8bba-037aa98ca266", "data": [{"text": "In 1915, the two professional ice hockey organizations, the National Hockey Association (NHA) and the Pacific Coast Hockey Association (PCHA), reached a gentlemen's agreement in which their respective champions would face each other for the Stanley Cup.", "userDefined": false}], "isTemplate": false, "count": 0, "lang": "en", "updated": 0}, {"id": "f0c5df01-307b-4212-a442-7b3f69011769", "data": [{"text": "After a series of league mergers and folds, the Stanley \"Presentation Cup\" was established as the de facto championship trophy of the NHL in 1926 and then the de jure NHL championship prize in 1947.", "userDefined": false}], "isTemplate": false, "count": 0, "lang": "en", "updated": 0}, {"id": "f5c7b860-1aed-46c0-913e-d7a2a4984d6e", "data": [{"text": "There are actually three Stanley Cups : the original bowl of the \"Dominion Hockey Challenge Cup\", the authenticated \"Presentation Cup\", and the \"Replica Cup\" at the Hall of Fame.", "userDefined": false}], "isTemplate": false, "count": 0, "lang": "en", "updated": 0}, {"id": "d625d32c-14fe-49c1-a328-ec7aa027880d", "data": [{"text": "The NHL has maintained effective control over both the trophy itself and its associated trademarks.", "userDefined": false}], "isTemplate": false, "count": 0, "lang": "en", "updated": 0}, {"id": "fd2f9ee5-b1f9-4162-8ce3-fe209c05f975", "data": [{"text": "Nevertheless, the NHL does not actually own the trophy, but instead uses it by agreement with the two Trustees of the Cup.", "userDefined": false}], "isTemplate": false, "count": 0, "lang": "en", "updated": 0}, {"id": "92e71345-3fea-43f0-9318-1d17f7de0831", "data": [{"text": "The NHL has registered trademarks associated with the name and likeness of the Stanley Cup, although the league's right to outright own trademarks associated with a trophy it does not own has been disputed by some legal experts.", "userDefined": false}], "isTemplate": false, "count": 0, "lang": "en", "updated": 0}, {"id": "5d6dbcc8-185e-409f-aad9-c11fb61e9cec", "data": [{"text": "Unlike the trophies awarded by the other three major professional sports leagues of North America, a new Stanley Cup is not made each year; winners keep it until a new champion is crowned.", "userDefined": false}], "isTemplate": false, "count": 0, "lang": "en", "updated": 0}, {"id": "1f5d8197-1f8f-47f0-baef-f17bf590b7e8", "data": [{"text": "It is unusual among trophies, in that it has the names of all of the winning players, coaches, management, and club staff engraved on its chalice .", "userDefined": false}], "isTemplate": false, "count": 0, "lang": "en", "updated": 0}, {"id": "29947407-ceaf-4c1f-9669-6274cba6e6b8", "data": [{"text": "Initially, a new band added each year caused the trophy to grow in size, earning the nickname \"Stovepipe Cup\".", "userDefined": false}], "isTemplate": false, "count": 0, "lang": "en", "updated": 0}, {"id": "0de8e5e1-7c3b-456a-bec0-37c9e675ec76", "data": [{"text": "In 1958 the modern one-piece Cup was designed with a five-band barrel which could contain 13 winning teams per band.", "userDefined": false}], "isTemplate": false, "count": 0, "lang": "en", "updated": 0}, {"id": "7f6ead63-4885-4549-9468-2aaa8e3fb7e6", "data": [{"text": "To avoid the Stanley Cup from growing, when the bottom band is full, the oldest band is removed and preserved in the Hockey Hall of Fame, and a new blank band added to the bottom.", "userDefined": false}], "isTemplate": false, "count": 0, "lang": "en", "updated": 0}, {"id": "c3901b18-2f82-426a-aa80-6c7d110a7746", "data": [{"text": "It has been referred to as The Cup, Lord Stanley's Cup, The Holy Grail, or facetiously (chiefly by sportswriters) as Lord Stanley's Mug.", "userDefined": false}], "isTemplate": false, "count": 0, "lang": "en", "updated": 0}, {"id": "d46f2b70-c590-4244-9267-e1946d742b79", "data": [{"text": "The Stanley Cup is surrounded by numerous legends and traditions , the oldest of which is the celebratory drinking of champagne out of the cup by the winning team.", "userDefined": false}], "isTemplate": false, "count": 0, "lang": "en", "updated": 0}, {"id": "f64c4a84-0632-4a22-9e52-f5738c5ca33a", "data": [{"text": "The original bowl was made of silver and is 18.5 centimetres (7.28 inches) in height and 29 centimetres (11.42 inches) in diameter.", "userDefined": false}], "isTemplate": false, "count": 0, "lang": "en", "updated": 0}, {"id": "48a074b0-d8ec-44a5-a2ef-e5d748e951e1", "data": [{"text": "The current Stanley Cup, topped with a copy of the original bowl, is made of a silver and nickel alloy ; it has a height of 89.54 centimetres (35.25 inches) and weighs 15.5 kilograms (34.5 lb / 2 st 61\u20442 lb).", "userDefined": false}], "isTemplate": false, "count": 0, "lang": "en", "updated": 0}]