[{"id": "2561d7e0-41c5-4489-a5dc-015babba467b", "data": [{"text": "An 1817 Boulton & Watt beam blowing engine , used in Netherton at the ironworks of M W Grazebrook.", "userDefined": false}], "isTemplate": false, "count": 0, "lang": "en", "updated": 0}, {"id": "d18dad16-c538-45c9-a1e4-6ee3eda3fd17", "data": [{"text": "Re-erected on the A38(M) in Birmingham, UK", "userDefined": false}], "isTemplate": false, "count": 0, "lang": "en", "updated": 0}, {"id": "c920f694-a815-4ca6-84d6-6e848143e028", "data": [{"text": "A steam engine is a heat engine that performs mechanical work using steam as its working fluid .", "userDefined": false}], "isTemplate": false, "count": 0, "lang": "en", "updated": 0}, {"id": "99beeba3-0b54-47b0-85c1-e43af10dd1a6", "data": [{"text": "Using boiling water to produce mechanical motion goes back about 2,000 years, but early devices were not practical.", "userDefined": false}], "isTemplate": false, "count": 0, "lang": "en", "updated": 0}, {"id": "889f4adb-9210-4577-b6c5-f138a61ea871", "data": [{"text": "Since the late 1700s steam engines have become a major source of mechanical power.", "userDefined": false}], "isTemplate": false, "count": 0, "lang": "en", "updated": 0}, {"id": "c3e4f090-5140-47da-9d59-6cd8bed71170", "data": [{"text": "The first applications were removing water from mines.", "userDefined": false}], "isTemplate": false, "count": 0, "lang": "en", "updated": 0}, {"id": "8afbe0fc-3180-4dff-aae0-aabebc5398d7", "data": [{"text": "In 1781 James Watt patented a steam engine that produced continuous rotative motion.", "userDefined": false}], "isTemplate": false, "count": 0, "lang": "en", "updated": 0}, {"id": "cdf2205d-bef0-442d-a77a-1001cabba4db", "data": [{"text": "These 10 hp engines enabled a wide range of manufacturing machinery to be powered.", "userDefined": false}], "isTemplate": false, "count": 0, "lang": "en", "updated": 0}, {"id": "bd6ed842-6bef-4857-8b0a-7bce797bbf09", "data": [{"text": "The engines could be sited anywhere that water and coal or wood fuel could be obtained.", "userDefined": false}], "isTemplate": false, "count": 0, "lang": "en", "updated": 0}, {"id": "bbbf493b-7f2e-4857-a438-c56043f2c333", "data": [{"text": "By 1883, engines that could provide 10,000 hp had become feasible.", "userDefined": false}], "isTemplate": false, "count": 0, "lang": "en", "updated": 0}, {"id": "ea28fe6a-2970-4569-a686-522131d10dc4", "data": [{"text": "Steam engines could also be applied to vehicles such as traction engines and the railway locomotives which are commonly just called steam engines outside America.", "userDefined": false}], "isTemplate": false, "count": 0, "lang": "en", "updated": 0}, {"id": "b4dfd36e-209a-4e61-990a-6704c98f82fe", "data": [{"text": "The stationary steam engine was a key component of the Industrial Revolution , allowing factories to locate where water power was unavailable.", "userDefined": false}], "isTemplate": false, "count": 0, "lang": "en", "updated": 0}, {"id": "e5751df6-3337-4c07-8cd6-1cd808399fef", "data": [{"text": "Today steam turbines generate about 90% of the electric power in the United States using a variety of heat sources.", "userDefined": false}], "isTemplate": false, "count": 0, "lang": "en", "updated": 0}, {"id": "f1ad2992-2158-45f2-bf5d-4b2ecadc49e7", "data": [{"text": "Steam engines are external combustion engines , where the working fluid is separate from the combustion products.", "userDefined": false}], "isTemplate": false, "count": 0, "lang": "en", "updated": 0}, {"id": "1f3faa0e-ca69-47ae-9698-b518bd9cead0", "data": [{"text": "Non-combustion heat sources such as solar power , nuclear power or geothermal energy may be used.", "userDefined": false}], "isTemplate": false, "count": 0, "lang": "en", "updated": 0}, {"id": "880dbd9b-7e76-4525-8c24-195accb73ef4", "data": [{"text": "The ideal thermodynamic cycle used to analyze this process is called the Rankine cycle .", "userDefined": false}], "isTemplate": false, "count": 0, "lang": "en", "updated": 0}, {"id": "80990c25-40c1-490f-932a-856502ac80e0", "data": [{"text": "In the cycle, water is heated into steam in a boiler until it reaches a high pressure.", "userDefined": false}], "isTemplate": false, "count": 0, "lang": "en", "updated": 0}, {"id": "e60c4b3b-3993-4149-85b8-fff08d3526b1", "data": [{"text": "When expanded through pistons or turbines, mechanical work is done.", "userDefined": false}], "isTemplate": false, "count": 0, "lang": "en", "updated": 0}]