[{"id": "a9dac023-33fd-4f46-8cc6-ddf75b7347ce", "data": [{"text": "Steven Paul \"Steve\" Jobs (; February 24, 1955 \u2013 October 5, 2011) was an American entrepreneur and inventor, best known as the co-founder, chairman, and CEO of Apple Inc.", "userDefined": false}], "isTemplate": false, "count": 0, "lang": "en", "updated": 0}, {"id": "ceb487f3-d4ad-4660-95fc-1a48d27199ba", "data": [{"text": "Through Apple, he was widely recognized as a charismatic pioneer of the personal computer revolution and for his influential career in the computer and consumer electronics fields, transforming \"one industry after another, from computers and smartphones to music and movies...\"", "userDefined": false}], "isTemplate": false, "count": 0, "lang": "en", "updated": 0}, {"id": "e60e2da1-2e0d-4f01-8464-187cc41c9d4d", "data": [{"text": "Jobs also co-founded and served as chief executive of Pixar Animation Studios ; he became a member of the board of directors of The Walt Disney Company in 2006, when Disney acquired Pixar.", "userDefined": false}], "isTemplate": false, "count": 0, "lang": "en", "updated": 0}, {"id": "0e6214c9-8fde-4ac2-9e19-6d5bb9fadc64", "data": [{"text": "Jobs was among the first to see the commercial potential of Xerox PARC 's mouse -driven graphical user interface , which led to the creation of the Apple Lisa and, one year later, the Macintosh .", "userDefined": false}], "isTemplate": false, "count": 0, "lang": "en", "updated": 0}, {"id": "ac633fd5-16b9-470c-b530-225b0ab62f41", "data": [{"text": "He also played a role in introducing the LaserWriter , one of the first widely available laser printers, to the market.", "userDefined": false}], "isTemplate": false, "count": 0, "lang": "en", "updated": 0}, {"id": "ad07d1ed-41c5-4f42-b1d4-383a6a7682f7", "data": [{"text": "After a power struggle with the board of directors in 1985, Jobs left Apple and founded NeXT , a computer platform development company specializing in the higher-education and business markets.", "userDefined": false}], "isTemplate": false, "count": 0, "lang": "en", "updated": 0}, {"id": "edc00623-cec1-48d3-a27c-83c7268c6f74", "data": [{"text": "In 1986, he acquired the computer graphics division of Lucasfilm , which was spun off as Pixar .", "userDefined": false}], "isTemplate": false, "count": 0, "lang": "en", "updated": 0}, {"id": "1b6953b2-637a-42a9-bf53-c0ea9abe0101", "data": [{"text": "He was credited in Toy Story (1995) as an executive producer.", "userDefined": false}], "isTemplate": false, "count": 0, "lang": "en", "updated": 0}, {"id": "cbf8361c-0013-4869-896e-f460b2095ad3", "data": [{"text": "He served as CEO and majority shareholder until Disney 's purchase of Pixar in 2006.", "userDefined": false}], "isTemplate": false, "count": 0, "lang": "en", "updated": 0}, {"id": "e084c07a-0e90-4b5f-8e11-fbee7a9a8a37", "data": [{"text": "In 1996, after Apple had failed to deliver its operating system, Copland , Gil Amelio turned to NeXT Computer, and the NeXTSTEP platform became the foundation for the Mac OS X .", "userDefined": false}], "isTemplate": false, "count": 0, "lang": "en", "updated": 0}, {"id": "08a86e79-2d10-4bcd-ac59-a8d810e87963", "data": [{"text": "Jobs returned to Apple as an advisor, and took control of the company as an interim CEO.", "userDefined": false}], "isTemplate": false, "count": 0, "lang": "en", "updated": 0}, {"id": "73fd2630-df96-4c57-8ca1-453d77499650", "data": [{"text": "Jobs brought Apple from near bankruptcy to profitability by 1998.", "userDefined": false}], "isTemplate": false, "count": 0, "lang": "en", "updated": 0}, {"id": "fa2e07a7-4343-4146-a942-a013f566d31d", "data": [{"text": "As the new CEO of the company, Jobs oversaw the development of the iMac , iTunes , iPod , iPhone , and iPad , and on the services side, the company's Apple Retail Stores , iTunes Store and the App Store .", "userDefined": false}], "isTemplate": false, "count": 0, "lang": "en", "updated": 0}, {"id": "b5d95e35-b2be-4f55-b93c-9d479fb0747f", "data": [{"text": "The success of these products and services provided several years of stable financial returns, and propelled Apple to become the world's most valuable publicly traded company in 2011.", "userDefined": false}], "isTemplate": false, "count": 0, "lang": "en", "updated": 0}, {"id": "96cf0016-1d7d-4c4d-b1ce-82918a19d182", "data": [{"text": "The reinvigoration of the company is regarded by many commentators as one of the greatest turnarounds in business history.", "userDefined": false}], "isTemplate": false, "count": 0, "lang": "en", "updated": 0}, {"id": "3339c360-382e-41dd-b915-086d6aa729be", "data": [{"text": "In 2003, Jobs was diagnosed with a pancreas neuroendocrine tumor .", "userDefined": false}], "isTemplate": false, "count": 0, "lang": "en", "updated": 0}, {"id": "f8ee811c-080c-44e9-ae3a-77e8db143e17", "data": [{"text": "Though it was initially treated, he reported a hormone imbalance, underwent a liver transplant in 2009, and appeared progressively thinner as his health declined.", "userDefined": false}], "isTemplate": false, "count": 0, "lang": "en", "updated": 0}]