[{"id": "d35fd8f3-43c9-4753-bed2-4da1c9c7dbdb", "data": [{"text": "Stephen \"Stevie\" Ray Vaughan (October 3, 1954 \u2013 August 27, 1990) was an American guitarist, singer-songwriter, and record producer.", "userDefined": false}], "isTemplate": false, "count": 0, "lang": "en", "updated": 0}, {"id": "9b78d438-78d8-4d05-884e-9b7ba78a9242", "data": [{"text": "Often referred to by his initials SRV, Vaughan is best known as a founding member and leader of Double Trouble .", "userDefined": false}], "isTemplate": false, "count": 0, "lang": "en", "updated": 0}, {"id": "1ac68cea-6b09-41b0-ae2e-d3dd8b2c6a35", "data": [{"text": "Together with drummer Chris Layton and bassist Tommy Shannon , they ignited the blues revival of the 1980s.", "userDefined": false}], "isTemplate": false, "count": 0, "lang": "en", "updated": 0}, {"id": "9ba5d629-188c-43d1-9754-9519c7b5b049", "data": [{"text": "With a career spanning seven years, Vaughan and Double Trouble consistently sold out concerts while their albums frequently went gold.", "userDefined": false}], "isTemplate": false, "count": 0, "lang": "en", "updated": 0}, {"id": "34175a5b-9004-4a70-a2c2-a4efa0abfbf5", "data": [{"text": "He was born and raised in Dallas , Texas , and for a short period of time lived in Graham, Texas .", "userDefined": false}], "isTemplate": false, "count": 0, "lang": "en", "updated": 0}, {"id": "43d53366-08ab-4978-b890-a60773c99cca", "data": [{"text": "As the younger brother of Jimmie Vaughan , Vaughan started playing the guitar at age seven and formed several bands that occasionally performed in local nightclubs.", "userDefined": false}], "isTemplate": false, "count": 0, "lang": "en", "updated": 0}, {"id": "625c3c86-5596-4a9a-bec6-1f01ee381571", "data": [{"text": "At age 17, he dropped out of high school and moved to Austin to further pursue his musical career, joining groups such as Krackerjack, the Nightcrawlers, and the Cobras.", "userDefined": false}], "isTemplate": false, "count": 0, "lang": "en", "updated": 0}, {"id": "82cda08e-633a-45fa-ae89-954c6b8dab76", "data": [{"text": "In 1977, he formed Triple Threat Revue, a band that eventually evolved into Double Trouble and regularly performed around Austin.", "userDefined": false}], "isTemplate": false, "count": 0, "lang": "en", "updated": 0}, {"id": "ac4a40ef-0400-4196-9ce9-d85fdf558771", "data": [{"text": "In 1982, Vaughan and Double Trouble performed at the Montreux Jazz Festival in Switzerland , catching the attention of musicians David Bowie and Jackson Browne .", "userDefined": false}], "isTemplate": false, "count": 0, "lang": "en", "updated": 0}, {"id": "9d1b5766-e4fc-468b-9902-f185313b90d1", "data": [{"text": "Bowie asked Vaughan to play on his upcoming studio album Let's Dance , while Browne offered the band free use of his personal studio in Los Angeles to record an album.", "userDefined": false}], "isTemplate": false, "count": 0, "lang": "en", "updated": 0}, {"id": "96a9c20c-3838-4def-8e7d-5a2579dc6fe4", "data": [{"text": "In March 1983, Vaughan and Double Trouble were signed to Epic Records by veteran record producer John Hammond Sr. and released their debut album, Texas Flood in June of that year.", "userDefined": false}], "isTemplate": false, "count": 0, "lang": "en", "updated": 0}, {"id": "79519df8-ce88-4325-9757-f6fa2cbb764c", "data": [{"text": "After successful touring, the group released the albums, Couldn't Stand the Weather (1984) and Soul to Soul (1985), the latter of which featured new keyboardist Reese Wynans .", "userDefined": false}], "isTemplate": false, "count": 0, "lang": "en", "updated": 0}, {"id": "697ebd7a-60da-46bd-8dda-f4950c6019f1", "data": [{"text": "Although his career had progressed successfully, Vaughan checked into a rehabilitation hospital in Atlanta, Georgia to give up a cocaine and alcohol habit and returned to touring with the band.", "userDefined": false}], "isTemplate": false, "count": 0, "lang": "en", "updated": 0}, {"id": "c545b913-e9e2-4695-9ae0-79fdd3ceaec0", "data": [{"text": "In June 1989, In Step was released and earned them a Grammy Award for Best Contemporary Blues Performance .", "userDefined": false}], "isTemplate": false, "count": 0, "lang": "en", "updated": 0}, {"id": "56d799ad-716a-4fd1-bc34-fa42858ee5ea", "data": [{"text": "On August 27, 1990, Vaughan was killed in a helicopter crash following a performance in East Troy, Wisconsin .", "userDefined": false}], "isTemplate": false, "count": 0, "lang": "en", "updated": 0}, {"id": "160270a2-118c-4af2-b882-12b5c0b2f01b", "data": [{"text": "Vaughan's uniquely eclectic yet intense style was derived from a variety of musical genres.", "userDefined": false}], "isTemplate": false, "count": 0, "lang": "en", "updated": 0}, {"id": "d9318a99-4cfa-47a2-a583-59e28297a585", "data": [{"text": "He was influenced by blues musicians including Albert King , Freddie King , Otis Rush , and Muddy Waters , and rock guitarists such as Jimi Hendrix and Lonnie Mack .", "userDefined": false}], "isTemplate": false, "count": 0, "lang": "en", "updated": 0}]