[{"id": "4510b792-245d-4fb5-83df-a92ce990e877", "data": [{"text": "A small submersible AC sump pump with a garden hose connector", "userDefined": false}], "isTemplate": false, "count": 0, "lang": "en", "updated": 0}, {"id": "803737c7-c766-4d28-88c4-bb1c09fda062", "data": [{"text": "A sump pump is a pump used to remove water that has accumulated in a water collecting sump basin, commonly found in the basement of homes.", "userDefined": false}], "isTemplate": false, "count": 0, "lang": "en", "updated": 0}, {"id": "4ae23ed8-2bbd-4b32-a6e3-5eec815fd39d", "data": [{"text": "The water may enter via the perimeter drains of a basement waterproofing system, funneling into the basin or because of rain or natural ground water, if the basement is below the water table level.", "userDefined": false}], "isTemplate": false, "count": 0, "lang": "en", "updated": 0}, {"id": "93f40ecf-9bf6-441b-b08c-049e495c9844", "data": [{"text": "Sump pumps are used where basement flooding happens regularly and to remedy dampness where the water table is above the foundation of a home.", "userDefined": false}], "isTemplate": false, "count": 0, "lang": "en", "updated": 0}, {"id": "c1a09f7f-fde9-4235-9fa4-4355c6a70ca8", "data": [{"text": "Sump pumps send water away from a house to any place where it is no longer problematic, such as a municipal storm drain or a dry well .", "userDefined": false}], "isTemplate": false, "count": 0, "lang": "en", "updated": 0}, {"id": "789dd5f7-dfd3-4026-9c36-c6a95a5ed2ed", "data": [{"text": "Pumps may discharge to the sanitary sewer in older installations.", "userDefined": false}], "isTemplate": false, "count": 0, "lang": "en", "updated": 0}, {"id": "e669e543-8fb2-4369-9907-6eb18f104fd4", "data": [{"text": "Once considered acceptable, this practice may now violate the plumbing code or municipal bylaws, because it can overwhelm the municipal sewage treatment system.", "userDefined": false}], "isTemplate": false, "count": 0, "lang": "en", "updated": 0}, {"id": "309455d7-da99-4415-9042-116eb039e934", "data": [{"text": "Municipalities urge homeowners to disconnect and reroute sump pump discharge away from sanitary sewers.", "userDefined": false}], "isTemplate": false, "count": 0, "lang": "en", "updated": 0}, {"id": "ea16f99e-cb07-487c-9e64-9fe256434ee7", "data": [{"text": "Fines may be imposed for noncompliance.", "userDefined": false}], "isTemplate": false, "count": 0, "lang": "en", "updated": 0}, {"id": "16657b48-3b27-4fce-b4fb-386ceaf60940", "data": [{"text": "Many homeowners have inherited their sump pump configurations and do not realize that the pump discharges to the sewer.", "userDefined": false}], "isTemplate": false, "count": 0, "lang": "en", "updated": 0}, {"id": "ef1bbfac-93ed-4c86-8f05-0e748f38d61e", "data": [{"text": "If the discharge is fed to a laundry sink in the basement, it's likely going to the sewer.", "userDefined": false}], "isTemplate": false, "count": 0, "lang": "en", "updated": 0}, {"id": "704c3c0e-5896-41cd-82b5-fa19cdd9fac3", "data": [{"text": "Usually hardwired into a home's electrical system, sump pumps may have a battery backup.", "userDefined": false}], "isTemplate": false, "count": 0, "lang": "en", "updated": 0}, {"id": "7e646bb3-f0e9-4706-a58c-e2bd8f15a0ee", "data": [{"text": "The home's pressurized water supply powers some pumps, eliminating the need for electricity at the expense of using potable water, potentially making them more expensive to operate than electrical pumps and creating an additional water disposal problem.", "userDefined": false}], "isTemplate": false, "count": 0, "lang": "en", "updated": 0}, {"id": "7b75342c-9d63-4f31-97c1-9014978ff0d6", "data": [{"text": "Since a sump basin may overflow if not constantly pumped, a backup system is important for cases when the main power is out for prolonged periods of time, as during a severe storm.", "userDefined": false}], "isTemplate": false, "count": 0, "lang": "en", "updated": 0}, {"id": "6309a58f-6785-44b3-953a-eaeaa2c003bc", "data": [{"text": "There are generally two types of sump pumps \u2014 pedestal and submersible.", "userDefined": false}], "isTemplate": false, "count": 0, "lang": "en", "updated": 0}, {"id": "0ec31d53-b91f-4d15-86ba-b3007de5c4bd", "data": [{"text": "The pedestal pump's motor is mounted above the sump, where it is more easily serviced, but is also more conspicuous.", "userDefined": false}], "isTemplate": false, "count": 0, "lang": "en", "updated": 0}, {"id": "70dd2872-0d69-4f9f-aea2-1c96531a5c83", "data": [{"text": "The pump impeller is driven by a long, vertical extension shaft and the impeller is in a scroll housing in the base of the pump.", "userDefined": false}], "isTemplate": false, "count": 0, "lang": "en", "updated": 0}, {"id": "cc5c1dbb-e9ea-4dce-b1de-d5b53ded667d", "data": [{"text": "The submersible pump is entirely mounted inside the sump, and is specially sealed to prevent electrical short circuits .", "userDefined": false}], "isTemplate": false, "count": 0, "lang": "en", "updated": 0}]