[{"id": "3460a5b7-e32f-4c03-8c16-50109920d30e", "data": [{"text": "Tennessee () () is a U.S. state located in the Southeastern United States .", "userDefined": false}], "isTemplate": false, "count": 0, "lang": "en", "updated": 0}, {"id": "05fd5623-c799-4b30-bd55-57725de59b86", "data": [{"text": "Tennessee is the 36th most extensive and the 17th most populous of the 50 United States .", "userDefined": false}], "isTemplate": false, "count": 0, "lang": "en", "updated": 0}, {"id": "ad885457-deaf-42c8-b077-8dd05c98fb91", "data": [{"text": "Tennessee is bordered by Kentucky and Virginia to the north, North Carolina to the east, Georgia , Alabama , and Mississippi to the south, and Arkansas and Missouri to the west.", "userDefined": false}], "isTemplate": false, "count": 0, "lang": "en", "updated": 0}, {"id": "6d7152cb-e4b8-4927-9de9-d51853de6caf", "data": [{"text": "The Appalachian Mountains dominate the eastern part of the state, and the Mississippi River forms the state's western border.", "userDefined": false}], "isTemplate": false, "count": 0, "lang": "en", "updated": 0}, {"id": "a15c8f96-4d06-4345-ab10-5be3e0c031c7", "data": [{"text": "Tennessee's capital and second largest city is Nashville , which has a population of 609,644.", "userDefined": false}], "isTemplate": false, "count": 0, "lang": "en", "updated": 0}, {"id": "f4bd3138-0f3f-41e5-8ab1-8bc9dbd912e0", "data": [{"text": "Memphis is the state's largest city, with a population of 652,050.", "userDefined": false}], "isTemplate": false, "count": 0, "lang": "en", "updated": 0}, {"id": "207ac592-12e1-4c15-950f-334b88f1f760", "data": [{"text": "The state of Tennessee is rooted in the Watauga Association , a 1772 frontier pact generally regarded as the first constitutional government west of the Appalachians.", "userDefined": false}], "isTemplate": false, "count": 0, "lang": "en", "updated": 0}, {"id": "7d781950-9a43-4958-97e1-ee2332713e73", "data": [{"text": "What is now Tennessee was initially part of North Carolina, and later part of the Southwest Territory .", "userDefined": false}], "isTemplate": false, "count": 0, "lang": "en", "updated": 0}, {"id": "41498c89-3b6b-4f94-b747-e718da33d9fc", "data": [{"text": "Tennessee was admitted to the Union as the 16th state on June 1, 1796.", "userDefined": false}], "isTemplate": false, "count": 0, "lang": "en", "updated": 0}, {"id": "5739e073-b1a5-400a-bed6-630b5189c65a", "data": [{"text": "Tennessee was the last state to leave the Union and join the Confederacy at the outbreak of the U.S. Civil War in 1861, and the first state to be readmitted to the Union at the end of the war.", "userDefined": false}], "isTemplate": false, "count": 0, "lang": "en", "updated": 0}, {"id": "5dd15afb-c2a8-454d-88c6-b6e9c0ba5365", "data": [{"text": "Tennessee furnished more soldiers for the Confederate Army than any other state, and more soldiers for the Union Army than any other Southern state.", "userDefined": false}], "isTemplate": false, "count": 0, "lang": "en", "updated": 0}, {"id": "cd9515cc-66be-404e-824b-4c0fef0e788c", "data": [{"text": "In the 20th century, Tennessee transitioned from an agrarian economy to a more diversified economy, aided at times by federal entities such as the Tennessee Valley Authority .", "userDefined": false}], "isTemplate": false, "count": 0, "lang": "en", "updated": 0}, {"id": "85ff2634-e77f-4c91-8031-4036a239dc8a", "data": [{"text": "In the early 1940s, the city of Oak Ridge was established to house the Manhattan Project 's uranium enrichment facilities, helping to build the world's first atomic bomb.", "userDefined": false}], "isTemplate": false, "count": 0, "lang": "en", "updated": 0}, {"id": "0fd2c105-9dcc-4e19-a0b6-8faf47512c44", "data": [{"text": "Tennessee has played a critical role in the development of many forms of American popular music, including rock and roll , blues , country , and rockabilly .", "userDefined": false}], "isTemplate": false, "count": 0, "lang": "en", "updated": 0}, {"id": "d74eb8be-7ff2-41b6-a4a0-10ff30996699", "data": [{"text": "Beale Street in Memphis is considered by many to be the birthplace of the blues, with musicians such as W.C. Handy performing in its clubs as early as 1909.", "userDefined": false}], "isTemplate": false, "count": 0, "lang": "en", "updated": 0}, {"id": "10100a61-864c-4461-bddd-e92ef2969f3f", "data": [{"text": "Memphis was also home to Sun Records , where musicians such as Elvis Presley , Isaac Hayes , Johnny Cash , Carl Perkins , Jerry Lee Lewis , Roy Orbison , and Charlie Rich began their recording careers, and where rock and roll took shape in the 1950s.", "userDefined": false}], "isTemplate": false, "count": 0, "lang": "en", "updated": 0}, {"id": "f3154641-05e9-425e-9cb4-3d5796aca5c5", "data": [{"text": "The 1927 Victor recording sessions in Bristol generally mark the beginning of the country music genre and the rise of the Grand Ole Opry in the 1930s helped make Nashville the center of the country music recording industry.", "userDefined": false}], "isTemplate": false, "count": 0, "lang": "en", "updated": 0}, {"id": "9ae91bef-b001-467d-a56b-b62f82ea9995", "data": [{"text": "Three bricks and mortar museums recognize Tennessee's role in nurturing various forms of popular music: the Memphis Rock N' Soul Museum , the Country Music Hall of Fame and Museum in Nashville, and the International Rock-A-Billy Museum in Jackson.", "userDefined": false}], "isTemplate": false, "count": 0, "lang": "en", "updated": 0}]