[{"id": "8f2b82c3-97fe-4fc7-9332-44a93dda67bd", "data": [{"text": "The People's Court is an American arbitration-based reality court show , currently presided over by retired Florida State Circuit Court Judge Marilyn Milian , in which small claims disputes are handled.", "userDefined": false}], "isTemplate": false, "count": 0, "lang": "en", "updated": 0}, {"id": "7ddf395d-a5d4-4a38-a35d-65be5951af4b", "data": [{"text": "The People's Court is the first court show to use binding arbitration , introducing the format into the genre in 1981.", "userDefined": false}], "isTemplate": false, "count": 0, "lang": "en", "updated": 0}, {"id": "0ab214b1-a1e1-4620-ab58-e5a8ff0f2bdb", "data": [{"text": "The system has been duplicated by most of the show's successors in the judicial genre.", "userDefined": false}], "isTemplate": false, "count": 0, "lang": "en", "updated": 0}, {"id": "9c925ba2-f1ba-40be-9a8f-9118ece7377d", "data": [{"text": "Moreover, The People's Court is the first popular, long-running reality in the judicial genre.", "userDefined": false}], "isTemplate": false, "count": 0, "lang": "en", "updated": 0}, {"id": "7cfb72d7-3e0a-4b5d-8b18-ab6b5a610106", "data": [{"text": "It was preceded only by a few short-lived realities in the genre; these short-lived predecessors were only loosely related to judicial proceedings, except for one: Parole (1959) took footage from real-life courtrooms holding legal proceedings.", "userDefined": false}], "isTemplate": false, "count": 0, "lang": "en", "updated": 0}, {"id": "a8cfb169-8a10-4540-bd0c-1d9b5f6892aa", "data": [{"text": "Prior to The People's Court, the vast majority of TV courtroom shows used actors , and recreated or fictional cases (as did radio before that ).", "userDefined": false}], "isTemplate": false, "count": 0, "lang": "en", "updated": 0}, {"id": "d1383ef9-9d18-43c7-a67e-9ae41675f090", "data": [{"text": "Among examples of these types of court shows include Famous Jury Trials and Your Witness .", "userDefined": false}], "isTemplate": false, "count": 0, "lang": "en", "updated": 0}, {"id": "a1f558b0-16fa-47fd-a0fd-20e64fddbfdf", "data": [{"text": "The People's Court has had two contrasting lives.", "userDefined": false}], "isTemplate": false, "count": 0, "lang": "en", "updated": 0}, {"id": "f73ca545-feb6-41cf-94c6-fbeebd8ff808", "data": [{"text": "The show's first life was presided over solely by former Los Angeles County Superior Court Judge Joseph Wapner .", "userDefined": false}], "isTemplate": false, "count": 0, "lang": "en", "updated": 0}, {"id": "e8318660-e84a-4b66-bdea-64a2264ed103", "data": [{"text": "His tenure lasted from the show's debut on September 14, 1981, until May 21, 1993, when the show was cancelled due to low ratings.", "userDefined": false}], "isTemplate": false, "count": 0, "lang": "en", "updated": 0}, {"id": "6465696c-dc64-4838-bf72-ecfa706833ba", "data": [{"text": "This left the show with a total of 2,484 1\u20442-hour episodes and 12 seasons.", "userDefined": false}], "isTemplate": false, "count": 0, "lang": "en", "updated": 0}, {"id": "0b9f01a0-7546-463d-8324-e5bddde892bb", "data": [{"text": "The show was taped in Los Angeles during its first life.", "userDefined": false}], "isTemplate": false, "count": 0, "lang": "en", "updated": 0}, {"id": "b32f5f73-7cbf-4427-aeed-2e3263115592", "data": [{"text": "After being cancelled , reruns aired until September 9, 1994.", "userDefined": false}], "isTemplate": false, "count": 0, "lang": "en", "updated": 0}, {"id": "5f04f518-8eae-4302-b97f-366bd48b8927", "data": [{"text": "On September 8, 1997, after being out of production for four years, The People's Court was revived for a second life in first-run syndication as a 60-minute program.", "userDefined": false}], "isTemplate": false, "count": 0, "lang": "en", "updated": 0}, {"id": "78bb84d6-ce2a-4be9-aaf1-6669b7b50882", "data": [{"text": "Former lawyer and Mayor of New York Ed Koch was chosen as arbiter, which he maintained for 2 seasons from the 1997\u201398 season through the 1998\u201399 season (the present life's 2nd season and overall show's 14th).", "userDefined": false}], "isTemplate": false, "count": 0, "lang": "en", "updated": 0}, {"id": "07a4d660-11ef-449d-9ea7-94305025385e", "data": [{"text": "By the 1999\u201300 season, husband of Judith Sheindlin (who presides over Judge Judy ) and former New York State Supreme Court Judge Jerry Sheindlin succeeded Koch.", "userDefined": false}], "isTemplate": false, "count": 0, "lang": "en", "updated": 0}, {"id": "914cb6ce-3ce3-474b-9d18-1cf96b55447f", "data": [{"text": "Sheindlin lasted one and a half seasons as he was replaced towards the end of the 2000\u201301 season (present life's 4th season and overall show's 17th).", "userDefined": false}], "isTemplate": false, "count": 0, "lang": "en", "updated": 0}, {"id": "91f54b94-0d21-449f-9650-0fa4414cc90d", "data": [{"text": "Beginning in spring 2001, Florida judge Marilyn Milian took over The People's Court and has presided over the show ever since.", "userDefined": false}], "isTemplate": false, "count": 0, "lang": "en", "updated": 0}, {"id": "c4444887-d4f1-496c-9eee-0c2d926e0797", "data": [{"text": "Once Milian completes the 2012\u201313 season, she will have served as longest arbiter over the series with 12 and a half seasons.", "userDefined": false}], "isTemplate": false, "count": 0, "lang": "en", "updated": 0}]