[{"id": "588115c2-1bb0-4421-b2ff-ba35fc187f7c", "data": [{"text": "Triticale (\u00d7 Triticosecale), () is a hybrid of wheat (Triticum) and rye (Secale) first bred in laboratories during the late 19th century.", "userDefined": false}], "isTemplate": false, "count": 0, "lang": "en", "updated": 0}, {"id": "c2f2d320-69b6-456b-9de8-a257970faf71", "data": [{"text": "The grain was originally bred in Scotland and Sweden .", "userDefined": false}], "isTemplate": false, "count": 0, "lang": "en", "updated": 0}, {"id": "8156307d-1491-4442-94bf-ac5358dd594f", "data": [{"text": "Commercially available triticale is almost always a second generation hybrid, i.e., a cross between two kinds of primary (first cross) triticales.", "userDefined": false}], "isTemplate": false, "count": 0, "lang": "en", "updated": 0}, {"id": "a47b11a0-8c98-44ec-ae79-a22b4543a908", "data": [{"text": "As a rule, triticale combines the yield potential and grain quality of wheat with the disease and environmental tolerance (including soil conditions) of rye .", "userDefined": false}], "isTemplate": false, "count": 0, "lang": "en", "updated": 0}, {"id": "4bf7f276-a293-4ece-b9ba-76e29cb9baaf", "data": [{"text": "Only recently has it been developed into a commercially viable crop.", "userDefined": false}], "isTemplate": false, "count": 0, "lang": "en", "updated": 0}, {"id": "2c54d06a-e86c-4bc7-bddb-e1bdb11f58c7", "data": [{"text": "Depending on the cultivar , triticale can more or less resemble either of its parents.", "userDefined": false}], "isTemplate": false, "count": 0, "lang": "en", "updated": 0}, {"id": "5d148c60-a4eb-47be-bc31-b1e6c246ecb3", "data": [{"text": "It is grown mostly for forage or fodder , although some triticale-based foods can be purchased at health food stores or are to be found in some breakfast cereals .", "userDefined": false}], "isTemplate": false, "count": 0, "lang": "en", "updated": 0}, {"id": "002538d1-e586-4648-b554-a4eaaeeff3ac", "data": [{"text": "When crossing wheat and rye, wheat is used as the female parent and rye as the male parent (pollen donor).", "userDefined": false}], "isTemplate": false, "count": 0, "lang": "en", "updated": 0}, {"id": "4b61d335-e492-414a-b597-1f3df3febb29", "data": [{"text": "The resulting hybrid is sterile , and must be treated with colchicine to induce polyploidy and thus the ability to reproduce itself.", "userDefined": false}], "isTemplate": false, "count": 0, "lang": "en", "updated": 0}, {"id": "f1d15eb8-6a8a-4984-beec-09c775ad99fe", "data": [{"text": "The primary producers of triticale are Poland , Germany , France , Belarus and Australia .", "userDefined": false}], "isTemplate": false, "count": 0, "lang": "en", "updated": 0}, {"id": "0568f176-fb7c-4f70-a483-8a87289eead2", "data": [{"text": "In 2009, according to the Food and Agriculture Organization (FAO), 15.0 million tons were harvested in 29 countries across the world.", "userDefined": false}], "isTemplate": false, "count": 0, "lang": "en", "updated": 0}, {"id": "cf732813-de05-4a86-b873-b55e5c1ffb95", "data": [{"text": "The triticale hybrids are all amphidiploid , which means the plant is diploid for two genomes derived from different species .", "userDefined": false}], "isTemplate": false, "count": 0, "lang": "en", "updated": 0}, {"id": "953c8dd1-fc28-4e4f-8c99-c5339a3874da", "data": [{"text": "In other words, triticale is an allotetraploid .", "userDefined": false}], "isTemplate": false, "count": 0, "lang": "en", "updated": 0}, {"id": "ce2abce0-b61d-4359-93f3-6348570c7ce7", "data": [{"text": "In earlier years, most work was done on octoploid triticale.", "userDefined": false}], "isTemplate": false, "count": 0, "lang": "en", "updated": 0}, {"id": "edce3b01-1651-4cb0-a461-3f1468b41236", "data": [{"text": "Different ploidy levels have been created and evaluated over time.", "userDefined": false}], "isTemplate": false, "count": 0, "lang": "en", "updated": 0}, {"id": "3226a1ef-b815-4e9a-9c30-1d64ccdd4bcb", "data": [{"text": "The tetraploids showed little promise, but hexaploid triticale was successful enough to find commercial application.", "userDefined": false}], "isTemplate": false, "count": 0, "lang": "en", "updated": 0}, {"id": "7a086ef1-ffe3-4a04-b2a6-e0178c84f63f", "data": [{"text": "The CIMMYT triticale improvement program wanted to improve food production and nutrition in developing countries .", "userDefined": false}], "isTemplate": false, "count": 0, "lang": "en", "updated": 0}, {"id": "1ed68b36-5b5a-447c-8e5d-064a493ed003", "data": [{"text": "Triticale has potential in the production of bread and other food products, such as cookies , pasta , pizza dough and breakfast cereals .", "userDefined": false}], "isTemplate": false, "count": 0, "lang": "en", "updated": 0}, {"id": "3dcb7d7e-4686-48cf-8616-4d8e4285cd57", "data": [{"text": "The protein content is higher than that of wheat , although the glutenin fraction is less.", "userDefined": false}], "isTemplate": false, "count": 0, "lang": "en", "updated": 0}]