[{"id": "8fbef95e-d0a7-426a-9149-1e163a1267a0", "data": [{"text": "Ulysses S. Grant (born Hiram Ulysses Grant; April 27, 1822 \u2013 July 23, 1885) was the 18th President of the United States (1869\u20131877) following his highly successful role as a war general in the second half of the Civil War .", "userDefined": false}], "isTemplate": false, "count": 0, "lang": "en", "updated": 0}, {"id": "38907ce1-0fa1-41d9-aad3-bfbd5f477474", "data": [{"text": "Under Grant, the Union Army defeated the Confederate military ; having effectively ended the war and secession with the surrender of Robert E. Lee's army at Appomattox.", "userDefined": false}], "isTemplate": false, "count": 0, "lang": "en", "updated": 0}, {"id": "660b6071-3bb9-49ef-9234-bcaff32062ac", "data": [{"text": "As president he led the Radical Republicans in their effort to eliminate all vestiges of Confederate nationalism and slavery.", "userDefined": false}], "isTemplate": false, "count": 0, "lang": "en", "updated": 0}, {"id": "f880efee-a629-4351-887d-9fc0d1141e3d", "data": [{"text": "Upset over uncontrolled violence in the South and having desired to protect African American citizenship, President Grant effectively destroyed the Ku Klux Klan in 1871.", "userDefined": false}], "isTemplate": false, "count": 0, "lang": "en", "updated": 0}, {"id": "75cc889f-37ee-43dc-806b-921070bb480d", "data": [{"text": "Grant was the first President to establish Civil Service reform having created a two-year federally funded Civil Service Commission in 1871.", "userDefined": false}], "isTemplate": false, "count": 0, "lang": "en", "updated": 0}, {"id": "6e822f99-e371-4f48-934a-2c176774e69b", "data": [{"text": "In terms of foreign policy , Grant revealed an \"unexpected capacity for deliberation and consultation\" that promoted the national interest.", "userDefined": false}], "isTemplate": false, "count": 0, "lang": "en", "updated": 0}, {"id": "20c609ce-a0a1-4caf-9166-1fe6a3a01f79", "data": [{"text": "His reputation was marred by his repeated defense of corrupt appointees, and by America's first industrial age economic depression (called the \" Panic of 1873 \") that dominated his second term.", "userDefined": false}], "isTemplate": false, "count": 0, "lang": "en", "updated": 0}, {"id": "edb5c40c-716f-411b-afff-ed667a30270e", "data": [{"text": "Although his Republican Party split in 1872 with reformers denouncing him, Grant was easily reelected.", "userDefined": false}], "isTemplate": false, "count": 0, "lang": "en", "updated": 0}, {"id": "88efc8c7-9c14-4fcc-9b15-a0637124257d", "data": [{"text": "By 1875 the conservative white Southern opposition regained control of every state in the South and as he left the White House in March 1877 his policies were being undone.", "userDefined": false}], "isTemplate": false, "count": 0, "lang": "en", "updated": 0}, {"id": "00f9eb91-924e-4af1-b4e9-cdb89d081b45", "data": [{"text": "A career soldier, he graduated from the United States Military Academy at West Point and served in the Mexican\u2013American War .", "userDefined": false}], "isTemplate": false, "count": 0, "lang": "en", "updated": 0}, {"id": "61e97142-547f-491a-9fa7-93a5b3f7f10e", "data": [{"text": "When the Civil War began in 1861, Grant trained Union volunteer regiments in Illinois.", "userDefined": false}], "isTemplate": false, "count": 0, "lang": "en", "updated": 0}, {"id": "66394fe1-91d7-4bf9-8880-a79c8d0fb783", "data": [{"text": "In 1862, as a general he fought a series of battles and was promoted to major general after forcing the surrender of a large Confederate army and gaining control of Kentucky and most of Tennessee .", "userDefined": false}], "isTemplate": false, "count": 0, "lang": "en", "updated": 0}, {"id": "b07dae1e-750c-4e96-b708-6666fc5375ce", "data": [{"text": "He then led Union forces to victory after initial setbacks in the Battle of Shiloh , earning a reputation as an aggressive commander.", "userDefined": false}], "isTemplate": false, "count": 0, "lang": "en", "updated": 0}, {"id": "55f15b39-84f7-4399-8a16-4e2fa1307c8d", "data": [{"text": "In July 1863, after a long, complex campaign, Grant defeated five uncoordinated Confederate armies (capturing one of them) and seized Vicksburg .", "userDefined": false}], "isTemplate": false, "count": 0, "lang": "en", "updated": 0}, {"id": "0f4eab96-970b-488c-afd6-1cced9eb4846", "data": [{"text": "This famous victory gave the Union full control of the Mississippi River , split off the western Confederacy, and opened the way for more Union triumphs.", "userDefined": false}], "isTemplate": false, "count": 0, "lang": "en", "updated": 0}, {"id": "55dd35df-fac2-4002-aa01-fc4278e891dc", "data": [{"text": "After another win at the Battle of Chattanooga in late 1863, President Abraham Lincoln made him lieutenant general and commander of all of the Union Armies.", "userDefined": false}], "isTemplate": false, "count": 0, "lang": "en", "updated": 0}, {"id": "33a0b561-80fe-4f0f-82be-932e03ecd188", "data": [{"text": "As commanding general of the army, Grant confronted Robert E. Lee in a series of very bloody battles in 1864 known as the Overland Campaign that ended with the bottling up of Lee at Petersburg , outside the Confederate capital of Richmond.", "userDefined": false}], "isTemplate": false, "count": 0, "lang": "en", "updated": 0}, {"id": "fea36085-5a2a-4927-99d9-ae5da1e4044e", "data": [{"text": "During the siege, Grant coordinated a series of devastating campaigns launched by William Tecumseh Sherman , Philip Sheridan , and George Thomas .", "userDefined": false}], "isTemplate": false, "count": 0, "lang": "en", "updated": 0}, {"id": "81e3f03f-497c-4c71-93a7-ed66f7d83034", "data": [{"text": "Finally breaking through Lee's trenches, the Union Army captured Richmond in April 1865.", "userDefined": false}], "isTemplate": false, "count": 0, "lang": "en", "updated": 0}, {"id": "39958911-8950-4e8c-bdf7-252f43963f81", "data": [{"text": "Lee surrendered his depleted forces to Grant at Appomattox as the Confederacy collapsed.", "userDefined": false}], "isTemplate": false, "count": 0, "lang": "en", "updated": 0}, {"id": "c983326a-dd1a-4e15-80b6-c91dc2eedbef", "data": [{"text": "Although pro-Confederate historians attacked Grant as a ruthless butcher who won by brute force, most historians have hailed his military genius.", "userDefined": false}], "isTemplate": false, "count": 0, "lang": "en", "updated": 0}, {"id": "b33707b5-4d57-43c2-aa6a-2cd19fcdbb90", "data": [{"text": "Grant's two consecutive terms as President stabilized the nation after the American Civil War and during the turbulent Reconstruction period that followed.", "userDefined": false}], "isTemplate": false, "count": 0, "lang": "en", "updated": 0}, {"id": "8a93f10b-fe24-400b-8708-ed4953494ded", "data": [{"text": "As president, he enforced Reconstruction by enforcing civil rights laws and fighting Ku Klux Klan violence.", "userDefined": false}], "isTemplate": false, "count": 0, "lang": "en", "updated": 0}, {"id": "6ad06c50-4b12-4d3a-964c-26089d6156a2", "data": [{"text": "Grant won passage of the Fifteenth Amendment ; giving constitutional protection for African-American voting rights.", "userDefined": false}], "isTemplate": false, "count": 0, "lang": "en", "updated": 0}]