[{"id": "15573c97-427d-4cfd-a25f-e626d2f9f745", "data": [{"text": "The United States Armed Forces are the military forces of the United States of America .", "userDefined": false}], "isTemplate": false, "count": 0, "lang": "en", "updated": 0}, {"id": "c9a49968-a65a-4cf8-b685-143aee6aec03", "data": [{"text": "They consist of the Army , Navy , Marine Corps , Air Force , and Coast Guard .", "userDefined": false}], "isTemplate": false, "count": 0, "lang": "en", "updated": 0}, {"id": "d6decb82-5b38-4893-bfe6-dff9cdc1627c", "data": [{"text": "The U.S. has a strong tradition of civilian control of the military .", "userDefined": false}], "isTemplate": false, "count": 0, "lang": "en", "updated": 0}, {"id": "02c148a8-fa45-48f9-bd6e-385490658320", "data": [{"text": "The President is the military's overall head, and helps form military policy with the U.S. Department of Defense (DoD), a federal executive department , acting as the principal organ by which military policy is carried out.", "userDefined": false}], "isTemplate": false, "count": 0, "lang": "en", "updated": 0}, {"id": "3d0ca32e-3491-4734-97d0-08834a95a5ef", "data": [{"text": "The DoD is headed by the Secretary of Defense , who is a civilian and Cabinet member.", "userDefined": false}], "isTemplate": false, "count": 0, "lang": "en", "updated": 0}, {"id": "5701ecf0-7414-46d6-9a45-ba8babe9b055", "data": [{"text": "The Defense Secretary is second in the military's chain of command , just below the President, and serves as the principal assistant to the President in all DoD-related matters.", "userDefined": false}], "isTemplate": false, "count": 0, "lang": "en", "updated": 0}, {"id": "ea8189a2-2b95-456f-91f1-d6f6160306ea", "data": [{"text": "To coordinate military action with diplomacy, the President has an advisory National Security Council headed by a National Security Advisor .", "userDefined": false}], "isTemplate": false, "count": 0, "lang": "en", "updated": 0}, {"id": "bfb58b6d-cb1a-47dc-b023-816e22270d1e", "data": [{"text": "Both the President and Secretary of Defense are advised by a seven-member Joint Chiefs of Staff , which includes the head of each of the Defense Department's service branches as well as the chief of the National Guard Bureau .", "userDefined": false}], "isTemplate": false, "count": 0, "lang": "en", "updated": 0}, {"id": "34ccd836-8769-4854-81ed-d874a5f7634b", "data": [{"text": "Leadership is provided by the Chairman of the Joint Chiefs of Staff and the Vice Chairman of the Joint Chiefs of Staff .", "userDefined": false}], "isTemplate": false, "count": 0, "lang": "en", "updated": 0}, {"id": "e1c9459f-f758-4905-a921-ddd218d3c8ac", "data": [{"text": "The Commandant of the Coast Guard is not a member of the Joint Chiefs of Staff.", "userDefined": false}], "isTemplate": false, "count": 0, "lang": "en", "updated": 0}, {"id": "ae071a57-5bda-4c84-a359-0ea7fdc4a5b4", "data": [{"text": "All of the branches work together during operations and joint missions, under the Unified Combatant Commands , under the authority of the Secretary of Defense with the exception of the Coast Guard.", "userDefined": false}], "isTemplate": false, "count": 0, "lang": "en", "updated": 0}, {"id": "694b190b-8d93-4e2e-9a64-4efa3978d7c0", "data": [{"text": "The Coast Guard falls under the administration of the Department of Homeland Security and receives its operational orders from the Secretary of Homeland Security .", "userDefined": false}], "isTemplate": false, "count": 0, "lang": "en", "updated": 0}, {"id": "9b30a5fa-bdb0-475c-a8a5-ca8ed19fba3e", "data": [{"text": "The Coast Guard may be transferred to the Department of the Navy by the President or Congress during a time of war.", "userDefined": false}], "isTemplate": false, "count": 0, "lang": "en", "updated": 0}, {"id": "32f7dcf6-4dcf-4cbc-9451-b5a979bbded0", "data": [{"text": "All five armed services are among the seven uniformed services of the United States ; the others are the U.S. Public Health Service Commissioned Corps and the National Oceanic and Atmospheric Administration Commissioned Corps .", "userDefined": false}], "isTemplate": false, "count": 0, "lang": "en", "updated": 0}, {"id": "b5153319-ec27-4322-a7d3-abe8d94ab48f", "data": [{"text": "From the time of its inception, the military played a decisive role in the history of the United States .", "userDefined": false}], "isTemplate": false, "count": 0, "lang": "en", "updated": 0}, {"id": "8a8d101a-1523-4705-99cc-4810ee2669ee", "data": [{"text": "A sense of national unity and identity was forged as a result of victory in the First Barbary War and the Second Barbary War .", "userDefined": false}], "isTemplate": false, "count": 0, "lang": "en", "updated": 0}, {"id": "d569adb6-3d60-4371-ad4a-1a2571af1311", "data": [{"text": "Even so, the Founders were suspicious of a permanent military force and not until the outbreak of World War II did a large standing army become officially established.", "userDefined": false}], "isTemplate": false, "count": 0, "lang": "en", "updated": 0}, {"id": "5134897e-0f8e-4ae3-be20-6e28e5625657", "data": [{"text": "The National Security Act of 1947 , adopted following World War II and during the Cold War's onset, created the modern U.S. military framework; the Act merged previously Cabinet-level Department of War and the Department of the Navy into the National Military Establishment (renamed the Department of Defense in 1949), headed by the Secretary of Defense; and created the Department of the Air Force and National Security Council.", "userDefined": false}], "isTemplate": false, "count": 0, "lang": "en", "updated": 0}]