[{"id": "e3ae3680-c677-489a-b48f-45b3813fbeb5", "data": [{"text": "The Declaration of Independence is a statement adopted by the Continental Congress on July 4, 1776, which announced that the thirteen American colonies , then at war with Great Britain , regarded themselves as independent states, and no longer a part of the British Empire .", "userDefined": false}], "isTemplate": false, "count": 0, "lang": "en", "updated": 0}, {"id": "787bdb58-e54d-4229-9380-e3376903baf8", "data": [{"text": "Instead they now formed a new nation\u2014the United States of America.", "userDefined": false}], "isTemplate": false, "count": 0, "lang": "en", "updated": 0}, {"id": "da446f18-85ae-4148-b5df-e7ebb69274ae", "data": [{"text": "John Adams was a leader in pushing for independence, which was unanimously approved on July 2.", "userDefined": false}], "isTemplate": false, "count": 0, "lang": "en", "updated": 0}, {"id": "359a24d3-49b0-47b6-89d2-d39c034b4ebf", "data": [{"text": "A committee had already drafted the formal declaration, to be ready when congress voted on independence.", "userDefined": false}], "isTemplate": false, "count": 0, "lang": "en", "updated": 0}, {"id": "192cd944-daea-4e05-bf52-919c06b9c690", "data": [{"text": "Adams persuaded the committee to select Thomas Jefferson to compose the original draft of the document, which congress would edit to produce the final version.", "userDefined": false}], "isTemplate": false, "count": 0, "lang": "en", "updated": 0}, {"id": "f462e184-5967-4f22-9fb6-5bc61a96ef11", "data": [{"text": "The Declaration was ultimately a formal explanation of why Congress had voted on July 2 to declare independence from Great Britain, more than a year after the outbreak of the American Revolutionary War .", "userDefined": false}], "isTemplate": false, "count": 0, "lang": "en", "updated": 0}, {"id": "ce5728ff-91bf-4ae5-8a5c-acf50c8f73c8", "data": [{"text": "The national birthday, the Independence Day is celebrated on July 4, although Adams wanted July 2.", "userDefined": false}], "isTemplate": false, "count": 0, "lang": "en", "updated": 0}, {"id": "98578c4d-1b97-4ed1-ac3f-785799f09663", "data": [{"text": "After ratifying the text on July 4, Congress issued the Declaration of Independence in several forms.", "userDefined": false}], "isTemplate": false, "count": 0, "lang": "en", "updated": 0}, {"id": "989303ab-c44a-417f-bb35-ef854797f6a6", "data": [{"text": "It was initially published as the printed Dunlap broadside that was widely distributed and read to the public.", "userDefined": false}], "isTemplate": false, "count": 0, "lang": "en", "updated": 0}, {"id": "071fb30f-13ed-420e-b731-c8680ec5ec6f", "data": [{"text": "The most famous version of the Declaration, a signed copy that is popularly regarded as the Declaration of Independence, is displayed at the National Archives in Washington, D.C.", "userDefined": false}], "isTemplate": false, "count": 0, "lang": "en", "updated": 0}, {"id": "5b15de67-8b75-440b-987b-8050575938b3", "data": [{"text": "Although the wording of the Declaration was approved on July 4, the date of its signing was August 2.", "userDefined": false}], "isTemplate": false, "count": 0, "lang": "en", "updated": 0}, {"id": "cc5d972c-03d8-41e3-9f17-d1bb5e49464a", "data": [{"text": "The original July 4 United States Declaration of Independence manuscript was lost while all other copies have been derived from this original document.", "userDefined": false}], "isTemplate": false, "count": 0, "lang": "en", "updated": 0}, {"id": "35125351-7657-4c40-829f-b52920fdb844", "data": [{"text": "The sources and interpretation of the Declaration have been the subject of much scholarly inquiry.", "userDefined": false}], "isTemplate": false, "count": 0, "lang": "en", "updated": 0}, {"id": "b150e09f-bee3-4583-a838-c2e8aaec97eb", "data": [{"text": "The Declaration justified the independence of the United States by listing colonial grievances against King George III , and by asserting certain natural and legal rights , including a right of revolution .", "userDefined": false}], "isTemplate": false, "count": 0, "lang": "en", "updated": 0}, {"id": "e1990de8-d665-49b8-856c-c21ad12ccffe", "data": [{"text": "Having served its original purpose in announcing independence, the text of the Declaration was initially ignored after the American Revolution .", "userDefined": false}], "isTemplate": false, "count": 0, "lang": "en", "updated": 0}, {"id": "673ce8c6-11a6-42dc-8252-732f640a4239", "data": [{"text": "Since then, it has come to be considered a major statement on human rights , particularly its second sentence:", "userDefined": false}], "isTemplate": false, "count": 0, "lang": "en", "updated": 0}, {"id": "36c30726-1bb4-4d9d-ad6f-2670c66d1840", "data": [{"text": "We hold these truths to be self-evident, that all men are created equal , that they are endowed by their Creator with certain unalienable Rights, that among these are Life, Liberty and the pursuit of Happiness .", "userDefined": false}], "isTemplate": false, "count": 0, "lang": "en", "updated": 0}]