[{"id": "c4074e5a-bea1-4c05-819f-41c5f39d2b49", "data": [{"text": "The United States of America (USA or U.S.A.), commonly called the United States (US or U.S.) or America, is a federal republic consisting of fifty states and a federal district .", "userDefined": false}], "isTemplate": false, "count": 0, "lang": "en", "updated": 0}, {"id": "258abc4a-e402-4d0e-90fa-e1382693af95", "data": [{"text": "The lower forty-eight contiguous states and the federal district of Washington, D.C. are in central North America between Canada and Mexico.", "userDefined": false}], "isTemplate": false, "count": 0, "lang": "en", "updated": 0}, {"id": "2e0995cb-af90-4415-ab13-1655bc6fd2d6", "data": [{"text": "The state of Alaska is west of Canada and east of Russia across the Bering Strait, and the state of Hawaii is in the mid-North Pacific.", "userDefined": false}], "isTemplate": false, "count": 0, "lang": "en", "updated": 0}, {"id": "eda5bb4a-2a6e-4734-a0ce-01fc142a6832", "data": [{"text": "The country also has five populated and nine unpopulated territories in the Pacific and the Caribbean.", "userDefined": false}], "isTemplate": false, "count": 0, "lang": "en", "updated": 0}, {"id": "46f41df2-90f4-468c-b587-e06141eabfc8", "data": [{"text": "At 3.79 million square miles (9.83 million km2) and with around 315 million people, the United States is the third- or fourth-largest country by total area and the third-largest by both land area and population .", "userDefined": false}], "isTemplate": false, "count": 0, "lang": "en", "updated": 0}, {"id": "1f383171-040a-4f4e-bdf0-50735e0f7759", "data": [{"text": "It is one of the world's most ethnically diverse and multicultural nations, the product of large-scale immigration from many countries .", "userDefined": false}], "isTemplate": false, "count": 0, "lang": "en", "updated": 0}, {"id": "019e12c3-1461-4232-ba17-c31d55c7afa4", "data": [{"text": "The geography and climate of the U.S. is also extremely diverse, with deserts, plains, forests, and mountains that are home to a wide variety of species.", "userDefined": false}], "isTemplate": false, "count": 0, "lang": "en", "updated": 0}, {"id": "75ab0ce2-b2f4-4c76-bcc0-e2563433ee6e", "data": [{"text": "Paleoindians migrated from Asia to what is now the United States mainland around 15,000 years ago.", "userDefined": false}], "isTemplate": false, "count": 0, "lang": "en", "updated": 0}, {"id": "860361ae-1e57-4e42-93bd-b9ef06b0428c", "data": [{"text": "After 1500, Old World diseases introduced by Europeans greatly reduced their populations.", "userDefined": false}], "isTemplate": false, "count": 0, "lang": "en", "updated": 0}, {"id": "3255ea09-ac3f-4488-ba74-9190cd43f6bc", "data": [{"text": "European colonization began around 1600 and came mostly from England.", "userDefined": false}], "isTemplate": false, "count": 0, "lang": "en", "updated": 0}, {"id": "36188bae-f40b-4cce-b48f-e1d9fa980f0a", "data": [{"text": "The United States emerged from thirteen British colonies located along the Atlantic seaboard.", "userDefined": false}], "isTemplate": false, "count": 0, "lang": "en", "updated": 0}, {"id": "413f7fcc-63a2-4a0d-9335-3d9a13664b42", "data": [{"text": "Disputes between Great Britain and the American colonies led to the American Revolution .", "userDefined": false}], "isTemplate": false, "count": 0, "lang": "en", "updated": 0}, {"id": "3adb9c62-a24e-491e-b4f0-015e3fa1bda6", "data": [{"text": "On July 4, 1776, delegates from the 13 colonies unanimously issued the Declaration of Independence , which established the United States of America.", "userDefined": false}], "isTemplate": false, "count": 0, "lang": "en", "updated": 0}, {"id": "6b420736-9c04-42b3-ad48-b31f2fe46178", "data": [{"text": "The American Revolutionary War , which ended with the recognition of independence of the United States from the Kingdom of Great Britain , was the first successful war of independence against a European colonial empire .", "userDefined": false}], "isTemplate": false, "count": 0, "lang": "en", "updated": 0}, {"id": "ddcf9aba-18c0-4090-b321-46a39489d5c5", "data": [{"text": "The current Constitution was adopted on September 17, 1787; twenty-seven Amendments have since been added to the Constitution.", "userDefined": false}], "isTemplate": false, "count": 0, "lang": "en", "updated": 0}, {"id": "784904b0-f136-423b-861c-c275388c93c7", "data": [{"text": "The first ten amendments, collectively named the Bill of Rights , were ratified in 1791 and guarantee many fundamental civil rights and freedoms .", "userDefined": false}], "isTemplate": false, "count": 0, "lang": "en", "updated": 0}, {"id": "47ae23f9-f48f-4b68-9d0b-44f4cbfe1e62", "data": [{"text": "Driven by the doctrine of manifest destiny , the United States embarked on a vigorous expansion across North America throughout the 19th century.", "userDefined": false}], "isTemplate": false, "count": 0, "lang": "en", "updated": 0}, {"id": "c369d94d-9277-4779-954d-c4fe41a39a23", "data": [{"text": "This involved displacing native tribes , acquiring new territories , and gradually admitting new states.", "userDefined": false}], "isTemplate": false, "count": 0, "lang": "en", "updated": 0}, {"id": "aeeeb93e-c449-496b-b1d0-953e500fa5c7", "data": [{"text": "The American Civil War ended legalized slavery in the United States.", "userDefined": false}], "isTemplate": false, "count": 0, "lang": "en", "updated": 0}, {"id": "40ed54b4-e7f4-42d5-8f70-c45e25899867", "data": [{"text": "By the end of the nineteenth century, the United States extended into the Pacific Ocean, and its economy was the world's largest.", "userDefined": false}], "isTemplate": false, "count": 0, "lang": "en", "updated": 0}, {"id": "9a273c69-4fef-4090-99ac-d7a101b7d4ef", "data": [{"text": "The Spanish\u2013American War and confirmed the country's status as a global military power.", "userDefined": false}], "isTemplate": false, "count": 0, "lang": "en", "updated": 0}, {"id": "ce390bf2-3257-42c4-bffb-f8fff6a1516a", "data": [{"text": "The United States emerged from as a global superpower , the first country with nuclear weapons , and a permanent member of the United Nations Security Council .", "userDefined": false}], "isTemplate": false, "count": 0, "lang": "en", "updated": 0}]