[{"id": "2e284fed-2d2a-4667-8727-10d58badc21b", "data": [{"text": "A use tax in United States is complementary to sales tax which means, if you buy a Taxable product/services without paying any Sales tax to vendor, you owe use tax.", "userDefined": false}], "isTemplate": false, "count": 0, "lang": "en", "updated": 0}, {"id": "9bb717b6-f415-4331-b8d6-e3d25f9f6495", "data": [{"text": "You must self assess use tax and pay it directly to the state where the products were consumed or services were rendered.", "userDefined": false}], "isTemplate": false, "count": 0, "lang": "en", "updated": 0}, {"id": "38035c64-beaa-488b-bac9-77cf91ec556c", "data": [{"text": "Use tax typically is a tax on consumption but if you buy an item (without paying sales tax) and store it in your warehouse initially, use tax applies to that location where goods were stored.", "userDefined": false}], "isTemplate": false, "count": 0, "lang": "en", "updated": 0}, {"id": "872feb67-30ae-4a2a-aaf8-a1dc741bac6a", "data": [{"text": "Later on when the final consumption takes place at some other location, you are required to pay the differential of tax rate to the jurisdiction of ultimate place of consumption.", "userDefined": false}], "isTemplate": false, "count": 0, "lang": "en", "updated": 0}, {"id": "39fa85af-dc04-4390-96b1-d05846e2b15d", "data": [{"text": "This really means that you don't have to pay both Sales Tax as well as Use Tax on one transaction.", "userDefined": false}], "isTemplate": false, "count": 0, "lang": "en", "updated": 0}, {"id": "9db75b98-c34c-4cd0-9475-f54320f8929b", "data": [{"text": "It is only one or the other that you are required to pay on purchase of taxable products/services.", "userDefined": false}], "isTemplate": false, "count": 0, "lang": "en", "updated": 0}, {"id": "3a2abead-1ccd-4243-8147-65715dcbcc8c", "data": [{"text": "If vendor doesn't charge any Sales tax on its invoice then it is the obligation of the buyer to self assess Use tax and pay it to the appropriate Jurisdication.", "userDefined": false}], "isTemplate": false, "count": 0, "lang": "en", "updated": 0}, {"id": "deb5b746-dc80-47d9-a17e-34a55a452e97", "data": [{"text": "Use Tax is generally charged at the same tax rate of Sales Tax but in some states the tax rate is different.", "userDefined": false}], "isTemplate": false, "count": 0, "lang": "en", "updated": 0}, {"id": "11c7ba24-9cde-4d5d-9227-15844b5dcb05", "data": [{"text": "Use tax is also termed as \"Consumption Tax\" or \"Consumer Use Tax\".", "userDefined": false}], "isTemplate": false, "count": 0, "lang": "en", "updated": 0}, {"id": "328bfbc9-5b71-4c62-93bb-7f13ab439e5e", "data": [{"text": "A use tax is a type of excise tax levied in the United States by numerous state governments.", "userDefined": false}], "isTemplate": false, "count": 0, "lang": "en", "updated": 0}, {"id": "9c47d3b0-da45-4b9d-8c48-a8c63bddc154", "data": [{"text": "It is assessed upon tangible personal property purchased by a resident of the assessing state for use, storage, or consumption in that state (not for resale), regardless of where the purchase took place.", "userDefined": false}], "isTemplate": false, "count": 0, "lang": "en", "updated": 0}, {"id": "3484cd5f-0b27-4a14-926f-092ce87932fb", "data": [{"text": "If a resident of a state makes a purchase within his home state, full sales tax is paid at the time of the transaction.", "userDefined": false}], "isTemplate": false, "count": 0, "lang": "en", "updated": 0}, {"id": "c6239c65-37c9-43a4-a850-727765253d09", "data": [{"text": "The use tax applies when a resident of the assessing state purchases an item that is not subject to his home state's sales tax.", "userDefined": false}], "isTemplate": false, "count": 0, "lang": "en", "updated": 0}, {"id": "70ab95a4-b8af-4a0c-9ac6-9aadcd5cdd90", "data": [{"text": "Usually, this is due to out-of-state purchases, as well as ordering items through the mail, by phone, or over the Internet from other states.", "userDefined": false}], "isTemplate": false, "count": 0, "lang": "en", "updated": 0}, {"id": "06458fe8-4ba2-49d1-bffd-f8e0ed83a57d", "data": [{"text": "The use tax is typically assessed at the same rate as the sales tax that would have been owed (if any) had the same goods been purchased in the state of residence.", "userDefined": false}], "isTemplate": false, "count": 0, "lang": "en", "updated": 0}, {"id": "4f415df9-45e5-44ba-8e4d-b22a3830f6d2", "data": [{"text": "For example, a resident of Massachusetts , with a 6.25% \"sales and use tax\" on certain goods and services, purchases non-exempt goods or services in New Hampshire for use, storage or other consumption in Massachusetts.", "userDefined": false}], "isTemplate": false, "count": 0, "lang": "en", "updated": 0}, {"id": "28bad905-f849-4de3-9783-acbff7e76e77", "data": [{"text": "Under New Hampshire law, the New Hampshire vendor collects no sales taxes on the goods, but the Massachusetts purchaser/user must still pay 6.25% of the sales price directly to the Department of Revenue in Massachusetts as a use tax.", "userDefined": false}], "isTemplate": false, "count": 0, "lang": "en", "updated": 0}, {"id": "f6229a9e-6f6a-4dbe-98ef-2a5542362d4e", "data": [{"text": "If the same goods are purchased in a US state that does collect sales tax for such goods at time of purchase, whatever taxes were paid by the purchaser to that state can be deducted (as a tax credit ) from the 6.25% owed for subsequent use, storage or consumption in Massachusetts.", "userDefined": false}], "isTemplate": false, "count": 0, "lang": "en", "updated": 0}, {"id": "e8902f8a-828d-49da-bb1e-5f38b90697cc", "data": [{"text": "With few exceptions, no state's vendors will charge the native state's sales tax on goods shipped out of state, meaning all goods ordered from out-of-state are essentially free of sales tax.", "userDefined": false}], "isTemplate": false, "count": 0, "lang": "en", "updated": 0}, {"id": "afc9de3d-0cad-41d6-b180-76c6eb1535ae", "data": [{"text": "The purchaser is therefore required to declare and pay the use tax to his home state on these ordered goods.", "userDefined": false}], "isTemplate": false, "count": 0, "lang": "en", "updated": 0}, {"id": "c6f710ed-726e-444c-bb42-8d525cda86de", "data": [{"text": "The assessing jurisdiction may make the use tax payable annually, but some states require a monthly payment.", "userDefined": false}], "isTemplate": false, "count": 0, "lang": "en", "updated": 0}, {"id": "8d086226-dfa5-4e1d-a936-66f4b5f9b92d", "data": [{"text": "For example, where a Vermont resident has not paid at least 6% sales tax on property brought in for use in the state, Vermont law requires filing a tax return (Form SU-452 and payment) by the 20th day of the month following non-exempt purchases to avoid a $50 late fee, a 5% penalty per month, to a maximum of 25%, plus statutory interest on the unpaid tax and penalties.", "userDefined": false}], "isTemplate": false, "count": 0, "lang": "en", "updated": 0}, {"id": "2df0272a-d21e-4f97-a96e-811fccfed41f", "data": [{"text": "Typical exemptions include purchases by charitable non-profit organizations or governmental agencies, purchases for resale in commerce, and purchases via \"casual sales\" by individuals not in the ordinary course of business.", "userDefined": false}], "isTemplate": false, "count": 0, "lang": "en", "updated": 0}]