[{"id": "ae1f2434-1c98-4d1b-add9-6e8f7cb40f7c", "data": [{"text": "Modern vacuum tubes, mostly miniature style", "userDefined": false}], "isTemplate": false, "count": 0, "lang": "en", "updated": 0}, {"id": "8e9454df-1cdc-44fd-975e-3caf372b4ea5", "data": [{"text": "In electronics , a vacuum tube, electron tube (in North America), thermionic valve, tube, or valve is a device controlling electric current through a vacuum in a sealed container.", "userDefined": false}], "isTemplate": false, "count": 0, "lang": "en", "updated": 0}, {"id": "b5cd8fd2-aeab-4ac9-bb5b-268bda4055da", "data": [{"text": "The container is often thin transparent glass in a roughly cylindrical shape.", "userDefined": false}], "isTemplate": false, "count": 0, "lang": "en", "updated": 0}, {"id": "c287247e-37e4-49bd-a64c-7401600c471c", "data": [{"text": "The simplest vacuum tube, the diode, is essentially an incandescent light bulb with an added electrode inside.", "userDefined": false}], "isTemplate": false, "count": 0, "lang": "en", "updated": 0}, {"id": "3b06aa01-5821-4053-afe9-02b8f224e91f", "data": [{"text": "When the bulb's filament is heated white-hot, electrons are \"boiled\" off its surface and into the vacuum inside the bulb.", "userDefined": false}], "isTemplate": false, "count": 0, "lang": "en", "updated": 0}, {"id": "0ba392e9-f89d-4e92-9530-06a64e5f6e79", "data": [{"text": "If the electrode -- called a \"plate\" or \"anode\" -- is made more positive than the hot filament, a direct current flows through the vacuum to the electrode (a demonstration of the Edison effect ).", "userDefined": false}], "isTemplate": false, "count": 0, "lang": "en", "updated": 0}, {"id": "7486b207-1ed1-42b2-a5c2-1fbdfaa523d6", "data": [{"text": "As the current only flows in one direction, it makes it possible to convert an alternating current applied to the filament to direct current .", "userDefined": false}], "isTemplate": false, "count": 0, "lang": "en", "updated": 0}, {"id": "f1a3e9fe-dea3-4097-b067-9443393c767d", "data": [{"text": "The introduction of a third electrode, a grid between the filament and the plate, yields another function.", "userDefined": false}], "isTemplate": false, "count": 0, "lang": "en", "updated": 0}, {"id": "50a28bc7-6b9f-41d5-a23a-4d1956fb89e3", "data": [{"text": "A voltage applied to the grid controls the current flowing from the filament to the plate.", "userDefined": false}], "isTemplate": false, "count": 0, "lang": "en", "updated": 0}, {"id": "71d3ff35-a586-4c78-94a0-ee71dee6d560", "data": [{"text": "Thus, it allows the device to be used as an electronic amplifier.", "userDefined": false}], "isTemplate": false, "count": 0, "lang": "en", "updated": 0}, {"id": "c5f17565-4a99-4af5-a3b6-d1d319150bc2", "data": [{"text": "Vacuum tubes are thus used for rectification , amplification , switching , or similar processing or creation of electrical signals .", "userDefined": false}], "isTemplate": false, "count": 0, "lang": "en", "updated": 0}, {"id": "14e20bff-6f07-47d6-847b-962d85a85009", "data": [{"text": "The vast majority of modern day tubes consist of a sealed container with a vacuum inside, and essentially rely on thermionic emission of electrons from a hot filament or a cathode heated by the filament.", "userDefined": false}], "isTemplate": false, "count": 0, "lang": "en", "updated": 0}, {"id": "b2a41c71-b2f8-4209-b62b-d274b21591d1", "data": [{"text": "Some exceptions to this are dealt with in the section about gas-filled tubes below.", "userDefined": false}], "isTemplate": false, "count": 0, "lang": "en", "updated": 0}, {"id": "aac4c938-25d7-486f-b918-6a18a54d2e32", "data": [{"text": "Vacuum tubes were critical to the development of electronic technology, which drove the expansion and commercialization of radio broadcasting, television, radar, sound reinforcement , sound recording and reproduction , large telephone networks, analog and digital computers, and industrial process control .", "userDefined": false}], "isTemplate": false, "count": 0, "lang": "en", "updated": 0}, {"id": "1719af9a-197e-403e-bcf8-45319e6641f1", "data": [{"text": "Although some applications had counterparts using earlier technologies such as the spark gap transmitter or mechanical computers , it was the invention of the vacuum tube with three electrodes (called a triode ) and its capability of electronic amplification that made these technologies widespread and practical.", "userDefined": false}], "isTemplate": false, "count": 0, "lang": "en", "updated": 0}, {"id": "6ff134cf-e161-48e8-b3d5-ecc3516df4dc", "data": [{"text": "In most applications, solid-state devices such as transistors and other semiconductor devices have replaced tubes.", "userDefined": false}], "isTemplate": false, "count": 0, "lang": "en", "updated": 0}, {"id": "68ce3e09-3b12-4bbd-8c37-85522fb53da7", "data": [{"text": "Solid-state devices last longer and are smaller, more efficient, more reliable, and cheaper than tubes.", "userDefined": false}], "isTemplate": false, "count": 0, "lang": "en", "updated": 0}]