[{"id": "631db90b-c2d8-429d-b1fa-55a5618021af", "data": [{"text": "A bottle of high potency B-complex vitamin supplement pills.", "userDefined": false}], "isTemplate": false, "count": 0, "lang": "en", "updated": 0}, {"id": "401bb47b-640e-4a06-b18e-0450da31e9bf", "data": [{"text": "A vitamin ( or ) is an organic compound required by an organism as a vital nutrient in limited amounts.", "userDefined": false}], "isTemplate": false, "count": 0, "lang": "en", "updated": 0}, {"id": "32a787e3-bd07-45a4-a434-40706fc803cb", "data": [{"text": "An organic chemical compound (or related set of compounds) is called a vitamin when it cannot be synthesized in sufficient quantities by an organism, and must be obtained from the diet.", "userDefined": false}], "isTemplate": false, "count": 0, "lang": "en", "updated": 0}, {"id": "4e8abc16-ced8-4648-a270-4f6e920957b6", "data": [{"text": "Thus, the term is conditional both on the circumstances and on the particular organism.", "userDefined": false}], "isTemplate": false, "count": 0, "lang": "en", "updated": 0}, {"id": "2e184cfb-2f3d-4c44-890a-7dd0b8e673f1", "data": [{"text": "For example, ascorbic acid ( vitamin C ) is a vitamin for humans, but not for most other animals, and biotin and vitamin D are required in the human diet only in certain circumstances.", "userDefined": false}], "isTemplate": false, "count": 0, "lang": "en", "updated": 0}, {"id": "8ca7ce3f-90ad-439f-a576-4cb521914161", "data": [{"text": "By convention, the term vitamin includes neither other essential nutrients , such as dietary minerals , essential fatty acids , or essential amino acids (which are needed in larger amounts than vitamins) nor the large number of other nutrients that promote health but are otherwise required less often.", "userDefined": false}], "isTemplate": false, "count": 0, "lang": "en", "updated": 0}, {"id": "febdd640-6a93-4b91-823e-9750330ef3c1", "data": [{"text": "Thirteen vitamins are universally recognized at present.", "userDefined": false}], "isTemplate": false, "count": 0, "lang": "en", "updated": 0}, {"id": "9971db29-15c6-4516-8468-97111ba6debd", "data": [{"text": "Vitamins are classified by their biological and chemical activity, not their structure.", "userDefined": false}], "isTemplate": false, "count": 0, "lang": "en", "updated": 0}, {"id": "5cf6c9f2-f2b5-43cc-a07f-8d55971a3698", "data": [{"text": "Thus, each \"vitamin\" refers to a number of vitamer compounds that all show the biological activity associated with a particular vitamin.", "userDefined": false}], "isTemplate": false, "count": 0, "lang": "en", "updated": 0}, {"id": "792d29e9-d246-4dfb-8966-3ed2e9e49eed", "data": [{"text": "Such a set of chemicals is grouped under an alphabetized vitamin \"generic descriptor\" title, such as \" vitamin A \", which includes the compounds retinal , retinol , and four known carotenoids .", "userDefined": false}], "isTemplate": false, "count": 0, "lang": "en", "updated": 0}, {"id": "07a99f59-7131-4514-b09a-0175b89b7d37", "data": [{"text": "Vitamers by definition are convertible to the active form of the vitamin in the body, and are sometimes inter-convertible to one another, as well.", "userDefined": false}], "isTemplate": false, "count": 0, "lang": "en", "updated": 0}, {"id": "ef4c2c89-24b6-436f-b5a7-537ed1925f3f", "data": [{"text": "Vitamins have diverse biochemical functions.", "userDefined": false}], "isTemplate": false, "count": 0, "lang": "en", "updated": 0}, {"id": "e871d3a7-b75d-4176-97b9-811daa722dad", "data": [{"text": "Some have hormone-like functions as regulators of mineral metabolism (such as vitamin D), or regulators of cell and tissue growth and differentiation (such as some forms of vitamin A ).", "userDefined": false}], "isTemplate": false, "count": 0, "lang": "en", "updated": 0}, {"id": "d716dd4e-d893-4630-91a2-229f220a2095", "data": [{"text": "Others function as antioxidants (e.g., vitamin E and sometimes vitamin C ).", "userDefined": false}], "isTemplate": false, "count": 0, "lang": "en", "updated": 0}, {"id": "efa99241-97b9-4268-898a-e08623cb5bdb", "data": [{"text": "The largest number of vitamins (such as B complex vitamins) function as precursors for enzyme cofactors , that help enzymes in their work as catalysts in metabolism .", "userDefined": false}], "isTemplate": false, "count": 0, "lang": "en", "updated": 0}, {"id": "a155fa03-fcc9-4120-ba49-6cb56c49fc10", "data": [{"text": "In this role, vitamins may be tightly bound to enzymes as part of prosthetic groups : For example, biotin is part of enzymes involved in making fatty acids .", "userDefined": false}], "isTemplate": false, "count": 0, "lang": "en", "updated": 0}, {"id": "14ab7c0a-bcce-431d-82ef-0141d568039e", "data": [{"text": "Vitamins may also be less tightly bound to enzyme catalysts as coenzymes , detachable molecules that function to carry chemical groups or electrons between molecules.", "userDefined": false}], "isTemplate": false, "count": 0, "lang": "en", "updated": 0}]