[{"id": "affb8472-621e-460f-a85a-a4639763833c", "data": [{"text": "Thunderstorm near Garajau, Madeira", "userDefined": false}], "isTemplate": false, "count": 0, "lang": "en", "updated": 0}, {"id": "6937c1d5-b3b4-4eb7-8eea-bfaf73dad380", "data": [{"text": "Weather is the state of the atmosphere , to the degree that it is hot or cold, wet or dry, calm or stormy, clear or cloudy.", "userDefined": false}], "isTemplate": false, "count": 0, "lang": "en", "updated": 0}, {"id": "7fd42ef3-780e-4afb-96a1-1c8165a4f6f8", "data": [{"text": "Most weather phenomena occur in the troposphere , just below the stratosphere .", "userDefined": false}], "isTemplate": false, "count": 0, "lang": "en", "updated": 0}, {"id": "8e99d65a-fd43-41dc-abc0-d96d72cbf305", "data": [{"text": "Weather generally refers to day-to-day temperature and precipitation activity, whereas climate is the term for the average atmospheric conditions over longer periods of time.", "userDefined": false}], "isTemplate": false, "count": 0, "lang": "en", "updated": 0}, {"id": "f68e9736-c3bb-4973-a414-443b9cdff754", "data": [{"text": "When used without qualification, \"weather\" is understood to be the weather of Earth .", "userDefined": false}], "isTemplate": false, "count": 0, "lang": "en", "updated": 0}, {"id": "f8471164-76ee-41c4-ae55-ec8ec9d93557", "data": [{"text": "Weather is driven by air pressure (temperature and moisture) differences between one place and another.", "userDefined": false}], "isTemplate": false, "count": 0, "lang": "en", "updated": 0}, {"id": "2d327cd0-d8b5-45a5-9144-2a68dd62edc8", "data": [{"text": "These pressure and temperature differences can occur due to the sun angle at any particular spot, which varies by latitude from the tropics .", "userDefined": false}], "isTemplate": false, "count": 0, "lang": "en", "updated": 0}, {"id": "a70fda21-8ad6-42e6-a950-883e5369ac51", "data": [{"text": "The strong temperature contrast between polar and tropical air gives rise to the jet stream .", "userDefined": false}], "isTemplate": false, "count": 0, "lang": "en", "updated": 0}, {"id": "8ad10dca-e7bd-4841-b449-be86450337b1", "data": [{"text": "Weather systems in the mid-latitudes , such as extratropical cyclones , are caused by instabilities of the jet stream flow.", "userDefined": false}], "isTemplate": false, "count": 0, "lang": "en", "updated": 0}, {"id": "442853ee-ae15-4e46-8d97-ab66d82a9d8c", "data": [{"text": "Because the Earth's axis is tilted relative to its orbital plane, sunlight is incident at different angles at different times of the year.", "userDefined": false}], "isTemplate": false, "count": 0, "lang": "en", "updated": 0}, {"id": "b363b983-08cd-40f3-91de-83e64e687c1d", "data": [{"text": "On Earth's surface, temperatures usually range \u00b140 \u00b0C (\u221240 \u00b0F to 100 \u00b0F) annually.", "userDefined": false}], "isTemplate": false, "count": 0, "lang": "en", "updated": 0}, {"id": "95409323-1eb3-4a49-a657-c8170fdb4f0b", "data": [{"text": "Over thousands of years, changes in Earth's orbit affect the amount and distribution of solar energy received by the Earth and influence long-term climate and global climate change .", "userDefined": false}], "isTemplate": false, "count": 0, "lang": "en", "updated": 0}, {"id": "b6ce9a1a-90a7-4298-98cd-54a5fce347d2", "data": [{"text": "Surface temperature differences in turn cause pressure differences.", "userDefined": false}], "isTemplate": false, "count": 0, "lang": "en", "updated": 0}, {"id": "8fc5ae55-9731-4034-9b34-8e050d1a1a21", "data": [{"text": "Higher altitudes are cooler than lower altitudes due to differences in compressional heating.", "userDefined": false}], "isTemplate": false, "count": 0, "lang": "en", "updated": 0}, {"id": "3d4966a5-9cbd-449d-ba0d-259a3094090e", "data": [{"text": "Weather forecasting is the application of science and technology to predict the state of the atmosphere for a future time and a given location.", "userDefined": false}], "isTemplate": false, "count": 0, "lang": "en", "updated": 0}, {"id": "fb36dda5-0583-4007-bb03-7225fb2b3e0c", "data": [{"text": "The atmosphere is a chaotic system , so small changes to one part of the system can grow to have large effects on the system as a whole.", "userDefined": false}], "isTemplate": false, "count": 0, "lang": "en", "updated": 0}, {"id": "c49a69aa-c0a5-4f5f-b779-6844bf1b9f6f", "data": [{"text": "Human attempts to control the weather have occurred throughout human history, and there is evidence that human activity such as agriculture and industry has inadvertently modified weather patterns.", "userDefined": false}], "isTemplate": false, "count": 0, "lang": "en", "updated": 0}, {"id": "14779f4d-de55-45ec-9f60-1632ae5d08c6", "data": [{"text": "Studying how the weather works on other planets has been helpful in understanding how weather works on Earth.", "userDefined": false}], "isTemplate": false, "count": 0, "lang": "en", "updated": 0}]