[{"id": "cc880a88-5cad-4acc-9852-5425662aeb33", "data": [{"text": "right", "userDefined": false}], "isTemplate": false, "count": 0, "lang": "en", "updated": 0}, {"id": "548b495c-78f8-4dbd-80fc-a08b9b8b83d6", "data": [{"text": "Whole grains are cereal grains that contain cereal germ , endosperm , and bran , in contrast to refined grains , which retain only the endosperm.", "userDefined": false}], "isTemplate": false, "count": 0, "lang": "en", "updated": 0}, {"id": "3cd6817d-d850-41e3-82c1-ccc39e7970d5", "data": [{"text": "Common whole grains include:", "userDefined": false}], "isTemplate": false, "count": 0, "lang": "en", "updated": 0}, {"id": "293c8e5b-7ced-4e93-99c3-cb81136b7bb7", "data": [{"text": "Wheat", "userDefined": false}], "isTemplate": false, "count": 0, "lang": "en", "updated": 0}, {"id": "897209f6-d752-45a7-9370-8e8cf1d4d22d", "data": [{"text": "Oat", "userDefined": false}], "isTemplate": false, "count": 0, "lang": "en", "updated": 0}, {"id": "76d463bf-1641-4cb8-abf0-910847e12dc2", "data": [{"text": "Barley - Hulled and Dehulled (not Pearl)", "userDefined": false}], "isTemplate": false, "count": 0, "lang": "en", "updated": 0}, {"id": "b4fbe10c-9b1b-4f51-a3f0-2961eaadb1e4", "data": [{"text": "Maize", "userDefined": false}], "isTemplate": false, "count": 0, "lang": "en", "updated": 0}, {"id": "c15406e7-05ff-47fb-95a1-09293d851295", "data": [{"text": "Brown rice", "userDefined": false}], "isTemplate": false, "count": 0, "lang": "en", "updated": 0}, {"id": "55a44176-1ea8-428c-913c-005de5c5fedd", "data": [{"text": "Farro", "userDefined": false}], "isTemplate": false, "count": 0, "lang": "en", "updated": 0}, {"id": "a06dd195-43cb-448d-9b5f-aa8813a5eaaa", "data": [{"text": "Spelt", "userDefined": false}], "isTemplate": false, "count": 0, "lang": "en", "updated": 0}, {"id": "42d11ba2-aea7-46b0-a3be-6203e8dcc4e3", "data": [{"text": "Emmer", "userDefined": false}], "isTemplate": false, "count": 0, "lang": "en", "updated": 0}, {"id": "c3edc677-5bcd-46c7-8e20-778e7290d24b", "data": [{"text": "Einkorn", "userDefined": false}], "isTemplate": false, "count": 0, "lang": "en", "updated": 0}, {"id": "34c5087d-230e-49e8-be07-8296af83394a", "data": [{"text": "Kamut", "userDefined": false}], "isTemplate": false, "count": 0, "lang": "en", "updated": 0}, {"id": "5fccbc57-8802-4607-858d-16ab065fc237", "data": [{"text": "Rye", "userDefined": false}], "isTemplate": false, "count": 0, "lang": "en", "updated": 0}, {"id": "17a6d778-527c-459c-8070-dc797ef18b4e", "data": [{"text": "Millet", "userDefined": false}], "isTemplate": false, "count": 0, "lang": "en", "updated": 0}, {"id": "d6abb9d8-d297-4e7f-aa76-4678da210d95", "data": [{"text": "Quinoa", "userDefined": false}], "isTemplate": false, "count": 0, "lang": "en", "updated": 0}, {"id": "9a546cb5-a141-461e-9c8d-f1adad6a7e6d", "data": [{"text": "Amaranth", "userDefined": false}], "isTemplate": false, "count": 0, "lang": "en", "updated": 0}, {"id": "3f374153-5e2b-4560-b576-1238a024136b", "data": [{"text": "Triticale", "userDefined": false}], "isTemplate": false, "count": 0, "lang": "en", "updated": 0}, {"id": "561b0b86-0f3b-4464-952a-f83bc672fc61", "data": [{"text": "Teff", "userDefined": false}], "isTemplate": false, "count": 0, "lang": "en", "updated": 0}, {"id": "32795ba8-3f73-4d74-9951-3069849ba8d3", "data": [{"text": "Sprouted Grains", "userDefined": false}], "isTemplate": false, "count": 0, "lang": "en", "updated": 0}, {"id": "a2decd99-c7a1-4c66-b0a9-654edc0b2381", "data": [{"text": "Buckwheat", "userDefined": false}], "isTemplate": false, "count": 0, "lang": "en", "updated": 0}, {"id": "7c903674-1a8c-435c-8a52-a2db7034e72a", "data": [{"text": "Common whole grain products include:", "userDefined": false}], "isTemplate": false, "count": 0, "lang": "en", "updated": 0}, {"id": "5a82bb3c-0253-4d01-84e8-f8ee640c537c", "data": [{"text": "Whole wheat flour", "userDefined": false}], "isTemplate": false, "count": 0, "lang": "en", "updated": 0}, {"id": "6fe22ab0-0d42-4a0a-801e-cc965926e964", "data": [{"text": "Whole wheat Bread", "userDefined": false}], "isTemplate": false, "count": 0, "lang": "en", "updated": 0}]