[{"id": "dc005c68-6d70-4663-b9ae-3105ae8ed99c", "data": [{"text": "Sir Winston Leonard Spencer-Churchill, (30 November 1874 \u2013 24 January 1965) was a British politician who was the Prime Minister of the United Kingdom from 1940 to 1945 and again from 1951 to 1955.", "userDefined": false}], "isTemplate": false, "count": 0, "lang": "en", "updated": 0}, {"id": "41eab78d-2707-4366-a40b-246eaaddbbd5", "data": [{"text": "Widely regarded as one of the greatest wartime leaders of the 20th century, Churchill was also an officer in the British Army , a historian, a writer, and an artist.", "userDefined": false}], "isTemplate": false, "count": 0, "lang": "en", "updated": 0}, {"id": "5d05ca1a-8a6a-476f-a723-3ea5864f6b78", "data": [{"text": "He is the only British Prime Minister in history to have received the Nobel Prize in Literature , and was also the first person to be made an Honorary Citizen of the United States .", "userDefined": false}], "isTemplate": false, "count": 0, "lang": "en", "updated": 0}, {"id": "4afc9f73-c147-4572-b840-f500b98a74e9", "data": [{"text": "Churchill was born into an aristocratic family as the grandson of the 7th Duke of Marlborough .", "userDefined": false}], "isTemplate": false, "count": 0, "lang": "en", "updated": 0}, {"id": "d266dbdc-1e6e-41f8-9d8e-fb865186910e", "data": [{"text": "His father, Lord Randolph Churchill , was a charismatic politician who served as Chancellor of the Exchequer ; his mother, Jennie Jerome , was an American socialite.", "userDefined": false}], "isTemplate": false, "count": 0, "lang": "en", "updated": 0}, {"id": "8e1c1185-4ede-499a-89f4-f28dfc4a18b6", "data": [{"text": "As a young army officer, he saw action in British India , The Sudan , and the Second Boer War .", "userDefined": false}], "isTemplate": false, "count": 0, "lang": "en", "updated": 0}, {"id": "4ef2397a-c620-4841-b7ed-ff3bb0631807", "data": [{"text": "He gained fame as a war correspondent and wrote books about his campaigns.", "userDefined": false}], "isTemplate": false, "count": 0, "lang": "en", "updated": 0}, {"id": "23db3022-2107-47a2-ac60-652affbf300e", "data": [{"text": "At the forefront of politics for fifty years, he held many political and cabinet positions.", "userDefined": false}], "isTemplate": false, "count": 0, "lang": "en", "updated": 0}, {"id": "37d0e324-bd2d-4e16-8f6f-6aad78b6a56a", "data": [{"text": "Before the First World War, he served as President of the Board of Trade , Home Secretary , and First Lord of the Admiralty as part of the Asquith Liberal government .", "userDefined": false}], "isTemplate": false, "count": 0, "lang": "en", "updated": 0}, {"id": "65b6743d-c755-461b-9d17-a4ac8d8969a7", "data": [{"text": "During the war, he continued as First Lord of the Admiralty until the disastrous Gallipoli Campaign caused his departure from government.", "userDefined": false}], "isTemplate": false, "count": 0, "lang": "en", "updated": 0}, {"id": "dfcfc6c7-050e-44c2-866d-3e53da3179a8", "data": [{"text": "He then briefly resumed active army service on the Western Front as commander of the 6th Battalion of the Royal Scots Fusiliers .", "userDefined": false}], "isTemplate": false, "count": 0, "lang": "en", "updated": 0}, {"id": "9706db40-6567-41ee-8a7a-405b43626733", "data": [{"text": "He returned to government as Minister of Munitions , Secretary of State for War , and Secretary of State for Air .", "userDefined": false}], "isTemplate": false, "count": 0, "lang": "en", "updated": 0}, {"id": "49fbeeba-4143-4ec4-8a98-71d3b69f7cf2", "data": [{"text": "After the War, Churchill served as Chancellor of the Exchequer in the Conservative ( Baldwin ) government of 1924\u201329, controversially returning the pound sterling in 1925 to the gold standard at its pre-war parity, a move widely seen as creating deflationary pressure on the UK economy.", "userDefined": false}], "isTemplate": false, "count": 0, "lang": "en", "updated": 0}, {"id": "d3f8358b-2508-4457-b3f0-1b5183083afb", "data": [{"text": "Also controversial was his opposition to increased home rule for India and his resistance to the 1936 abdication of Edward VIII .", "userDefined": false}], "isTemplate": false, "count": 0, "lang": "en", "updated": 0}, {"id": "53bb1725-cf33-46e4-8bc6-0f00ab79327d", "data": [{"text": "Out of office and politically \"in the wilderness\" during the 1930s, Churchill took the lead in warning about Nazi Germany and in campaigning for rearmament.", "userDefined": false}], "isTemplate": false, "count": 0, "lang": "en", "updated": 0}, {"id": "4c745e12-b4fd-4920-b335-5cc9812b0309", "data": [{"text": "On the outbreak of the Second World War, he was again appointed First Lord of the Admiralty.", "userDefined": false}], "isTemplate": false, "count": 0, "lang": "en", "updated": 0}, {"id": "c0619946-69c9-4954-aae9-c7673eaed8ab", "data": [{"text": "Following the resignation of Neville Chamberlain on 10 May 1940, Churchill became Prime Minister.", "userDefined": false}], "isTemplate": false, "count": 0, "lang": "en", "updated": 0}, {"id": "069f3b36-4f38-4600-ad35-bb92780e51bb", "data": [{"text": "His steadfast refusal to consider defeat, surrender, or a compromise peace helped inspire British resistance, especially during the difficult early days of the War when Britain stood alone among European countries in its active opposition to Adolf Hitler .", "userDefined": false}], "isTemplate": false, "count": 0, "lang": "en", "updated": 0}, {"id": "8afdb4b5-cd52-476c-a8da-fa1fba062bb2", "data": [{"text": "Churchill was particularly noted for his speeches and radio broadcasts, which helped inspire the British people.", "userDefined": false}], "isTemplate": false, "count": 0, "lang": "en", "updated": 0}]