[{"id": "e6ac77d6-914e-4901-8005-9da3367e6daf", "data": [{"text": "World War I (WWI) was a global war centred in Europe that began on 28 July 1914 and lasted until 11 November 1918.", "userDefined": false}], "isTemplate": false, "count": 0, "lang": "en", "updated": 0}, {"id": "f025db3b-efe4-42f4-8e84-a79206efef32", "data": [{"text": "It was predominantly called the World War or the Great War from its occurrence until the start of World War II in 1939, and the First World War or World War I thereafter.", "userDefined": false}], "isTemplate": false, "count": 0, "lang": "en", "updated": 0}, {"id": "d485ea23-113c-4e63-961f-7f68227c0b60", "data": [{"text": "It involved all the world's great powers , which were assembled in two opposing alliances: the Allies (based on the Triple Entente of the United Kingdom , France and Russia ) and the Central Powers (originally the Triple Alliance of Germany, Austria-Hungary and Italy ; but, as Austria\u2013Hungary had taken the offensive against the agreement, Italy did not enter into the war).", "userDefined": false}], "isTemplate": false, "count": 0, "lang": "en", "updated": 0}, {"id": "c233be43-f00a-40bf-a755-dab167496f0c", "data": [{"text": "These alliances were both reorganised and expanded as more nations entered the war: Italy, Japan and the United States joined the Allies, and the Ottoman Empire and Bulgaria the Central Powers.", "userDefined": false}], "isTemplate": false, "count": 0, "lang": "en", "updated": 0}, {"id": "05e7e051-5a15-4ff9-ac59-6739b4118ae3", "data": [{"text": "Ultimately, more than 70 million military personnel, including 60 million Europeans, were mobilised in one of the largest wars in history.", "userDefined": false}], "isTemplate": false, "count": 0, "lang": "en", "updated": 0}, {"id": "e238f6ff-ed63-4e04-a3d0-e04b3b79934b", "data": [{"text": "More than 9 million combatants were killed , largely because of technological advancements that led to enormous increases in the lethality of weapons without corresponding improvements in protection or mobility.", "userDefined": false}], "isTemplate": false, "count": 0, "lang": "en", "updated": 0}, {"id": "c07f2f50-591e-4a91-8743-7bf57c1a9052", "data": [{"text": "It was the fifth- deadliest conflict in world history, subsequently paving the way for various political changes, such as revolutions in many of the nations involved.", "userDefined": false}], "isTemplate": false, "count": 0, "lang": "en", "updated": 0}, {"id": "2a7ffb4a-276e-4852-b946-6f17379f20bf", "data": [{"text": "One of the long-term causes of the war was the resurgence of imperialism in the foreign policies of the great powers of Europe.", "userDefined": false}], "isTemplate": false, "count": 0, "lang": "en", "updated": 0}, {"id": "aed5fb05-57ca-4c39-9c58-945bf1217cec", "data": [{"text": "More immediately, the assassination of Archduke Franz Ferdinand of Austria , the heir to the throne of Austria-Hungary, on 28 June 1914 by Yugoslav nationalist Gavrilo Princip in Sarajevo triggered a diplomatic crisis when Austria-Hungary subsequently delivered an ultimatum to the Kingdom of Serbia .", "userDefined": false}], "isTemplate": false, "count": 0, "lang": "en", "updated": 0}, {"id": "7c112c85-631e-4b23-9702-ac3c7b29718b", "data": [{"text": "Several alliances formed over the previous decades were invoked.", "userDefined": false}], "isTemplate": false, "count": 0, "lang": "en", "updated": 0}, {"id": "59b07e5f-9232-4daa-9b51-b93989990e73", "data": [{"text": "Within weeks, the major powers were at war and, via their colonies, the conflict soon spread around the world.", "userDefined": false}], "isTemplate": false, "count": 0, "lang": "en", "updated": 0}, {"id": "c11face0-5360-4430-a4ab-c4d67ab9f408", "data": [{"text": "On 28 July, the Austro-Hungarians fired the first shots of the war as preparation for the invasion of Serbia .", "userDefined": false}], "isTemplate": false, "count": 0, "lang": "en", "updated": 0}, {"id": "9cdc15f9-2092-4e2c-9f0c-1ec7108c67fe", "data": [{"text": "While the Russians mobilised, the Germans invaded neutral Belgium and Luxembourg on the way to France, providing a casus belli for Britain's declaration of war against Germany.", "userDefined": false}], "isTemplate": false, "count": 0, "lang": "en", "updated": 0}, {"id": "a8ba50a2-0bb3-41b6-8c85-ee9990c0301f", "data": [{"text": "After the German march on Paris was brought to a halt\u2014the so-called Miracle of the Marne \u2014the Western Front settled into a static battle of attrition with a trench line that changed little until 1917.", "userDefined": false}], "isTemplate": false, "count": 0, "lang": "en", "updated": 0}, {"id": "657f26ff-98e5-4ffe-b598-1e053d44d338", "data": [{"text": "On the Eastern Front , the Russian army was successful against the Austro-Hungarians, but was stopped in its invasion of East Prussia by the Germans.", "userDefined": false}], "isTemplate": false, "count": 0, "lang": "en", "updated": 0}, {"id": "40daff62-b851-4cc3-b275-d75b6f0477f5", "data": [{"text": "In November the Ottoman Empire joined the war, opening up fronts in the Caucasus, Mesopotamia and the Sinai.", "userDefined": false}], "isTemplate": false, "count": 0, "lang": "en", "updated": 0}, {"id": "c51c2f3f-1ac5-49bd-b05d-5676f113e45e", "data": [{"text": "Italy and Bulgaria went to war in 1915 and Romania in 1916.", "userDefined": false}], "isTemplate": false, "count": 0, "lang": "en", "updated": 0}, {"id": "2763b414-9d5c-42a1-bf17-9d2c97d430b8", "data": [{"text": "In Russia, the tsar's government collapsed in March 1917 and a subsequent revolution in November brought the Russians to terms with the Central Powers.", "userDefined": false}], "isTemplate": false, "count": 0, "lang": "en", "updated": 0}, {"id": "e27407f7-3707-4a7b-95e8-04b047a0d890", "data": [{"text": "After a 1918 German offensive along the western front, the Allies drove back the Germans in a series of successful offensives and American forces began entering the trenches.", "userDefined": false}], "isTemplate": false, "count": 0, "lang": "en", "updated": 0}, {"id": "5abace84-9e22-4c94-8237-785c0cb98100", "data": [{"text": "Germany, which had its own trouble with revolutionaries , agreed to an armistice on 11 November 1918.", "userDefined": false}], "isTemplate": false, "count": 0, "lang": "en", "updated": 0}, {"id": "25725433-9441-48e8-954c-d771ac312170", "data": [{"text": "The war ended in victory for the Allies.", "userDefined": false}], "isTemplate": false, "count": 0, "lang": "en", "updated": 0}, {"id": "2a1de1ed-ae13-46ff-9557-0e036d3eefa7", "data": [{"text": "Events on the home fronts were as tumultuous as on the battle fronts, as the participants tried to mobilize their manpower and economic resources to fight a total war .", "userDefined": false}], "isTemplate": false, "count": 0, "lang": "en", "updated": 0}]