[{"id": "0c74b868-2965-4116-a6ca-461d9d809f16", "data": [{"text": "World War II (WWII or WW2), also known as the Second World War, was a global war that lasted from 1939 to 1945.", "userDefined": false}], "isTemplate": false, "count": 0, "lang": "en", "updated": 0}, {"id": "747a0e89-9033-4fe6-ae2e-e4ad112df6b2", "data": [{"text": "It involved the vast majority of the world's nations \u2014including all of the great powers \u2014eventually forming two opposing military alliances : the Allies and the Axis .", "userDefined": false}], "isTemplate": false, "count": 0, "lang": "en", "updated": 0}, {"id": "327645ef-5b74-4b7e-a4a2-1efa822a7b0c", "data": [{"text": "It was the most widespread war in history, with more than 100 million people serving in military units from over 30 different countries.", "userDefined": false}], "isTemplate": false, "count": 0, "lang": "en", "updated": 0}, {"id": "73987722-644d-4cd6-8c64-424bb140a921", "data": [{"text": "In a state of \" total war \", the major participants placed their entire economic, industrial, and scientific capabilities at the service of the war effort, erasing the distinction between civilian and military resources.", "userDefined": false}], "isTemplate": false, "count": 0, "lang": "en", "updated": 0}, {"id": "a4141807-0084-49e9-9f17-538fa2d8f2a1", "data": [{"text": "Marked by mass deaths of civilians, including the Holocaust and the only use of nuclear weapons in warfare , it resulted in 50 million to over 75 million fatalities .", "userDefined": false}], "isTemplate": false, "count": 0, "lang": "en", "updated": 0}, {"id": "b8aa0177-5ecf-46b8-891e-51ca45f2f50f", "data": [{"text": "These deaths make World War II by far the deadliest conflict in human history .", "userDefined": false}], "isTemplate": false, "count": 0, "lang": "en", "updated": 0}, {"id": "6d698806-78e2-4ea0-9988-47657842b57b", "data": [{"text": "The Empire of Japan aimed to dominate East Asia and was already at war with the Republic of China in 1937, but the world war is generally said to have begun on 1 September 1939 with the invasion of Poland by Germany and subsequent declarations of war on Germany by France and Britain .", "userDefined": false}], "isTemplate": false, "count": 0, "lang": "en", "updated": 0}, {"id": "a9db7b6a-4357-4fb1-bfbd-4a12774df464", "data": [{"text": "From late 1939 to early 1941, in a series of campaigns and treaties , Germany formed the Axis alliance with Italy , conquering or subduing much of continental Europe.", "userDefined": false}], "isTemplate": false, "count": 0, "lang": "en", "updated": 0}, {"id": "af4cbf54-fce9-4b3f-9774-75ff1f7e31f3", "data": [{"text": "Following the Molotov\u2013Ribbentrop Pact , Germany and the Soviet Union partitioned and annexed territories between themselves of their European neighbours, including Poland .", "userDefined": false}], "isTemplate": false, "count": 0, "lang": "en", "updated": 0}, {"id": "eb3c2c9a-b7f7-4e3b-a56f-5d1ccc294f05", "data": [{"text": "The United Kingdom and the other members of the British Commonwealth were the only major Allied forces continuing the fight against the Axis, with battles taking place in North Africa as well as the long-running Battle of the Atlantic .", "userDefined": false}], "isTemplate": false, "count": 0, "lang": "en", "updated": 0}, {"id": "5a968ce3-95f8-474b-aaf3-6622eed399e0", "data": [{"text": "In June 1941, the European Axis launched an invasion of the Soviet Union , giving a start to the largest land theatre of war in history , which tied down the major part of the Axis' military forces for the rest of the war.", "userDefined": false}], "isTemplate": false, "count": 0, "lang": "en", "updated": 0}, {"id": "cae379c9-3a54-45da-98d5-aa6b71d02d32", "data": [{"text": "In December 1941, Japan joined the Axis, attacked the United States and European territories in the Pacific Ocean , and quickly conquered much of the Western Pacific.", "userDefined": false}], "isTemplate": false, "count": 0, "lang": "en", "updated": 0}, {"id": "690bd1d8-0e8f-41fd-a3c9-06b573886ed4", "data": [{"text": "The Axis advance was stopped in 1942, after Japan lost a series of naval battles and European Axis troops were defeated in North Africa and, decisively, at Stalingrad .", "userDefined": false}], "isTemplate": false, "count": 0, "lang": "en", "updated": 0}, {"id": "6383b025-d89a-4ca5-8af4-4b07d53d8a56", "data": [{"text": "In 1943, with a series of German defeats in Eastern Europe , the Allied invasion of Italy, and American victories in the Pacific, the Axis lost the initiative and undertook strategic retreat on all fronts.", "userDefined": false}], "isTemplate": false, "count": 0, "lang": "en", "updated": 0}, {"id": "1468c30b-b655-48fa-b471-494f72bedd44", "data": [{"text": "In 1944, the Western Allies invaded France , while the Soviet Union regained all of its territorial losses and invaded Germany and its allies.", "userDefined": false}], "isTemplate": false, "count": 0, "lang": "en", "updated": 0}, {"id": "09350f6e-4a0b-4287-8e48-2a5091aae2c1", "data": [{"text": "During 1944 and 1945 the United States defeated the Japanese Navy and captured key Western Pacific islands.", "userDefined": false}], "isTemplate": false, "count": 0, "lang": "en", "updated": 0}, {"id": "413a0c21-6475-46d2-bb34-5e03589e4a5d", "data": [{"text": "The war in Europe ended with the capture of Berlin by Soviet and Polish troops and the subsequent German unconditional surrender on 8 May 1945 .", "userDefined": false}], "isTemplate": false, "count": 0, "lang": "en", "updated": 0}, {"id": "3b33f449-49fb-4b1c-a782-59234e69c95a", "data": [{"text": "Following the Potsdam Declaration by the Allies on 26 July 1945, the United States dropped atomic bombs on the Japanese cities of Hiroshima on 6 August, and Nagasaki on 9 August.", "userDefined": false}], "isTemplate": false, "count": 0, "lang": "en", "updated": 0}, {"id": "7a691398-00d3-460f-a1d0-091f24c04d55", "data": [{"text": "With an invasion of the Japanese archipelago imminent, and the Soviet Union having declared war on Japan by invading Manchuria , Japan surrendered on 15 August 1945, ending the war in Asia and cementing the total victory of the Allies over the Axis.", "userDefined": false}], "isTemplate": false, "count": 0, "lang": "en", "updated": 0}, {"id": "afe0f1df-1428-48cc-a9e7-b8dd307cb272", "data": [{"text": "World War II altered the political alignment and social structure of the world.", "userDefined": false}], "isTemplate": false, "count": 0, "lang": "en", "updated": 0}, {"id": "5a94ad44-360f-496c-9664-2702e419814c", "data": [{"text": "The United Nations (UN) was established to foster international cooperation and prevent future conflicts.", "userDefined": false}], "isTemplate": false, "count": 0, "lang": "en", "updated": 0}]