{"name": "Antibody", "identifier": "9UA9ALDXAJ", "description": null, "parentIntentSignature": null, "sampleUtterances": [{"utterance": "Each antibody binds to a specific antigen ; an interaction similar to a lock and key."}, {"utterance": "An antibody (Ab), also known as an immunoglobulin (Ig), is a large Y-shaped protein produced by B-cells that is used by the immune system to identify and neutralize foreign objects such as bacteria and viruses ."}, {"utterance": "The antibody recognizes a unique part of the foreign target, called an antigen ."}, {"utterance": "Each tip of the \"Y\" of an antibody contains a paratope (a structure analogous to a lock) that is specific for one particular epitope (similarly analogous to a key) on an antigen, allowing these two structures to bind together with precision."}, {"utterance": "Using this binding mechanism, an antibody can tag a microbe or an infected cell for attack by other parts of the immune system, or can neutralize its target directly (for example, by blocking a part of a microbe that is essential for its invasion and survival)."}, {"utterance": "The production of antibodies is the main function of the humoral immune system ."}, {"utterance": "Antibodies are secreted by a type of white blood cell called a plasma cell ."}, {"utterance": "Antibodies can occur in two physical forms, a soluble form that is secreted from the cell, and a membrane -bound form that is attached to the surface of a B cell and is referred to as the B cell receptor (BCR)."}, {"utterance": "The BCR is only found on the surface of B cells and facilitates the activation of these cells and their subsequent differentiation into either antibody factories called plasma cells , or memory B cells that will survive in the body and remember that same antigen so the B cells can respond faster upon future exposure."}, {"utterance": "In most cases, interaction of the B cell with a T helper cell is necessary to produce full activation of the B cell and, therefore, antibody generation following antigen binding."}, {"utterance": "Soluble antibodies are released into the blood and tissue fluids, as well as many secretions to continue to survey for invading microorganisms."}, {"utterance": "Antibodies are glycoproteins belonging to the immunoglobulin superfamily ; the terms antibody and immunoglobulin are often used interchangeably."}, {"utterance": "Antibodies are typically made of basic structural units\u2014each with two large heavy chains and two small light chains ."}, {"utterance": "There are several different types of antibody heavy chains, and several different kinds of antibodies, which are grouped into different isotypes based on which heavy chain they possess."}, {"utterance": "Five different antibody isotypes are known in mammals, which perform different roles, and help direct the appropriate immune response for each different type of foreign object they encounter."}, {"utterance": "Though the general structure of all antibodies is very similar, a small region at the tip of the protein is extremely variable, allowing millions of antibodies with slightly different tip structures, or antigen binding sites, to exist."}, {"utterance": "This region is known as the hypervariable region."}, {"utterance": "Each of these variants can bind to a different antigen."}], "intentConfirmationSetting": null, "intentClosingSetting": {"isActive": true, "closingResponse": {"allowInterrupt": true, "messageGroupsList": [{"message": {"imageResponseCard": null, "ssmlMessage": null, "customPayload": null, "plainTextMessage": {"value": "Intent Received: Antibody"}}, "variations": null}]}, "nextStep": {"intent": {"name": null, "slots": null}, "dialogAction": {"type": "EndConversation", "suppressNextMessage": null, "slotToElicit": null}, "sessionAttributes": null}}, "initialResponseSetting": {"initialResponse": null, "codeHook": null, "conditional": null, "nextStep": {"intent": {"name": null, "slots": null}, "dialogAction": {"type": "CloseIntent", "suppressNextMessage": null, "slotToElicit": null}, "sessionAttributes": null}}, "inputContexts": null, "outputContexts": null, "kendraConfiguration": null, "dialogCodeHook": null, "fulfillmentCodeHook": null, "slotPriorities": []}