{"name": "Muhammad", "identifier": "9UA9ALDXAJ", "description": null, "parentIntentSignature": null, "sampleUtterances": [{"utterance": "Ab\u016b al-Q\u0101sim Mu\u1e25ammad ibn \u02bfAbd All\u0101h ibn \u02bfAbd al-Mu\u1e6d\u1e6dalib ibn H\u0101shim () ( circa| 570 \u2013 circa| 8 June 632), also transliterated as Muhammad (), was a religious, political, and military leader from Mecca who unified Arabia into a single religious polity under Islam ."}, {"utterance": "He is believed by Muslims and Bah\u00e1'\u00eds to be a messenger and prophet of God ."}, {"utterance": "Muhammad is almost universally considered by Muslims as the last prophet sent by God for mankind."}, {"utterance": "Non-Muslims regard Muhammad as the founder of Islam."}, {"utterance": "Muslims consider him to be the restorer of an unaltered original monotheistic faith of Adam , Noah , Abraham , Moses , Jesus , and other prophets ."}, {"utterance": "Born in about 570 CE in the Arabian city of Mecca , he was orphaned at an early age and brought up under the care of his uncle Abu Talib ."}, {"utterance": "He later worked mostly as a merchant, as well as a shepherd, and was first married by age 25."}, {"utterance": "Being in the habit of periodically retreating to a cave in the surrounding mountains for several nights of seclusion and prayer, he later reported that it was there, at age 40, that he received his first revelation from God."}, {"utterance": "Three years after this event Muhammad started preaching these revelations publicly, proclaiming that \" God is One \", that complete \"surrender\" to Him (lit."}, {"utterance": "isl\u0101m ) is the only way ( d\u012bn ) acceptable to God, and that he himself was a prophet and messenger of God, in the same vein as other Islamic prophets ."}, {"utterance": "Muhammad gained few followers early on, and was met with hostility from some Meccan tribes ; he and his followers were treated harshly."}, {"utterance": "To escape persecution, Muhammad sent some of his followers to Abyssinia before he and his followers in Mecca migrated to Medina (then known as Yathrib) in the year 622."}, {"utterance": "This event, the Hijra , marks the beginning of the Islamic calendar , which is also known as the Hijri Calendar."}, {"utterance": "In Medina, Muhammad united the tribes under the Constitution of Medina ."}, {"utterance": "After eight years of fighting with the Meccan tribes, his followers, who by then had grown to 10,000, took control of Mecca in the largely peaceful Conquest of Mecca ."}, {"utterance": "He destroyed the pagan idols in the city and then sent his followers out to destroy all of the remaining pagan temples in Eastern Arabia."}, {"utterance": "In 632, a few months after returning to Medina from The Farewell Pilgrimage , Muhammad fell ill and died."}, {"utterance": "By the time of his death, most of the Arabian Peninsula had converted to Islam , and he had united Arabia into a single Muslim religious polity ."}], "intentConfirmationSetting": null, "intentClosingSetting": {"isActive": true, "closingResponse": {"allowInterrupt": true, "messageGroupsList": [{"message": {"imageResponseCard": null, "ssmlMessage": null, "customPayload": null, "plainTextMessage": {"value": "Intent Received: Muhammad"}}, "variations": null}]}, "nextStep": {"intent": {"name": null, "slots": null}, "dialogAction": {"type": "EndConversation", "suppressNextMessage": null, "slotToElicit": null}, "sessionAttributes": null}}, "initialResponseSetting": {"initialResponse": null, "codeHook": null, "conditional": null, "nextStep": {"intent": {"name": null, "slots": null}, "dialogAction": {"type": "CloseIntent", "suppressNextMessage": null, "slotToElicit": null}, "sessionAttributes": null}}, "inputContexts": null, "outputContexts": null, "kendraConfiguration": null, "dialogCodeHook": null, "fulfillmentCodeHook": null, "slotPriorities": []}