{"name": "Liquid-crystal_display", "identifier": "9UA9ALDXAJ", "description": null, "parentIntentSignature": null, "sampleUtterances": [{"utterance": "Reflective twisted nematic liquid crystal display."}, {"utterance": "Polarizing filter film with a vertical axis to polarize light as it enters."}, {"utterance": "Glass substrate with ITO electrodes ."}, {"utterance": "The shapes of these electrodes will determine the shapes that will appear when the LCD is turned ON."}, {"utterance": "Vertical ridges etched on the surface are smooth."}, {"utterance": "Twisted nematic liquid crystal."}, {"utterance": "Glass substrate with common electrode film (ITO) with horizontal ridges to line up with the horizontal filter."}, {"utterance": "Polarizing filter film with a horizontal axis to block/pass light."}, {"utterance": "Reflective surface to send light back to viewer."}, {"utterance": "(In a backlit LCD, this layer is replaced with a light source.)"}, {"utterance": "A liquid-crystal display (LCD) is a flat panel display , electronic visual display , or video display that uses the light modulating properties of liquid crystals ."}, {"utterance": "Liquid crystals do not emit light directly."}, {"utterance": "LCDs are available to display arbitrary images (as in a general-purpose computer display) or fixed images which can be displayed or hidden, such as preset words, digits, and 7-segment displays as in a digital clock ."}, {"utterance": "They use the same basic technology, except that arbitrary images are made up of a large number of small pixels , while other displays have larger elements."}, {"utterance": "LCDs are used in a wide range of applications including computer monitors , televisions , instrument panels , aircraft cockpit displays , and signage."}, {"utterance": "They are common in consumer devices such as video players, gaming devices, clocks , watches , calculators , and telephones , and have replaced cathode ray tube (CRT) displays in most applications."}, {"utterance": "They are available in a wider range of screen sizes than CRT and plasma displays , and since they do not use phosphors, they do not suffer image burn-in ."}, {"utterance": "LCDs are, however, susceptible to image persistence ."}], "intentConfirmationSetting": null, "intentClosingSetting": {"isActive": true, "closingResponse": {"allowInterrupt": true, "messageGroupsList": [{"message": {"imageResponseCard": null, "ssmlMessage": null, "customPayload": null, "plainTextMessage": {"value": "Intent Received: Liquid-crystal_display"}}, "variations": null}]}, "nextStep": {"intent": {"name": null, "slots": null}, "dialogAction": {"type": "EndConversation", "suppressNextMessage": null, "slotToElicit": null}, "sessionAttributes": null}}, "initialResponseSetting": {"initialResponse": null, "codeHook": null, "conditional": null, "nextStep": {"intent": {"name": null, "slots": null}, "dialogAction": {"type": "CloseIntent", "suppressNextMessage": null, "slotToElicit": null}, "sessionAttributes": null}}, "inputContexts": null, "outputContexts": null, "kendraConfiguration": null, "dialogCodeHook": null, "fulfillmentCodeHook": null, "slotPriorities": []}