{"name": "Cheese", "identifier": "9UA9ALDXAJ", "description": null, "parentIntentSignature": null, "sampleUtterances": [{"utterance": "A platter with cheese and garnishes"}, {"utterance": "Wheels of Gouda"}, {"utterance": "Cheese is a generic term for a diverse group of milk-based food products."}, {"utterance": "Cheese is produced in wide-ranging flavors, textures, and forms."}, {"utterance": "Cheese consists of proteins and fat from milk , usually the milk of cows , buffalo , goats , or sheep ."}, {"utterance": "It is produced by coagulation of the milk protein casein ."}, {"utterance": "Typically, the milk is acidified and addition of the enzyme rennet causes coagulation."}, {"utterance": "The solids are separated and pressed into final form."}, {"utterance": "Some cheeses have molds on the rind or throughout."}, {"utterance": "Most cheeses melt at cooking temperature."}, {"utterance": "Hundreds of types of cheese from various countries are produced."}, {"utterance": "Their styles, textures and flavors depend on the origin of the milk (including the animal's diet), whether they have been pasteurized , the butterfat content, the bacteria and mold, the processing, and aging."}, {"utterance": "Herbs , spices , or wood smoke may be used as flavoring agents."}, {"utterance": "The yellow to red color of many cheeses, such as Red Leicester , is normally formed from adding annatto ."}, {"utterance": "For a few cheeses, the milk is curdled by adding acids such as vinegar or lemon juice ."}, {"utterance": "Most cheeses are acidified to a lesser degree by bacteria, which turn milk sugars into lactic acid , then the addition of rennet completes the curdling."}, {"utterance": "Vegetarian alternatives to rennet are available; most are produced by fermentation of the fungus Mucor miehei, but others have been extracted from various species of the Cynara thistle family."}, {"utterance": "Cheese is valued for its portability, long life, and high content of fat , protein , calcium , and phosphorus ."}, {"utterance": "Cheese is more compact and has a longer shelf life than milk, although how long a cheese will keep may depend on the type of cheese; labels on packets of cheese often claim that a cheese should be consumed within three to five days of opening."}, {"utterance": "Generally speaking, hard cheeses last longer than soft cheeses, such as Brie or goat's milk cheese."}, {"utterance": "Cheesemakers near a dairy region may benefit from fresher, lower-priced milk, and lower shipping costs."}], "intentConfirmationSetting": null, "intentClosingSetting": {"isActive": true, "closingResponse": {"allowInterrupt": true, "messageGroupsList": [{"message": {"imageResponseCard": null, "ssmlMessage": null, "customPayload": null, "plainTextMessage": {"value": "Intent Received: Cheese"}}, "variations": null}]}, "nextStep": {"intent": {"name": null, "slots": null}, "dialogAction": {"type": "EndConversation", "suppressNextMessage": null, "slotToElicit": null}, "sessionAttributes": null}}, "initialResponseSetting": {"initialResponse": null, "codeHook": null, "conditional": null, "nextStep": {"intent": {"name": null, "slots": null}, "dialogAction": {"type": "CloseIntent", "suppressNextMessage": null, "slotToElicit": null}, "sessionAttributes": null}}, "inputContexts": null, "outputContexts": null, "kendraConfiguration": null, "dialogCodeHook": null, "fulfillmentCodeHook": null, "slotPriorities": []}