{"name": "Winston_Churchill", "identifier": "9UA9ALDXAJ", "description": null, "parentIntentSignature": null, "sampleUtterances": [{"utterance": "Sir Winston Leonard Spencer-Churchill, (30 November 1874 \u2013 24 January 1965) was a British politician who was the Prime Minister of the United Kingdom from 1940 to 1945 and again from 1951 to 1955."}, {"utterance": "Widely regarded as one of the greatest wartime leaders of the 20th century, Churchill was also an officer in the British Army , a historian, a writer, and an artist."}, {"utterance": "He is the only British Prime Minister in history to have received the Nobel Prize in Literature , and was also the first person to be made an Honorary Citizen of the United States ."}, {"utterance": "Churchill was born into an aristocratic family as the grandson of the 7th Duke of Marlborough ."}, {"utterance": "His father, Lord Randolph Churchill , was a charismatic politician who served as Chancellor of the Exchequer ; his mother, Jennie Jerome , was an American socialite."}, {"utterance": "As a young army officer, he saw action in British India , The Sudan , and the Second Boer War ."}, {"utterance": "He gained fame as a war correspondent and wrote books about his campaigns."}, {"utterance": "At the forefront of politics for fifty years, he held many political and cabinet positions."}, {"utterance": "Before the First World War, he served as President of the Board of Trade , Home Secretary , and First Lord of the Admiralty as part of the Asquith Liberal government ."}, {"utterance": "During the war, he continued as First Lord of the Admiralty until the disastrous Gallipoli Campaign caused his departure from government."}, {"utterance": "He then briefly resumed active army service on the Western Front as commander of the 6th Battalion of the Royal Scots Fusiliers ."}, {"utterance": "He returned to government as Minister of Munitions , Secretary of State for War , and Secretary of State for Air ."}, {"utterance": "After the War, Churchill served as Chancellor of the Exchequer in the Conservative ( Baldwin ) government of 1924\u201329, controversially returning the pound sterling in 1925 to the gold standard at its pre-war parity, a move widely seen as creating deflationary pressure on the UK economy."}, {"utterance": "Also controversial was his opposition to increased home rule for India and his resistance to the 1936 abdication of Edward VIII ."}, {"utterance": "Out of office and politically \"in the wilderness\" during the 1930s, Churchill took the lead in warning about Nazi Germany and in campaigning for rearmament."}, {"utterance": "On the outbreak of the Second World War, he was again appointed First Lord of the Admiralty."}, {"utterance": "Following the resignation of Neville Chamberlain on 10 May 1940, Churchill became Prime Minister."}, {"utterance": "His steadfast refusal to consider defeat, surrender, or a compromise peace helped inspire British resistance, especially during the difficult early days of the War when Britain stood alone among European countries in its active opposition to Adolf Hitler ."}, {"utterance": "Churchill was particularly noted for his speeches and radio broadcasts, which helped inspire the British people."}], "intentConfirmationSetting": null, "intentClosingSetting": {"isActive": true, "closingResponse": {"allowInterrupt": true, "messageGroupsList": [{"message": {"imageResponseCard": null, "ssmlMessage": null, "customPayload": null, "plainTextMessage": {"value": "Intent Received: Winston_Churchill"}}, "variations": null}]}, "nextStep": {"intent": {"name": null, "slots": null}, "dialogAction": {"type": "EndConversation", "suppressNextMessage": null, "slotToElicit": null}, "sessionAttributes": null}}, "initialResponseSetting": {"initialResponse": null, "codeHook": null, "conditional": null, "nextStep": {"intent": {"name": null, "slots": null}, "dialogAction": {"type": "CloseIntent", "suppressNextMessage": null, "slotToElicit": null}, "sessionAttributes": null}}, "inputContexts": null, "outputContexts": null, "kendraConfiguration": null, "dialogCodeHook": null, "fulfillmentCodeHook": null, "slotPriorities": []}