{"name": "Sic", "identifier": "9UA9ALDXAJ", "description": null, "parentIntentSignature": null, "sampleUtterances": [{"utterance": "is a Latin word that means \"thus\" or, in writing, \"it was thus in the source material\"."}, {"utterance": "Sic may also refer to:"}, {"utterance": "Sic, Cluj , a commune in Romania"}, {"utterance": "SIC, the regional code for Sicily"}, {"utterance": "Sic (noise artist) , styled as [sic], stage name of Jennifer Morris, a Canadian noise artist"}, {"utterance": "Sic (band) is a modern Hardcore/Thrash metal band from Torshavn, the capital of the Faroe Islands"}, {"utterance": "\"(sic)\", a song by American band Slipknot on the album Slipknot"}, {"utterance": "SIC, the initial of Marco Simoncelli ."}, {"utterance": "SIC as an acronym may stand for:"}, {"utterance": "SiC, Silicon carbide , a semiconducting material, also used to make metalworking tools"}, {"utterance": "SIC (cyclecar) (Societ\u00e0 Italiana Cyclecars)"}, {"utterance": "Standard Industrial Classification , a 20th-century U.S. system for classifying industries"}, {"utterance": "International Standard Industrial Classification a UN system for economic activities"}, {"utterance": "Shetland Islands Council"}, {"utterance": "the Swiss Interbank Clearing system"}, {"utterance": "San Isidro Club , an Argentine rugby union club"}, {"utterance": "Standing Interpretation Committee, a committee dedicated to the interpretation of international accounting standards IFRS"}, {"utterance": "Schwarz information criterion in the field of statistics"}, {"utterance": "Second-in-command in the field of aviation"}, {"utterance": "Sistema Interconectado Central power grid in Chile"}, {"utterance": "Sociedade Independente de Comunica\u00e7\u00e3o (SIC), a television channel in Portugal"}, {"utterance": "Sea Isle City, New Jersey , a coastal town in the United States"}, {"utterance": "Segmented Integer Counter mode, a mode of operation in cryptography"}, {"utterance": "Sepang International Circuit , a high-end racetrack that hosts the Malaysian round of Formula 1"}], "intentConfirmationSetting": null, "intentClosingSetting": {"isActive": true, "closingResponse": {"allowInterrupt": true, "messageGroupsList": [{"message": {"imageResponseCard": null, "ssmlMessage": null, "customPayload": null, "plainTextMessage": {"value": "Intent Received: Sic"}}, "variations": null}]}, "nextStep": {"intent": {"name": null, "slots": null}, "dialogAction": {"type": "EndConversation", "suppressNextMessage": null, "slotToElicit": null}, "sessionAttributes": null}}, "initialResponseSetting": {"initialResponse": null, "codeHook": null, "conditional": null, "nextStep": {"intent": {"name": null, "slots": null}, "dialogAction": {"type": "CloseIntent", "suppressNextMessage": null, "slotToElicit": null}, "sessionAttributes": null}}, "inputContexts": null, "outputContexts": null, "kendraConfiguration": null, "dialogCodeHook": null, "fulfillmentCodeHook": null, "slotPriorities": []}